<?xml version="1.0" encoding="UTF-8"?>
<kml xmlns="http://www.opengis.net/kml/2.2">

<Document>

  <name>NIFC Current Wildfire Incidents</name>

  <description>
    NIFC / WFIGS current wildfire incident points.
    Generated 2026-08-18T02:46:25.195642+00:00.
  </description>

  <Style id="wildfireIncident">

    <IconStyle>

      <scale>1.1</scale>

      <Icon>

        <href>
          https://maps.google.com/mapfiles/kml/shapes/firedept.png
        </href>

      </Icon>

    </IconStyle>

    <LabelStyle>
      <scale>0.85</scale>
    </LabelStyle>

  </Style>

  <Folder>

    <name>🔥 Current Wildfires</name>


    <Placemark>
      <name>🔥 Mt Barnes</name>

      <styleUrl>#wildfireIncident</styleUrl>

      <description><![CDATA[
<b>Mt Barnes</b><br>
Source: NIFC / WFIGS<br>
Type: WF<br>
Acres: 0.5<br>
Cause: Undetermined<br>
Discovery: 1786733459000<br>
IRWIN ID: 79e25319-71c5-4ada-bee1-672d98da3a40
      ]]></description>

      <Point>
        <coordinates>-123.553633,47.7636670000001,0</coordinates>
      </Point>

    </Placemark>

    <Placemark>
      <name>🔥 Swamp Creek</name>

      <styleUrl>#wildfireIncident</styleUrl>

      <description><![CDATA[
<b>Swamp Creek</b><br>
Source: NIFC / WFIGS<br>
Type: WF<br>
Acres: 4<br>
Contained: 0%<br>
Cause: Undetermined<br>
Discovery: 1782413100000<br>
IRWIN ID: df61072e-a656-4e3d-b681-cf66533c7879
      ]]></description>

      <Point>
        <coordinates>-121.188133,48.480533,0</coordinates>
      </Point>

    </Placemark>

    <Placemark>
      <name>🔥 52</name>

      <styleUrl>#wildfireIncident</styleUrl>

      <description><![CDATA[
<b>52</b><br>
Source: NIFC / WFIGS<br>
Type: WF<br>
Discovery: 1787010900000<br>
IRWIN ID: d157c5b8-7249-4ea3-87f6-46dcbedfbc5c
      ]]></description>

      <Point>
        <coordinates>-117.1280867,32.8430983000001,0</coordinates>
      </Point>

    </Placemark>

    <Placemark>
      <name>🔥 LAC-288908</name>

      <styleUrl>#wildfireIncident</styleUrl>

      <description><![CDATA[
<b>LAC-288908</b><br>
Source: NIFC / WFIGS<br>
Type: WF<br>
Acres: 0.01<br>
Cause: Undetermined<br>
Discovery: 1786794120000<br>
IRWIN ID: e8c0ac3b-7394-481e-9469-4974b1d75b2b
      ]]></description>

      <Point>
        <coordinates>-118.23906,33.92717,0</coordinates>
      </Point>

    </Placemark>

    <Placemark>
      <name>🔥 Anthony</name>

      <styleUrl>#wildfireIncident</styleUrl>

      <description><![CDATA[
<b>Anthony</b><br>
Source: NIFC / WFIGS<br>
Type: WF<br>
Acres: 2584<br>
Contained: 89%<br>
Cause: Natural<br>
Discovery: 1783534440000<br>
IRWIN ID: 5a533167-5d8e-48d7-9e94-d3658afd753b
      ]]></description>

      <Point>
        <coordinates>-118.200333,44.9918670000001,0</coordinates>
      </Point>

    </Placemark>

    <Placemark>
      <name>🔥 WISHON</name>

      <styleUrl>#wildfireIncident</styleUrl>

      <description><![CDATA[
<b>WISHON</b><br>
Source: NIFC / WFIGS<br>
Type: WF<br>
Acres: 1<br>
Cause: Undetermined<br>
Discovery: 1786831614000<br>
IRWIN ID: b9b8d78c-04af-47e2-8c72-984314e1643b
      ]]></description>

      <Point>
        <coordinates>-118.9715,37.0245,0</coordinates>
      </Point>

    </Placemark>

    <Placemark>
      <name>🔥 0445 CROSSWHITE</name>

      <styleUrl>#wildfireIncident</styleUrl>

      <description><![CDATA[
<b>0445 CROSSWHITE</b><br>
Source: NIFC / WFIGS<br>
Type: WF<br>
Acres: 344916<br>
Contained: 87%<br>
Cause: Natural<br>
Discovery: 1784163114000<br>
IRWIN ID: 1b0219ee-5298-4fef-9927-c2666d9d53fc
      ]]></description>

      <Point>
        <coordinates>-120.199167,44.8033330000001,0</coordinates>
      </Point>

    </Placemark>

    <Placemark>
      <name>🔥 Sand Creek</name>

      <styleUrl>#wildfireIncident</styleUrl>

      <description><![CDATA[
<b>Sand Creek</b><br>
Source: NIFC / WFIGS<br>
Type: WF<br>
Acres: 31652<br>
Contained: 1%<br>
Cause: Undetermined<br>
Discovery: 1785612672000<br>
IRWIN ID: 84fd3d7e-6b04-49cd-a729-ed3178a49c42
      ]]></description>

      <Point>
        <coordinates>-113.325667,45.5546670000001,0</coordinates>
      </Point>

    </Placemark>

    <Placemark>
      <name>🔥 BARBER ROAD</name>

      <styleUrl>#wildfireIncident</styleUrl>

      <description><![CDATA[
<b>BARBER ROAD</b><br>
Source: NIFC / WFIGS<br>
Type: WF<br>
Acres: 0.2<br>
Cause: Natural<br>
Discovery: 1786991642000<br>
IRWIN ID: 6150721c-6a92-4267-8467-9df4bd4cda16
      ]]></description>

      <Point>
        <coordinates>-120.9048,46.9834500000001,0</coordinates>
      </Point>

    </Placemark>

    <Placemark>
      <name>🔥 VICTOR</name>

      <styleUrl>#wildfireIncident</styleUrl>

      <description><![CDATA[
<b>VICTOR</b><br>
Source: NIFC / WFIGS<br>
Type: WF<br>
Acres: 0.1<br>
Cause: Undetermined<br>
Discovery: 1786849326000<br>
IRWIN ID: 68ed65f8-00be-4d65-b1ab-414366093f64
      ]]></description>

      <Point>
        <coordinates>-118.393437,34.3593220000001,0</coordinates>
      </Point>

    </Placemark>

    <Placemark>
      <name>🔥 0456</name>

      <styleUrl>#wildfireIncident</styleUrl>

      <description><![CDATA[
<b>0456</b><br>
Source: NIFC / WFIGS<br>
Type: WF<br>
Acres: 25<br>
Contained: 100%<br>
Cause: Natural<br>
Discovery: 1784167476000<br>
IRWIN ID: c953057c-5469-4b86-ac90-d6d9dada831f
      ]]></description>

      <Point>
        <coordinates>-120.511717,45.2107500000001,0</coordinates>
      </Point>

    </Placemark>

    <Placemark>
      <name>🔥 Magnum</name>

      <styleUrl>#wildfireIncident</styleUrl>

      <description><![CDATA[
<b>Magnum</b><br>
Source: NIFC / WFIGS<br>
Type: WF<br>
Acres: 2.5<br>
Cause: Natural<br>
Discovery: 1784768160000<br>
IRWIN ID: 6701a071-0081-4754-9d54-50ba59dc3845
      ]]></description>

      <Point>
        <coordinates>-122.571583,43.124967,0</coordinates>
      </Point>

    </Placemark>

    <Placemark>
      <name>🔥 HAT</name>

      <styleUrl>#wildfireIncident</styleUrl>

      <description><![CDATA[
<b>HAT</b><br>
Source: NIFC / WFIGS<br>
Type: WF<br>
Acres: 42122<br>
Contained: 100%<br>
Cause: Natural<br>
Discovery: 1784930187000<br>
IRWIN ID: 6ec9b302-bf0c-4c29-b200-9e9f562aa2fb
      ]]></description>

      <Point>
        <coordinates>-118.1498,43.2746670000001,0</coordinates>
      </Point>

    </Placemark>

    <Placemark>
      <name>🔥 Newton</name>

      <styleUrl>#wildfireIncident</styleUrl>

      <description><![CDATA[
<b>Newton</b><br>
Source: NIFC / WFIGS<br>
Type: WF<br>
Acres: 267<br>
Contained: 100%<br>
Cause: Human<br>
Discovery: 1785698007000<br>
IRWIN ID: 50a81c59-3efb-45b5-bb49-2e195b09da8d
      ]]></description>

      <Point>
        <coordinates>-104.664683,44.562647,0</coordinates>
      </Point>

    </Placemark>

    <Placemark>
      <name>🔥 Moose</name>

      <styleUrl>#wildfireIncident</styleUrl>

      <description><![CDATA[
<b>Moose</b><br>
Source: NIFC / WFIGS<br>
Type: WF<br>
Acres: 5892<br>
Contained: 0%<br>
Cause: Undetermined<br>
Discovery: 1785102272000<br>
IRWIN ID: f039127f-ae05-4c20-9824-653361758dc2
      ]]></description>

      <Point>
        <coordinates>-113.69075,46.0722000000001,0</coordinates>
      </Point>

    </Placemark>

    <Placemark>
      <name>🔥 Willow</name>

      <styleUrl>#wildfireIncident</styleUrl>

      <description><![CDATA[
<b>Willow</b><br>
Source: NIFC / WFIGS<br>
Type: WF<br>
Acres: 7534<br>
Contained: 67%<br>
Cause: Human<br>
Discovery: 1782682020000<br>
IRWIN ID: 548a8d28-1a04-48ee-9011-aba023175d43
      ]]></description>

      <Point>
        <coordinates>-106.44032,39.2335800000001,0</coordinates>
      </Point>

    </Placemark>

    <Placemark>
      <name>🔥 WOODS</name>

      <styleUrl>#wildfireIncident</styleUrl>

      <description><![CDATA[
<b>WOODS</b><br>
Source: NIFC / WFIGS<br>
Type: WF<br>
Acres: 65.2<br>
Contained: 45%<br>
Cause: Natural<br>
Discovery: 1786241160000<br>
IRWIN ID: 147d8c2e-89e9-46c0-b7bb-e30a419816ac
      ]]></description>

      <Point>
        <coordinates>-119.844617,38.407633,0</coordinates>
      </Point>

    </Placemark>

    <Placemark>
      <name>🔥 GREEN</name>

      <styleUrl>#wildfireIncident</styleUrl>

      <description><![CDATA[
<b>GREEN</b><br>
Source: NIFC / WFIGS<br>
Type: WF<br>
Acres: 10<br>
Cause: Undetermined<br>
Discovery: 1785199320000<br>
IRWIN ID: 406734a4-be3e-48fb-b5fd-227c8318a12b
      ]]></description>

      <Point>
        <coordinates>-117.023333,34.0994440000001,0</coordinates>
      </Point>

    </Placemark>

    <Placemark>
      <name>🔥 Pole</name>

      <styleUrl>#wildfireIncident</styleUrl>

      <description><![CDATA[
<b>Pole</b><br>
Source: NIFC / WFIGS<br>
Type: WF<br>
Acres: 0.1<br>
Cause: Undetermined<br>
Discovery: 1786841431000<br>
IRWIN ID: 8cf57526-c1fd-4e76-93da-431a9c500de5
      ]]></description>

      <Point>
        <coordinates>-121.5052,42.4733670000001,0</coordinates>
      </Point>

    </Placemark>

    <Placemark>
      <name>🔥 Skillet</name>

      <styleUrl>#wildfireIncident</styleUrl>

      <description><![CDATA[
<b>Skillet</b><br>
Source: NIFC / WFIGS<br>
Type: WF<br>
Acres: 3364<br>
Contained: 82%<br>
Cause: Undetermined<br>
Discovery: 1785363545000<br>
IRWIN ID: a6e06e12-a58b-4ff0-8920-94504d253cf7
      ]]></description>

      <Point>
        <coordinates>-114.86665,48.4913330000001,0</coordinates>
      </Point>

    </Placemark>

    <Placemark>
      <name>🔥 Austin Non-Stat</name>

      <styleUrl>#wildfireIncident</styleUrl>

      <description><![CDATA[
<b>Austin Non-Stat</b><br>
Source: NIFC / WFIGS<br>
Type: WF<br>
Acres: 1000<br>
Cause: Undetermined<br>
Discovery: 1786295940000<br>
IRWIN ID: b451676e-5826-479b-8444-e4453019ae92
      ]]></description>

      <Point>
        <coordinates>-121.95492317,45.0254738900001,0</coordinates>
      </Point>

    </Placemark>

    <Placemark>
      <name>🔥 Owl Creek</name>

      <styleUrl>#wildfireIncident</styleUrl>

      <description><![CDATA[
<b>Owl Creek</b><br>
Source: NIFC / WFIGS<br>
Type: WF<br>
Acres: 25.8<br>
Cause: Natural<br>
Discovery: 1786910556000<br>
IRWIN ID: ae1b6403-9940-45ed-b317-2b35a5c21eab
      ]]></description>

      <Point>
        <coordinates>-104.243889,45.051944,0</coordinates>
      </Point>

    </Placemark>

    <Placemark>
      <name>🔥 LYONS FERRY</name>

      <styleUrl>#wildfireIncident</styleUrl>

      <description><![CDATA[
<b>LYONS FERRY</b><br>
Source: NIFC / WFIGS<br>
Type: WF<br>
Acres: 33749<br>
Contained: 100%<br>
Cause: Undetermined<br>
Discovery: 1784220900000<br>
IRWIN ID: 37e401a1-1342-4679-b583-5a991690ec07
      ]]></description>

      <Point>
        <coordinates>-118.23915,46.6259000000001,0</coordinates>
      </Point>

    </Placemark>

    <Placemark>
      <name>🔥 FA #37</name>

      <styleUrl>#wildfireIncident</styleUrl>

      <description><![CDATA[
<b>FA #37</b><br>
Source: NIFC / WFIGS<br>
Type: WF<br>
Acres: 0.1<br>
Cause: Undetermined<br>
Discovery: 1786675623000<br>
IRWIN ID: d1458595-cd49-4820-81c3-1d94fa82c5ea
      ]]></description>

      <Point>
        <coordinates>-121.4,43.1200000000001,0</coordinates>
      </Point>

    </Placemark>

    <Placemark>
      <name>🔥 Eggo</name>

      <styleUrl>#wildfireIncident</styleUrl>

      <description><![CDATA[
<b>Eggo</b><br>
Source: NIFC / WFIGS<br>
Type: WF<br>
Acres: 4225<br>
Contained: 95%<br>
Cause: Human<br>
Discovery: 1785626940000<br>
IRWIN ID: 0de1a2af-2f45-40cc-968b-1df23fc3a34f
      ]]></description>

      <Point>
        <coordinates>-117.0871,45.6696000000001,0</coordinates>
      </Point>

    </Placemark>

    <Placemark>
      <name>🔥 Sorrento</name>

      <styleUrl>#wildfireIncident</styleUrl>

      <description><![CDATA[
<b>Sorrento</b><br>
Source: NIFC / WFIGS<br>
Type: WF<br>
Discovery: 1786912620000<br>
IRWIN ID: 935a7271-98f6-440e-85c1-1e954330267d
      ]]></description>

      <Point>
        <coordinates>-117.1985083,32.9135667,0</coordinates>
      </Point>

    </Placemark>

    <Placemark>
      <name>🔥 0611 GREEN MOUNTAIN</name>

      <styleUrl>#wildfireIncident</styleUrl>

      <description><![CDATA[
<b>0611 GREEN MOUNTAIN</b><br>
Source: NIFC / WFIGS<br>
Type: WF<br>
Acres: 2136<br>
Contained: 100%<br>
Cause: Natural<br>
Discovery: 1784907983000<br>
IRWIN ID: bc318834-b454-4aad-90a6-62d4de886b5c
      ]]></description>

      <Point>
        <coordinates>-120.691883,44.441967,0</coordinates>
      </Point>

    </Placemark>

    <Placemark>
      <name>🔥 LAC-290246</name>

      <styleUrl>#wildfireIncident</styleUrl>

      <description><![CDATA[
<b>LAC-290246</b><br>
Source: NIFC / WFIGS<br>
Type: WF<br>
Acres: 0.01<br>
Cause: Undetermined<br>
Discovery: 1786880923000<br>
IRWIN ID: b2683cd0-668a-48f5-8bd5-64b5d45157d3
      ]]></description>

      <Point>
        <coordinates>-117.97676,34.0134100000001,0</coordinates>
      </Point>

    </Placemark>

    <Placemark>
      <name>🔥 Shingle Creek</name>

      <styleUrl>#wildfireIncident</styleUrl>

      <description><![CDATA[
<b>Shingle Creek</b><br>
Source: NIFC / WFIGS<br>
Type: WF<br>
Acres: 628<br>
Contained: 95%<br>
Cause: Undetermined<br>
Discovery: 1782071520000<br>
IRWIN ID: 11edcec0-a4c3-417e-bc71-d4bd798503b6
      ]]></description>

      <Point>
        <coordinates>-116.397033,45.3571670000001,0</coordinates>
      </Point>

    </Placemark>

    <Placemark>
      <name>🔥 CREEK</name>

      <styleUrl>#wildfireIncident</styleUrl>

      <description><![CDATA[
<b>CREEK</b><br>
Source: NIFC / WFIGS<br>
Type: WF<br>
Acres: 0.01<br>
Cause: Undetermined<br>
Discovery: 1786809964000<br>
IRWIN ID: 127e9af6-4c40-4dfb-8a38-dcefde16852e
      ]]></description>

      <Point>
        <coordinates>-123.381593,41.8221830000001,0</coordinates>
      </Point>

    </Placemark>

    <Placemark>
      <name>🔥 RANSIER</name>

      <styleUrl>#wildfireIncident</styleUrl>

      <description><![CDATA[
<b>RANSIER</b><br>
Source: NIFC / WFIGS<br>
Type: WF<br>
Acres: 1302<br>
Contained: 92%<br>
Cause: Undetermined<br>
Discovery: 1785098866000<br>
IRWIN ID: d292483b-a236-4fc2-a52d-771a0edb115b
      ]]></description>

      <Point>
        <coordinates>-120.742096,46.3665330000001,0</coordinates>
      </Point>

    </Placemark>

    <Placemark>
      <name>🔥 FLY CREEK 2</name>

      <styleUrl>#wildfireIncident</styleUrl>

      <description><![CDATA[
<b>FLY CREEK 2</b><br>
Source: NIFC / WFIGS<br>
Type: WF<br>
Acres: 20<br>
Cause: Undetermined<br>
Discovery: 1784488878000<br>
IRWIN ID: c88f2c7d-6a6c-4c7d-ba73-932badc26330
      ]]></description>

      <Point>
        <coordinates>-107.9994,45.8802000000001,0</coordinates>
      </Point>

    </Placemark>

    <Placemark>
      <name>🔥 Middle Hunt</name>

      <styleUrl>#wildfireIncident</styleUrl>

      <description><![CDATA[
<b>Middle Hunt</b><br>
Source: NIFC / WFIGS<br>
Type: WF<br>
Acres: 0.1<br>
Cause: Undetermined<br>
Discovery: 1787009640000<br>
IRWIN ID: 1b61d295-b522-42f7-a5d9-1b3e596e4339
      ]]></description>

      <Point>
        <coordinates>-107.033583,40.1683170000001,0</coordinates>
      </Point>

    </Placemark>

    <Placemark>
      <name>🔥 Picture Rock</name>

      <styleUrl>#wildfireIncident</styleUrl>

      <description><![CDATA[
<b>Picture Rock</b><br>
Source: NIFC / WFIGS<br>
Type: WF<br>
Acres: 1277<br>
Contained: 10%<br>
Cause: Undetermined<br>
Discovery: 1786909351000<br>
IRWIN ID: 7c564599-3140-4711-843a-d863f53c265d
      ]]></description>

      <Point>
        <coordinates>-120.774487,43.00919,0</coordinates>
      </Point>

    </Placemark>

    <Placemark>
      <name>🔥 LAC-290975</name>

      <styleUrl>#wildfireIncident</styleUrl>

      <description><![CDATA[
<b>LAC-290975</b><br>
Source: NIFC / WFIGS<br>
Type: WF<br>
Acres: 0.01<br>
Cause: Undetermined<br>
Discovery: 1786927203000<br>
IRWIN ID: b49dd6ea-77eb-4bb3-ab24-216a6cf409de
      ]]></description>

      <Point>
        <coordinates>-118.17957,34.6638600000001,0</coordinates>
      </Point>

    </Placemark>

    <Placemark>
      <name>🔥 LAC-292153</name>

      <styleUrl>#wildfireIncident</styleUrl>

      <description><![CDATA[
<b>LAC-292153</b><br>
Source: NIFC / WFIGS<br>
Type: WF<br>
Acres: 0.01<br>
Cause: Undetermined<br>
Discovery: 1787004289000<br>
IRWIN ID: 99cd92c6-5fb8-453a-bad7-78cc7d9ff334
      ]]></description>

      <Point>
        <coordinates>-117.97937,34.52329,0</coordinates>
      </Point>

    </Placemark>

    <Placemark>
      <name>🔥 0489 PARRISH</name>

      <styleUrl>#wildfireIncident</styleUrl>

      <description><![CDATA[
<b>0489 PARRISH</b><br>
Source: NIFC / WFIGS<br>
Type: WF<br>
Acres: 404<br>
Contained: 100%<br>
Cause: Natural<br>
Discovery: 1784231160000<br>
IRWIN ID: 4809f4ac-3b2c-4919-b7fe-706768e03b93
      ]]></description>

      <Point>
        <coordinates>-119.8475,44.7323210000001,0</coordinates>
      </Point>

    </Placemark>

    <Placemark>
      <name>🔥 0658 ROUND BUTTE</name>

      <styleUrl>#wildfireIncident</styleUrl>

      <description><![CDATA[
<b>0658 ROUND BUTTE</b><br>
Source: NIFC / WFIGS<br>
Type: WF<br>
Acres: 1163<br>
Contained: 98%<br>
Cause: Human<br>
Discovery: 1785621360000<br>
IRWIN ID: 8020ac2e-5380-4e44-9079-06d3612d01dd
      ]]></description>

      <Point>
        <coordinates>-121.224778,44.600111,0</coordinates>
      </Point>

    </Placemark>

    <Placemark>
      <name>🔥 Stone Henge</name>

      <styleUrl>#wildfireIncident</styleUrl>

      <description><![CDATA[
<b>Stone Henge</b><br>
Source: NIFC / WFIGS<br>
Type: WF<br>
Acres: 2.5<br>
Cause: Undetermined<br>
Discovery: 1786053018000<br>
IRWIN ID: 234655a2-5d4b-4569-8915-4dc211588df0
      ]]></description>

      <Point>
        <coordinates>-109.29976,45.6010900000001,0</coordinates>
      </Point>

    </Placemark>

    <Placemark>
      <name>🔥 ROUNDUP</name>

      <styleUrl>#wildfireIncident</styleUrl>

      <description><![CDATA[
<b>ROUNDUP</b><br>
Source: NIFC / WFIGS<br>
Type: WF<br>
Discovery: 1787009700000<br>
IRWIN ID: 03e481d3-87ab-48a0-80cc-78ffacc93e42
      ]]></description>

      <Point>
        <coordinates>-118.3316667,35.1900000000001,0</coordinates>
      </Point>

    </Placemark>

    <Placemark>
      <name>🔥 HIDDEN FOREST</name>

      <styleUrl>#wildfireIncident</styleUrl>

      <description><![CDATA[
<b>HIDDEN FOREST</b><br>
Source: NIFC / WFIGS<br>
Type: WF<br>
Acres: 297<br>
Contained: 80%<br>
Cause: Human<br>
Discovery: 1786118040000<br>
IRWIN ID: 2a4b47b4-f27b-48cf-b7ef-f15e5747a4c6
      ]]></description>

      <Point>
        <coordinates>-121.152033,43.9073670000001,0</coordinates>
      </Point>

    </Placemark>

    <Placemark>
      <name>🔥 Secret Pass</name>

      <styleUrl>#wildfireIncident</styleUrl>

      <description><![CDATA[
<b>Secret Pass</b><br>
Source: NIFC / WFIGS<br>
Type: WF<br>
Acres: 3300<br>
Contained: 100%<br>
Cause: Natural<br>
Discovery: 1785026700000<br>
IRWIN ID: e9b0f34f-3fc7-4c60-8214-f11327522e71
      ]]></description>

      <Point>
        <coordinates>-115.260002,40.8964540000001,0</coordinates>
      </Point>

    </Placemark>

    <Placemark>
      <name>🔥 Little Weitas</name>

      <styleUrl>#wildfireIncident</styleUrl>

      <description><![CDATA[
<b>Little Weitas</b><br>
Source: NIFC / WFIGS<br>
Type: WF<br>
Acres: 400<br>
Contained: 0%<br>
Cause: Natural<br>
Discovery: 1785007970000<br>
IRWIN ID: 2847b83b-9843-4b6f-9594-3dc04456e177
      ]]></description>

      <Point>
        <coordinates>-115.39805,46.4873000000001,0</coordinates>
      </Point>

    </Placemark>

    <Placemark>
      <name>🔥 BIKE</name>

      <styleUrl>#wildfireIncident</styleUrl>

      <description><![CDATA[
<b>BIKE</b><br>
Source: NIFC / WFIGS<br>
Type: WF<br>
Acres: 0.01<br>
Cause: Undetermined<br>
Discovery: 1787008570000<br>
IRWIN ID: a6eea512-e1b8-465d-ae3b-19d4948961e1
      ]]></description>

      <Point>
        <coordinates>-118.06414,34.0407500000001,0</coordinates>
      </Point>

    </Placemark>

    <Placemark>
      <name>🔥 Clab</name>

      <styleUrl>#wildfireIncident</styleUrl>

      <description><![CDATA[
<b>Clab</b><br>
Source: NIFC / WFIGS<br>
Type: WF<br>
Acres: 0.72<br>
Cause: Undetermined<br>
Discovery: 1783701371000<br>
IRWIN ID: 27413b39-c85d-4b83-981a-1589a7073566
      ]]></description>

      <Point>
        <coordinates>-108.66774,45.89878,0</coordinates>
      </Point>

    </Placemark>

    <Placemark>
      <name>🔥 0501 PAT&#x27;S CABIN</name>

      <styleUrl>#wildfireIncident</styleUrl>

      <description><![CDATA[
<b>0501 PAT&#x27;S CABIN</b><br>
Source: NIFC / WFIGS<br>
Type: WF<br>
Acres: 772<br>
Contained: 100%<br>
Cause: Natural<br>
Discovery: 1784244435000<br>
IRWIN ID: 6c455132-8cc9-4c80-8f08-4f734a489d03
      ]]></description>

      <Point>
        <coordinates>-120.33328,44.72533,0</coordinates>
      </Point>

    </Placemark>

    <Placemark>
      <name>🔥 0737 (Redmond FD Assist)</name>

      <styleUrl>#wildfireIncident</styleUrl>

      <description><![CDATA[
<b>0737 (Redmond FD Assist)</b><br>
Source: NIFC / WFIGS<br>
Type: WF<br>
Acres: 0.25<br>
Cause: Undetermined<br>
Discovery: 1786831500000<br>
IRWIN ID: 8608a169-6773-40d5-a125-29409e290def
      ]]></description>

      <Point>
        <coordinates>-121.189118,44.2424550000001,0</coordinates>
      </Point>

    </Placemark>

    <Placemark>
      <name>🔥 0460 HOPKIN</name>

      <styleUrl>#wildfireIncident</styleUrl>

      <description><![CDATA[
<b>0460 HOPKIN</b><br>
Source: NIFC / WFIGS<br>
Type: WF<br>
Acres: 11366<br>
Contained: 100%<br>
Cause: Natural<br>
Discovery: 1784168820000<br>
IRWIN ID: 14e08b9c-1f24-40b2-ac5e-ba04112f33d0
      ]]></description>

      <Point>
        <coordinates>-120.24295,45.3363330000001,0</coordinates>
      </Point>

    </Placemark>

    <Placemark>
      <name>🔥 False Bottom Creek</name>

      <styleUrl>#wildfireIncident</styleUrl>

      <description><![CDATA[
<b>False Bottom Creek</b><br>
Source: NIFC / WFIGS<br>
Type: WF<br>
Acres: 242<br>
Contained: 100%<br>
Cause: Undetermined<br>
Discovery: 1786916578000<br>
IRWIN ID: e16ecd3d-034f-43cd-80df-0f8905a53a8e
      ]]></description>

      <Point>
        <coordinates>-103.777517,44.560867,0</coordinates>
      </Point>

    </Placemark>

    <Placemark>
      <name>🔥 BIG GRASS</name>

      <styleUrl>#wildfireIncident</styleUrl>

      <description><![CDATA[
<b>BIG GRASS</b><br>
Source: NIFC / WFIGS<br>
Type: WF<br>
Acres: 579134<br>
Contained: 82%<br>
Cause: Natural<br>
Discovery: 1784838600000<br>
IRWIN ID: 6b0c72b3-0e12-4695-9022-e1113c0aa8d1
      ]]></description>

      <Point>
        <coordinates>-117.30335,42.6498,0</coordinates>
      </Point>

    </Placemark>

    <Placemark>
      <name>🔥 NUNAMAKER ROAD</name>

      <styleUrl>#wildfireIncident</styleUrl>

      <description><![CDATA[
<b>NUNAMAKER ROAD</b><br>
Source: NIFC / WFIGS<br>
Type: WF<br>
Acres: 20870<br>
Contained: 80%<br>
Cause: Human<br>
Discovery: 1786199520000<br>
IRWIN ID: cd376195-62c5-4722-80b7-dcaa9d628ecc
      ]]></description>

      <Point>
        <coordinates>-118.4075,46.5942000000001,0</coordinates>
      </Point>

    </Placemark>

    <Placemark>
      <name>🔥 MP18</name>

      <styleUrl>#wildfireIncident</styleUrl>

      <description><![CDATA[
<b>MP18</b><br>
Source: NIFC / WFIGS<br>
Type: WF<br>
Acres: 6914<br>
Contained: 19%<br>
Cause: Human<br>
Discovery: 1786146300000<br>
IRWIN ID: 3bf54e17-87d6-40e1-b913-81b97515e1d5
      ]]></description>

      <Point>
        <coordinates>-123.685,41.1330556,0</coordinates>
      </Point>

    </Placemark>

    <Placemark>
      <name>🔥 Stallion</name>

      <styleUrl>#wildfireIncident</styleUrl>

      <description><![CDATA[
<b>Stallion</b><br>
Source: NIFC / WFIGS<br>
Type: WF<br>
Acres: 40691<br>
Contained: 85%<br>
Cause: Human<br>
Discovery: 1786377743000<br>
IRWIN ID: 75b0c6d7-10d4-476a-b691-3d78231b4997
      ]]></description>

      <Point>
        <coordinates>-119.525167,39.8228330000001,0</coordinates>
      </Point>

    </Placemark>

    <Placemark>
      <name>🔥 LAC-288953</name>

      <styleUrl>#wildfireIncident</styleUrl>

      <description><![CDATA[
<b>LAC-288953</b><br>
Source: NIFC / WFIGS<br>
Type: WF<br>
Acres: 0.01<br>
Cause: Undetermined<br>
Discovery: 1786801315000<br>
IRWIN ID: aff4b55a-873e-4ce7-9266-67c4717340e7
      ]]></description>

      <Point>
        <coordinates>-118.23906,33.92717,0</coordinates>
      </Point>

    </Placemark>

    <Placemark>
      <name>🔥 TAFFLE</name>

      <styleUrl>#wildfireIncident</styleUrl>

      <description><![CDATA[
<b>TAFFLE</b><br>
Source: NIFC / WFIGS<br>
Type: WF<br>
Acres: 77<br>
Cause: Undetermined<br>
Discovery: 1786736804000<br>
IRWIN ID: 65cf035a-9537-4b28-b364-ab50f7fa5d7c
      ]]></description>

      <Point>
        <coordinates>-116.889317,33.627419,0</coordinates>
      </Point>

    </Placemark>

    <Placemark>
      <name>🔥 RICHBAR</name>

      <styleUrl>#wildfireIncident</styleUrl>

      <description><![CDATA[
<b>RICHBAR</b><br>
Source: NIFC / WFIGS<br>
Type: WF<br>
Acres: 0.1<br>
Cause: Undetermined<br>
Discovery: 1786842792000<br>
IRWIN ID: ddd12b56-f9e7-46df-bf3c-3ef17dda58d1
      ]]></description>

      <Point>
        <coordinates>-118.7214,35.4718330000001,0</coordinates>
      </Point>

    </Placemark>

    <Placemark>
      <name>🔥 LAC-289560</name>

      <styleUrl>#wildfireIncident</styleUrl>

      <description><![CDATA[
<b>LAC-289560</b><br>
Source: NIFC / WFIGS<br>
Type: WF<br>
Acres: 0.01<br>
Cause: Undetermined<br>
Discovery: 1786835482000<br>
IRWIN ID: b82b43c6-b6f7-4640-a0f8-bc433c5b299d
      ]]></description>

      <Point>
        <coordinates>-118.1795,33.9624900000001,0</coordinates>
      </Point>

    </Placemark>

    <Placemark>
      <name>🔥 0444 TWICKENHAM</name>

      <styleUrl>#wildfireIncident</styleUrl>

      <description><![CDATA[
<b>0444 TWICKENHAM</b><br>
Source: NIFC / WFIGS<br>
Type: WF<br>
Acres: 254<br>
Contained: 100%<br>
Cause: Natural<br>
Discovery: 1784163072000<br>
IRWIN ID: 28a994d6-89e3-4460-9a36-d7df4d839df2
      ]]></description>

      <Point>
        <coordinates>-120.179833,44.7585,0</coordinates>
      </Point>

    </Placemark>

    <Placemark>
      <name>🔥 Bologna</name>

      <styleUrl>#wildfireIncident</styleUrl>

      <description><![CDATA[
<b>Bologna</b><br>
Source: NIFC / WFIGS<br>
Type: WF<br>
Acres: 4509<br>
Contained: 78%<br>
Cause: Natural<br>
Discovery: 1784229000000<br>
IRWIN ID: bbb22c77-2f2d-419e-a930-9b75a0a55f83
      ]]></description>

      <Point>
        <coordinates>-119.598,44.8611670000001,0</coordinates>
      </Point>

    </Placemark>

    <Placemark>
      <name>🔥 McMullen Creek</name>

      <styleUrl>#wildfireIncident</styleUrl>

      <description><![CDATA[
<b>McMullen Creek</b><br>
Source: NIFC / WFIGS<br>
Type: WF<br>
Acres: 0.1<br>
Cause: Undetermined<br>
Discovery: 1787001120000<br>
IRWIN ID: db475539-9766-4f87-b602-d69c2bcc4b9c
      ]]></description>

      <Point>
        <coordinates>-123.57580333,42.2391083300001,0</coordinates>
      </Point>

    </Placemark>

    <Placemark>
      <name>🔥 LAC-288806</name>

      <styleUrl>#wildfireIncident</styleUrl>

      <description><![CDATA[
<b>LAC-288806</b><br>
Source: NIFC / WFIGS<br>
Type: WF<br>
Acres: 0.01<br>
Cause: Undetermined<br>
Discovery: 1786781852000<br>
IRWIN ID: d254f15d-4c0a-444e-a589-6d9f493716a7
      ]]></description>

      <Point>
        <coordinates>-118.0057,34.0519400000001,0</coordinates>
      </Point>

    </Placemark>

    <Placemark>
      <name>🔥 Gonzales</name>

      <styleUrl>#wildfireIncident</styleUrl>

      <description><![CDATA[
<b>Gonzales</b><br>
Source: NIFC / WFIGS<br>
Type: WF<br>
Acres: 3<br>
Cause: Natural<br>
Discovery: 1785715200000<br>
IRWIN ID: c5174b48-d04f-422b-8c2c-a8e50ab8dbda
      ]]></description>

      <Point>
        <coordinates>-105.0781,36.9837200000001,0</coordinates>
      </Point>

    </Placemark>

    <Placemark>
      <name>🔥 Wrights Spring</name>

      <styleUrl>#wildfireIncident</styleUrl>

      <description><![CDATA[
<b>Wrights Spring</b><br>
Source: NIFC / WFIGS<br>
Type: WF<br>
Acres: 53941<br>
Contained: 53%<br>
Cause: Undetermined<br>
Discovery: 1785966960000<br>
IRWIN ID: 808808d2-f485-44fb-8819-f3c8c32138b8
      ]]></description>

      <Point>
        <coordinates>-121.728667,42.4695,0</coordinates>
      </Point>

    </Placemark>

    <Placemark>
      <name>🔥 Glenwood</name>

      <styleUrl>#wildfireIncident</styleUrl>

      <description><![CDATA[
<b>Glenwood</b><br>
Source: NIFC / WFIGS<br>
Type: WF<br>
Acres: 150<br>
Contained: 100%<br>
Cause: Undetermined<br>
Discovery: 1786743961000<br>
IRWIN ID: f2a836c8-05dc-4071-9a05-0839992a11bd
      ]]></description>

      <Point>
        <coordinates>-102.77434416,31.6866453000001,0</coordinates>
      </Point>

    </Placemark>

    <Placemark>
      <name>🔥 Luna</name>

      <styleUrl>#wildfireIncident</styleUrl>

      <description><![CDATA[
<b>Luna</b><br>
Source: NIFC / WFIGS<br>
Type: WF<br>
Acres: 4475<br>
Contained: 0%<br>
Cause: Undetermined<br>
Discovery: 1783019160000<br>
IRWIN ID: 7d70e58c-3570-466c-86f7-8e5f828d0f7f
      ]]></description>

      <Point>
        <coordinates>-121.209693,48.8211370000001,0</coordinates>
      </Point>

    </Placemark>

    <Placemark>
      <name>🔥 AUSTIN</name>

      <styleUrl>#wildfireIncident</styleUrl>

      <description><![CDATA[
<b>AUSTIN</b><br>
Source: NIFC / WFIGS<br>
Type: WF<br>
Acres: 2653<br>
Contained: 0%<br>
Cause: Human<br>
Discovery: 1786295579000<br>
IRWIN ID: 49d1fb0b-74d1-4a95-b8df-066dcc5f06e1
      ]]></description>

      <Point>
        <coordinates>-121.944872,45.0252160000001,0</coordinates>
      </Point>

    </Placemark>

    <Placemark>
      <name>🔥 LAC-290713</name>

      <styleUrl>#wildfireIncident</styleUrl>

      <description><![CDATA[
<b>LAC-290713</b><br>
Source: NIFC / WFIGS<br>
Type: WF<br>
Acres: 0.01<br>
Cause: Undetermined<br>
Discovery: 1786915332000<br>
IRWIN ID: 63c45304-c8e7-4726-9cdf-3773cbc7d2f6
      ]]></description>

      <Point>
        <coordinates>-118.09441,34.6530700000001,0</coordinates>
      </Point>

    </Placemark>

    <Placemark>
      <name>🔥 HIGH LAVA</name>

      <styleUrl>#wildfireIncident</styleUrl>

      <description><![CDATA[
<b>HIGH LAVA</b><br>
Source: NIFC / WFIGS<br>
Type: WF<br>
Acres: 1359<br>
Contained: 8%<br>
Cause: Natural<br>
Discovery: 1784850240000<br>
IRWIN ID: 0b15d818-66c9-4225-b4be-86a858cad8e8
      ]]></description>

      <Point>
        <coordinates>-122.116167,45.8805,0</coordinates>
      </Point>

    </Placemark>

    <Placemark>
      <name>🔥 Timber</name>

      <styleUrl>#wildfireIncident</styleUrl>

      <description><![CDATA[
<b>Timber</b><br>
Source: NIFC / WFIGS<br>
Type: WF<br>
Acres: 5189<br>
Contained: 21%<br>
Cause: Undetermined<br>
Discovery: 1786246500000<br>
IRWIN ID: 51374d2c-d96b-40f7-940b-6cb8e0a483a2
      ]]></description>

      <Point>
        <coordinates>-121.717508,36.215894,0</coordinates>
      </Point>

    </Placemark>

    <Placemark>
      <name>🔥 Ferris</name>

      <styleUrl>#wildfireIncident</styleUrl>

      <description><![CDATA[
<b>Ferris</b><br>
Source: NIFC / WFIGS<br>
Type: WF<br>
Acres: 64881<br>
Contained: 100%<br>
Cause: Natural<br>
Discovery: 1782594240000<br>
IRWIN ID: 0fd7f0e1-d93c-47c9-9f6a-0ba8bfbc3d94
      ]]></description>

      <Point>
        <coordinates>-108.67098,37.6292290000001,0</coordinates>
      </Point>

    </Placemark>

    <Placemark>
      <name>🔥 Buck Camp</name>

      <styleUrl>#wildfireIncident</styleUrl>

      <description><![CDATA[
<b>Buck Camp</b><br>
Source: NIFC / WFIGS<br>
Type: WF<br>
Acres: 50<br>
Contained: 94%<br>
Cause: Undetermined<br>
Discovery: 1786543500000<br>
IRWIN ID: 96e213f2-ce39-41e9-97be-29ed81e75e38
      ]]></description>

      <Point>
        <coordinates>-121.262111,46.255252,0</coordinates>
      </Point>

    </Placemark>

    <Placemark>
      <name>🔥 LAC-288508</name>

      <styleUrl>#wildfireIncident</styleUrl>

      <description><![CDATA[
<b>LAC-288508</b><br>
Source: NIFC / WFIGS<br>
Type: WF<br>
Acres: 0.01<br>
Cause: Undetermined<br>
Discovery: 1786762475000<br>
IRWIN ID: 7681b0c1-6fc6-41dc-99e9-af27286a724b
      ]]></description>

      <Point>
        <coordinates>-118.29855,33.80728,0</coordinates>
      </Point>

    </Placemark>

    <Placemark>
      <name>🔥 BIG SPRINGS</name>

      <styleUrl>#wildfireIncident</styleUrl>

      <description><![CDATA[
<b>BIG SPRINGS</b><br>
Source: NIFC / WFIGS<br>
Type: WF<br>
Acres: 6.2<br>
Cause: Natural<br>
Discovery: 1787003340000<br>
IRWIN ID: d421a8bd-bbaf-4f47-8ec6-a6e94c7b9ba5
      ]]></description>

      <Point>
        <coordinates>-107.3075,43.7251670000001,0</coordinates>
      </Point>

    </Placemark>

    <Placemark>
      <name>🔥 LAC-289341</name>

      <styleUrl>#wildfireIncident</styleUrl>

      <description><![CDATA[
<b>LAC-289341</b><br>
Source: NIFC / WFIGS<br>
Type: WF<br>
Acres: 0.01<br>
Cause: Undetermined<br>
Discovery: 1786824827000<br>
IRWIN ID: 20db59dd-3ddd-43f6-9428-332b152edc0d
      ]]></description>

      <Point>
        <coordinates>-118.11228,34.7187700000001,0</coordinates>
      </Point>

    </Placemark>

    <Placemark>
      <name>🔥 0594</name>

      <styleUrl>#wildfireIncident</styleUrl>

      <description><![CDATA[
<b>0594</b><br>
Source: NIFC / WFIGS<br>
Type: WF<br>
Acres: 298<br>
Contained: 100%<br>
Cause: Undetermined<br>
Discovery: 1784842832000<br>
IRWIN ID: 169e5076-6fcb-42d3-8612-ee474eadf943
      ]]></description>

      <Point>
        <coordinates>-120.145117,44.701267,0</coordinates>
      </Point>

    </Placemark>

    <Placemark>
      <name>🔥 0482 CHERRY CREEK</name>

      <styleUrl>#wildfireIncident</styleUrl>

      <description><![CDATA[
<b>0482 CHERRY CREEK</b><br>
Source: NIFC / WFIGS<br>
Type: WF<br>
Acres: 16<br>
Contained: 100%<br>
Cause: Natural<br>
Discovery: 1784227209000<br>
IRWIN ID: 3acbd250-d9c7-43ef-b29d-0477ac2d47fa
      ]]></description>

      <Point>
        <coordinates>-120.43117,44.7315300000001,0</coordinates>
      </Point>

    </Placemark>

    <Placemark>
      <name>🔥 SR - Buffalo</name>

      <styleUrl>#wildfireIncident</styleUrl>

      <description><![CDATA[
<b>SR - Buffalo</b><br>
Source: NIFC / WFIGS<br>
Type: WF<br>
Acres: 1200<br>
Contained: 100%<br>
Cause: Undetermined<br>
Discovery: 1785049920000<br>
IRWIN ID: 85732e71-7502-4680-8fd5-93af9bb764c8
      ]]></description>

      <Point>
        <coordinates>-106.320165,44.792721,0</coordinates>
      </Point>

    </Placemark>

    <Placemark>
      <name>🔥 0497 HENRY</name>

      <styleUrl>#wildfireIncident</styleUrl>

      <description><![CDATA[
<b>0497 HENRY</b><br>
Source: NIFC / WFIGS<br>
Type: WF<br>
Acres: 29850<br>
Contained: 97%<br>
Cause: Natural<br>
Discovery: 1784236500000<br>
IRWIN ID: f756826a-6a0b-4256-a3ec-311b5a56b2a3
      ]]></description>

      <Point>
        <coordinates>-119.947717,44.121117,0</coordinates>
      </Point>

    </Placemark>

    <Placemark>
      <name>🔥 LG13 Appaloosa</name>

      <styleUrl>#wildfireIncident</styleUrl>

      <description><![CDATA[
<b>LG13 Appaloosa</b><br>
Source: NIFC / WFIGS<br>
Type: WF<br>
Acres: 0.1<br>
Cause: Natural<br>
Discovery: 1786924500000<br>
IRWIN ID: 9ecfe22d-a75f-4a74-abc2-4afdbecaedff
      ]]></description>

      <Point>
        <coordinates>-114.171673,45.9974110000001,0</coordinates>
      </Point>

    </Placemark>

    <Placemark>
      <name>🔥 Three Links</name>

      <styleUrl>#wildfireIncident</styleUrl>

      <description><![CDATA[
<b>Three Links</b><br>
Source: NIFC / WFIGS<br>
Type: WF<br>
Acres: 410<br>
Contained: 0%<br>
Cause: Natural<br>
Discovery: 1784930243000<br>
IRWIN ID: a4a8958d-1a03-43bf-9c5b-acda39a2cd96
      ]]></description>

      <Point>
        <coordinates>-115.117667,46.1498330000001,0</coordinates>
      </Point>

    </Placemark>

    <Placemark>
      <name>🔥 Horseshoe Bend</name>

      <styleUrl>#wildfireIncident</styleUrl>

      <description><![CDATA[
<b>Horseshoe Bend</b><br>
Source: NIFC / WFIGS<br>
Type: WF<br>
Acres: 0.67<br>
Cause: Undetermined<br>
Discovery: 1787005584000<br>
IRWIN ID: 0fae4020-023e-4bb5-bd5b-268597584b61
      ]]></description>

      <Point>
        <coordinates>-104.621062,43.485802,0</coordinates>
      </Point>

    </Placemark>

    <Placemark>
      <name>🔥 Castle</name>

      <styleUrl>#wildfireIncident</styleUrl>

      <description><![CDATA[
<b>Castle</b><br>
Source: NIFC / WFIGS<br>
Type: WF<br>
Acres: 3615<br>
Contained: 97%<br>
Cause: Natural<br>
Discovery: 1784768040000<br>
IRWIN ID: 24a02c51-652f-4eb2-b210-c277c62e7498
      ]]></description>

      <Point>
        <coordinates>-122.563283,43.1140330000001,0</coordinates>
      </Point>

    </Placemark>

    <Placemark>
      <name>🔥 Captain</name>

      <styleUrl>#wildfireIncident</styleUrl>

      <description><![CDATA[
<b>Captain</b><br>
Source: NIFC / WFIGS<br>
Type: WF<br>
Acres: 0.1<br>
Cause: Undetermined<br>
Discovery: 1784138520000<br>
IRWIN ID: b50ee679-c9cf-4304-83f0-e4a0a2a6426c
      ]]></description>

      <Point>
        <coordinates>-107.72756,46.07491,0</coordinates>
      </Point>

    </Placemark>

    <Placemark>
      <name>🔥 LAC-291790</name>

      <styleUrl>#wildfireIncident</styleUrl>

      <description><![CDATA[
<b>LAC-291790</b><br>
Source: NIFC / WFIGS<br>
Type: WF<br>
Acres: 0.01<br>
Cause: Undetermined<br>
Discovery: 1786987901000<br>
IRWIN ID: 4df56999-d1d5-4d42-916e-e7fe50879e76
      ]]></description>

      <Point>
        <coordinates>-118.14285,34.6017400000001,0</coordinates>
      </Point>

    </Placemark>

    <Placemark>
      <name>🔥 MM115 HWY 20</name>

      <styleUrl>#wildfireIncident</styleUrl>

      <description><![CDATA[
<b>MM115 HWY 20</b><br>
Source: NIFC / WFIGS<br>
Type: WF<br>
Acres: 5070.4<br>
Contained: 100%<br>
Cause: Human<br>
Discovery: 1786136376000<br>
IRWIN ID: deef5557-eddb-4387-aac1-0f4f16dd2169
      ]]></description>

      <Point>
        <coordinates>-115.447008,43.30195,0</coordinates>
      </Point>

    </Placemark>

    <Placemark>
      <name>🔥 Pine</name>

      <styleUrl>#wildfireIncident</styleUrl>

      <description><![CDATA[
<b>Pine</b><br>
Source: NIFC / WFIGS<br>
Type: WF<br>
Acres: 0.1<br>
Cause: Natural<br>
Discovery: 1786810199000<br>
IRWIN ID: 54f9c3c9-4d70-439a-8eae-fbf50e9e88cc
      ]]></description>

      <Point>
        <coordinates>-111.992533,36.8207830000001,0</coordinates>
      </Point>

    </Placemark>

    <Placemark>
      <name>🔥 ALPOWA</name>

      <styleUrl>#wildfireIncident</styleUrl>

      <description><![CDATA[
<b>ALPOWA</b><br>
Source: NIFC / WFIGS<br>
Type: WF<br>
Acres: 1363<br>
Contained: 100%<br>
Cause: Human<br>
Discovery: 1786485461000<br>
IRWIN ID: 09928c90-8de6-43bb-a7c9-8a1dff6d489f
      ]]></description>

      <Point>
        <coordinates>-117.24742,46.40578,0</coordinates>
      </Point>

    </Placemark>

    <Placemark>
      <name>🔥 PADDY GO</name>

      <styleUrl>#wildfireIncident</styleUrl>

      <description><![CDATA[
<b>PADDY GO</b><br>
Source: NIFC / WFIGS<br>
Type: WF<br>
Acres: 15<br>
Cause: Undetermined<br>
Discovery: 1786388186000<br>
IRWIN ID: 625639e4-88a0-4e4c-be1d-4bf256b25d02
      ]]></description>

      <Point>
        <coordinates>-121.0725,47.564333,0</coordinates>
      </Point>

    </Placemark>

    <Placemark>
      <name>🔥 Lake</name>

      <styleUrl>#wildfireIncident</styleUrl>

      <description><![CDATA[
<b>Lake</b><br>
Source: NIFC / WFIGS<br>
Type: WF<br>
Acres: 161<br>
Contained: 100%<br>
Cause: Natural<br>
Discovery: 1786046940000<br>
IRWIN ID: 806ed953-d02b-46e9-b1c9-af7f3bb8f3ef
      ]]></description>

      <Point>
        <coordinates>-115.909333,45.2130000000001,0</coordinates>
      </Point>

    </Placemark>

    <Placemark>
      <name>🔥 NEFF JONES</name>

      <styleUrl>#wildfireIncident</styleUrl>

      <description><![CDATA[
<b>NEFF JONES</b><br>
Source: NIFC / WFIGS<br>
Type: WF<br>
Acres: 7276<br>
Contained: 100%<br>
Cause: Undetermined<br>
Discovery: 1784198382000<br>
IRWIN ID: 0c414cf4-270a-43c2-b34f-e087b5a625f8
      ]]></description>

      <Point>
        <coordinates>-118.65817,46.45851,0</coordinates>
      </Point>

    </Placemark>

    <Placemark>
      <name>🔥 Elk</name>

      <styleUrl>#wildfireIncident</styleUrl>

      <description><![CDATA[
<b>Elk</b><br>
Source: NIFC / WFIGS<br>
Type: WF<br>
Acres: 7337<br>
Contained: 35%<br>
Cause: Undetermined<br>
Discovery: 1783611972000<br>
IRWIN ID: 48a23460-97e0-47b3-bda1-be5b747a0b24
      ]]></description>

      <Point>
        <coordinates>-107.354823,38.1241880000001,0</coordinates>
      </Point>

    </Placemark>

    <Placemark>
      <name>🔥 BUHR</name>

      <styleUrl>#wildfireIncident</styleUrl>

      <description><![CDATA[
<b>BUHR</b><br>
Source: NIFC / WFIGS<br>
Type: WF<br>
Acres: 1.5<br>
Cause: Natural<br>
Discovery: 1785006000000<br>
IRWIN ID: 19da9544-79b0-4f56-9aa3-742b9b6d8eb5
      ]]></description>

      <Point>
        <coordinates>-104.1168,36.9371800000001,0</coordinates>
      </Point>

    </Placemark>

    <Placemark>
      <name>🔥 I5 MM 57 NB</name>

      <styleUrl>#wildfireIncident</styleUrl>

      <description><![CDATA[
<b>I5 MM 57 NB</b><br>
Source: NIFC / WFIGS<br>
Type: WF<br>
Acres: 100<br>
Contained: 100%<br>
Cause: Undetermined<br>
Discovery: 1785623700000<br>
IRWIN ID: 81497b9c-a925-4419-a016-27d42b969357
      ]]></description>

      <Point>
        <coordinates>-123.29588333,42.44636667,0</coordinates>
      </Point>

    </Placemark>

    <Placemark>
      <name>🔥 SAND SPRINGS</name>

      <styleUrl>#wildfireIncident</styleUrl>

      <description><![CDATA[
<b>SAND SPRINGS</b><br>
Source: NIFC / WFIGS<br>
Type: WF<br>
Acres: 15<br>
Cause: Natural<br>
Discovery: 1785526680000<br>
IRWIN ID: 51bc3f61-447b-4996-9ca0-c126ce8eaf71
      ]]></description>

      <Point>
        <coordinates>-106.4358,34.6757670000001,0</coordinates>
      </Point>

    </Placemark>

    <Placemark>
      <name>🔥 Progressive &amp; Higgins</name>

      <styleUrl>#wildfireIncident</styleUrl>

      <description><![CDATA[
<b>Progressive &amp; Higgins</b><br>
Source: NIFC / WFIGS<br>
Type: WF<br>
Acres: 44.1<br>
Cause: Undetermined<br>
Discovery: 1787007321000<br>
IRWIN ID: e4ce6d5c-9044-48a3-9a9c-f44f01e0d479
      ]]></description>

      <Point>
        <coordinates>-120.44878,46.4197950000001,0</coordinates>
      </Point>

    </Placemark>

    <Placemark>
      <name>🔥 East Fork Creek</name>

      <styleUrl>#wildfireIncident</styleUrl>

      <description><![CDATA[
<b>East Fork Creek</b><br>
Source: NIFC / WFIGS<br>
Type: WF<br>
Acres: 248<br>
Cause: Undetermined<br>
Discovery: 1785787020000<br>
IRWIN ID: 879c02e6-fe09-4ed5-a9b8-f10ee2c9ba01
      ]]></description>

      <Point>
        <coordinates>-108.3925,45.465833,0</coordinates>
      </Point>

    </Placemark>

    <Placemark>
      <name>🔥 Coleman Creek</name>

      <styleUrl>#wildfireIncident</styleUrl>

      <description><![CDATA[
<b>Coleman Creek</b><br>
Source: NIFC / WFIGS<br>
Type: WF<br>
Acres: 308721<br>
Contained: 95%<br>
Cause: Natural<br>
Discovery: 1784983200000<br>
IRWIN ID: 79bbb8a2-e93c-4514-9dd2-55a7de7f260c
      ]]></description>

      <Point>
        <coordinates>-118.303917,43.5897330000001,0</coordinates>
      </Point>

    </Placemark>

    <Placemark>
      <name>🔥 LAC-291612</name>

      <styleUrl>#wildfireIncident</styleUrl>

      <description><![CDATA[
<b>LAC-291612</b><br>
Source: NIFC / WFIGS<br>
Type: WF<br>
Acres: 0.01<br>
Cause: Undetermined<br>
Discovery: 1786979764000<br>
IRWIN ID: 9b8764eb-3931-43c5-9798-5d8ae3a98942
      ]]></description>

      <Point>
        <coordinates>-118.0015,34.0654200000001,0</coordinates>
      </Point>

    </Placemark>

    <Placemark>
      <name>🔥 Potato Creek</name>

      <styleUrl>#wildfireIncident</styleUrl>

      <description><![CDATA[
<b>Potato Creek</b><br>
Source: NIFC / WFIGS<br>
Type: WF<br>
Acres: 10944.33<br>
Contained: 100%<br>
Cause: Natural<br>
Discovery: 1785180060000<br>
IRWIN ID: ddbd3fee-02cb-43e5-b9a9-4b62c9f6f3ba
      ]]></description>

      <Point>
        <coordinates>-102.07302989,43.5633564300001,0</coordinates>
      </Point>

    </Placemark>

    <Placemark>
      <name>🔥 Door</name>

      <styleUrl>#wildfireIncident</styleUrl>

      <description><![CDATA[
<b>Door</b><br>
Source: NIFC / WFIGS<br>
Type: WF<br>
Acres: 22<br>
Cause: Undetermined<br>
Discovery: 1786578460000<br>
IRWIN ID: 79f77ef4-cf07-4b04-a805-586f44e98168
      ]]></description>

      <Point>
        <coordinates>-106.578967,47.482383,0</coordinates>
      </Point>

    </Placemark>

    <Placemark>
      <name>🔥 Laughing Waters</name>

      <styleUrl>#wildfireIncident</styleUrl>

      <description><![CDATA[
<b>Laughing Waters</b><br>
Source: NIFC / WFIGS<br>
Type: WF<br>
Acres: 0.1<br>
Cause: Natural<br>
Discovery: 1786901932000<br>
IRWIN ID: 036c611f-ac9d-42ab-bde5-6dc3941479a3
      ]]></description>

      <Point>
        <coordinates>-114.844167,48.759467,0</coordinates>
      </Point>

    </Placemark>

    <Placemark>
      <name>🔥 Diamante</name>

      <styleUrl>#wildfireIncident</styleUrl>

      <description><![CDATA[
<b>Diamante</b><br>
Source: NIFC / WFIGS<br>
Type: WF<br>
Acres: 89<br>
Contained: 0%<br>
Cause: Natural<br>
Discovery: 1786483684000<br>
IRWIN ID: 7507807a-2c5e-4dac-b4e0-d635a2079266
      ]]></description>

      <Point>
        <coordinates>-106.81566,36.9754100000001,0</coordinates>
      </Point>

    </Placemark>

    <Placemark>
      <name>🔥 Cottonwood Creek</name>

      <styleUrl>#wildfireIncident</styleUrl>

      <description><![CDATA[
<b>Cottonwood Creek</b><br>
Source: NIFC / WFIGS<br>
Type: WF<br>
Acres: 7.12<br>
Cause: Natural<br>
Discovery: 1786832328000<br>
IRWIN ID: 28cc9c1b-c528-4dc9-a383-59c19cbf4a91
      ]]></description>

      <Point>
        <coordinates>-119.443783,38.448333,0</coordinates>
      </Point>

    </Placemark>

    <Placemark>
      <name>🔥 LITTLE GOOSE</name>

      <styleUrl>#wildfireIncident</styleUrl>

      <description><![CDATA[
<b>LITTLE GOOSE</b><br>
Source: NIFC / WFIGS<br>
Type: WF<br>
Acres: 8524<br>
Contained: 100%<br>
Cause: Human<br>
Discovery: 1786147380000<br>
IRWIN ID: 51c36fa7-cc5b-446b-82ce-384a0a20eb2a
      ]]></description>

      <Point>
        <coordinates>-118.09,46.5360000000001,0</coordinates>
      </Point>

    </Placemark>

    <Placemark>
      <name>🔥 Dash</name>

      <styleUrl>#wildfireIncident</styleUrl>

      <description><![CDATA[
<b>Dash</b><br>
Source: NIFC / WFIGS<br>
Type: WF<br>
Acres: 55<br>
Cause: Undetermined<br>
Discovery: 1786735800000<br>
IRWIN ID: 4bbb6d3b-9acc-4f49-9a2b-278d4cb12d57
      ]]></description>

      <Point>
        <coordinates>-104.67544,36.16308,0</coordinates>
      </Point>

    </Placemark>

    <Placemark>
      <name>🔥 HATCHET CANYON</name>

      <styleUrl>#wildfireIncident</styleUrl>

      <description><![CDATA[
<b>HATCHET CANYON</b><br>
Source: NIFC / WFIGS<br>
Type: WF<br>
Acres: 0.3<br>
Cause: Natural<br>
Discovery: 1786931280000<br>
IRWIN ID: 2dd4e008-409f-4167-8f04-2da7daa8602a
      ]]></description>

      <Point>
        <coordinates>-105.762333,33.315167,0</coordinates>
      </Point>

    </Placemark>

    <Placemark>
      <name>🔥 Crater</name>

      <styleUrl>#wildfireIncident</styleUrl>

      <description><![CDATA[
<b>Crater</b><br>
Source: NIFC / WFIGS<br>
Type: WF<br>
Acres: 705<br>
Contained: 100%<br>
Cause: Natural<br>
Discovery: 1784796420000<br>
IRWIN ID: 2a7ac1c8-1b10-4a39-ba7d-83a44d029def
      ]]></description>

      <Point>
        <coordinates>-118.803383,43.1199500000001,0</coordinates>
      </Point>

    </Placemark>

    <Placemark>
      <name>🔥 South Fork Badger</name>

      <styleUrl>#wildfireIncident</styleUrl>

      <description><![CDATA[
<b>South Fork Badger</b><br>
Source: NIFC / WFIGS<br>
Type: WF<br>
Acres: 30<br>
Cause: Natural<br>
Discovery: 1785520140000<br>
IRWIN ID: b28fc152-f70d-484e-81c9-f8c7a1aec820
      ]]></description>

      <Point>
        <coordinates>-106.559472,44.826847,0</coordinates>
      </Point>

    </Placemark>

    <Placemark>
      <name>🔥 Indian Hill</name>

      <styleUrl>#wildfireIncident</styleUrl>

      <description><![CDATA[
<b>Indian Hill</b><br>
Source: NIFC / WFIGS<br>
Type: WF<br>
Acres: 0.1<br>
Cause: Natural<br>
Discovery: 1786989433000<br>
IRWIN ID: 32fdf456-2087-4634-924b-64bfe5e8e029
      ]]></description>

      <Point>
        <coordinates>-114.56575,45.8073670000001,0</coordinates>
      </Point>

    </Placemark>

    <Placemark>
      <name>🔥 WELLS ROAD</name>

      <styleUrl>#wildfireIncident</styleUrl>

      <description><![CDATA[
<b>WELLS ROAD</b><br>
Source: NIFC / WFIGS<br>
Type: WF<br>
Acres: 1865<br>
Contained: 100%<br>
Cause: Human<br>
Discovery: 1786228200000<br>
IRWIN ID: 57ab54cb-8a77-4c42-8757-f60dd953c1bc
      ]]></description>

      <Point>
        <coordinates>-117.51,47.2400000000001,0</coordinates>
      </Point>

    </Placemark>

    <Placemark>
      <name>🔥 LAC-289729</name>

      <styleUrl>#wildfireIncident</styleUrl>

      <description><![CDATA[
<b>LAC-289729</b><br>
Source: NIFC / WFIGS<br>
Type: WF<br>
Acres: 0.01<br>
Cause: Undetermined<br>
Discovery: 1786843942000<br>
IRWIN ID: 93d5342f-ee93-4bf3-a982-2aeeb64417ef
      ]]></description>

      <Point>
        <coordinates>-118.32154,34.7616200000001,0</coordinates>
      </Point>

    </Placemark>

    <Placemark>
      <name>🔥 FLYNN</name>

      <styleUrl>#wildfireIncident</styleUrl>

      <description><![CDATA[
<b>FLYNN</b><br>
Source: NIFC / WFIGS<br>
Type: WF<br>
Acres: 0.01<br>
Cause: Undetermined<br>
Discovery: 1787018926000<br>
IRWIN ID: 4fe1df7a-ef2c-46a8-9094-9989d0807d69
      ]]></description>

      <Point>
        <coordinates>-121.660343,37.7191920000001,0</coordinates>
      </Point>

    </Placemark>

    <Placemark>
      <name>🔥 0442 REDROCK</name>

      <styleUrl>#wildfireIncident</styleUrl>

      <description><![CDATA[
<b>0442 REDROCK</b><br>
Source: NIFC / WFIGS<br>
Type: WF<br>
Acres: 256<br>
Contained: 100%<br>
Cause: Natural<br>
Discovery: 1784162460000<br>
IRWIN ID: 75a59419-a9f2-4169-aaea-5f794a4f3200
      ]]></description>

      <Point>
        <coordinates>-120.2025,44.7618330000001,0</coordinates>
      </Point>

    </Placemark>

    <Placemark>
      <name>🔥 Rancher</name>

      <styleUrl>#wildfireIncident</styleUrl>

      <description><![CDATA[
<b>Rancher</b><br>
Source: NIFC / WFIGS<br>
Type: WF<br>
Acres: 698<br>
Contained: 75%<br>
Cause: Natural<br>
Discovery: 1786493700000<br>
IRWIN ID: 38c5c8bc-0931-4c94-af79-6f56b6f91026
      ]]></description>

      <Point>
        <coordinates>-102.3366778,43.3196147200001,0</coordinates>
      </Point>

    </Placemark>

    <Placemark>
      <name>🔥 BAKER</name>

      <styleUrl>#wildfireIncident</styleUrl>

      <description><![CDATA[
<b>BAKER</b><br>
Source: NIFC / WFIGS<br>
Type: WF<br>
Acres: 0.1<br>
Cause: Undetermined<br>
Discovery: 1786781109000<br>
IRWIN ID: e970461a-6054-4ef1-bab3-9d11fd39815c
      ]]></description>

      <Point>
        <coordinates>-117.66134793,33.75998214,0</coordinates>
      </Point>

    </Placemark>

    <Placemark>
      <name>🔥 Gold Mountain</name>

      <styleUrl>#wildfireIncident</styleUrl>

      <description><![CDATA[
<b>Gold Mountain</b><br>
Source: NIFC / WFIGS<br>
Type: WF<br>
Acres: 39691<br>
Contained: 87%<br>
Cause: Undetermined<br>
Discovery: 1782603228000<br>
IRWIN ID: 2ed6c776-d2c7-49e5-8004-27cea40d5d79
      ]]></description>

      <Point>
        <coordinates>-107.682124,38.051567,0</coordinates>
      </Point>

    </Placemark>

    <Placemark>
      <name>🔥 WEISER KNOLL</name>

      <styleUrl>#wildfireIncident</styleUrl>

      <description><![CDATA[
<b>WEISER KNOLL</b><br>
Source: NIFC / WFIGS<br>
Type: WF<br>
Acres: 15817<br>
Contained: 95%<br>
Cause: Undetermined<br>
Discovery: 1786306666000<br>
IRWIN ID: f544ae86-cd8f-4c07-8d41-efa39315de48
      ]]></description>

      <Point>
        <coordinates>-108.607547,42.6364370000001,0</coordinates>
      </Point>

    </Placemark>

    <Placemark>
      <name>🔥 Stubble</name>

      <styleUrl>#wildfireIncident</styleUrl>

      <description><![CDATA[
<b>Stubble</b><br>
Source: NIFC / WFIGS<br>
Type: WF<br>
Acres: 15673<br>
Contained: 93%<br>
Cause: Natural<br>
Discovery: 1784832840000<br>
IRWIN ID: 2066cd11-1a6e-4437-94fc-715756e618ad
      ]]></description>

      <Point>
        <coordinates>-118.92,43.1800000000001,0</coordinates>
      </Point>

    </Placemark>

    <Placemark>
      <name>🔥 FOX</name>

      <styleUrl>#wildfireIncident</styleUrl>

      <description><![CDATA[
<b>FOX</b><br>
Source: NIFC / WFIGS<br>
Type: WF<br>
Acres: 78903<br>
Contained: 95%<br>
Cause: Natural<br>
Discovery: 1784857860000<br>
IRWIN ID: 53d5f141-2193-402b-8f97-2a49c3d85a55
      ]]></description>

      <Point>
        <coordinates>-117.212967,44.523917,0</coordinates>
      </Point>

    </Placemark>

    <Placemark>
      <name>🔥 Sheep Pen</name>

      <styleUrl>#wildfireIncident</styleUrl>

      <description><![CDATA[
<b>Sheep Pen</b><br>
Source: NIFC / WFIGS<br>
Type: WF<br>
Acres: 712<br>
Contained: 100%<br>
Cause: Natural<br>
Discovery: 1786544298000<br>
IRWIN ID: 3c6707ca-75c5-48c1-9330-0b69c6a40dae
      ]]></description>

      <Point>
        <coordinates>-103.285535,37.075637,0</coordinates>
      </Point>

    </Placemark>

    <Placemark>
      <name>🔥 APOLLO</name>

      <styleUrl>#wildfireIncident</styleUrl>

      <description><![CDATA[
<b>APOLLO</b><br>
Source: NIFC / WFIGS<br>
Type: WF<br>
Acres: 0.01<br>
Cause: Undetermined<br>
Discovery: 1786765725000<br>
IRWIN ID: a2d36cca-df96-4cf3-b366-f7f08ba6e74a
      ]]></description>

      <Point>
        <coordinates>-118.54399,34.3936200000001,0</coordinates>
      </Point>

    </Placemark>

    <Placemark>
      <name>🔥 Big Horn Canal</name>

      <styleUrl>#wildfireIncident</styleUrl>

      <description><![CDATA[
<b>Big Horn Canal</b><br>
Source: NIFC / WFIGS<br>
Type: WF<br>
Acres: 3<br>
Cause: Human<br>
Discovery: 1785281311000<br>
IRWIN ID: 3caddc81-2042-4e39-a173-e33f94714c72
      ]]></description>

      <Point>
        <coordinates>-107.770833,45.3733330000001,0</coordinates>
      </Point>

    </Placemark>

    <Placemark>
      <name>🔥 Foster</name>

      <styleUrl>#wildfireIncident</styleUrl>

      <description><![CDATA[
<b>Foster</b><br>
Source: NIFC / WFIGS<br>
Type: WF<br>
Acres: 252<br>
Contained: 100%<br>
Cause: Human<br>
Discovery: 1786281828000<br>
IRWIN ID: e5d1e6c8-bf1c-4f85-b31f-576389b9101d
      ]]></description>

      <Point>
        <coordinates>-114.641344,32.7637530000001,0</coordinates>
      </Point>

    </Placemark>

    <Placemark>
      <name>🔥 Cascade</name>

      <styleUrl>#wildfireIncident</styleUrl>

      <description><![CDATA[
<b>Cascade</b><br>
Source: NIFC / WFIGS<br>
Type: WF<br>
Acres: 3900<br>
Contained: 50%<br>
Cause: Natural<br>
Discovery: 1784303160000<br>
IRWIN ID: 61492789-ae0f-4274-8388-f0c89238ec3c
      ]]></description>

      <Point>
        <coordinates>-115.1353,46.0956330000001,0</coordinates>
      </Point>

    </Placemark>

    <Placemark>
      <name>🔥 PRAIRIE MOUNTAIN</name>

      <styleUrl>#wildfireIncident</styleUrl>

      <description><![CDATA[
<b>PRAIRIE MOUNTAIN</b><br>
Source: NIFC / WFIGS<br>
Type: WF<br>
Acres: 142<br>
Contained: 90%<br>
Cause: Undetermined<br>
Discovery: 1786113720000<br>
IRWIN ID: 318a20ca-3335-4f7b-a6ff-fee177bcaafa
      ]]></description>

      <Point>
        <coordinates>-121.443917,48.3069170000001,0</coordinates>
      </Point>

    </Placemark>

    <Placemark>
      <name>🔥 New Pass</name>

      <styleUrl>#wildfireIncident</styleUrl>

      <description><![CDATA[
<b>New Pass</b><br>
Source: NIFC / WFIGS<br>
Type: WF<br>
Acres: 37899<br>
Contained: 100%<br>
Cause: Natural<br>
Discovery: 1785079252000<br>
IRWIN ID: 2f99b774-3e9b-4c4b-bed5-b40ad9f94602
      ]]></description>

      <Point>
        <coordinates>-117.486992,39.698784,0</coordinates>
      </Point>

    </Placemark>

    <Placemark>
      <name>🔥 CINNAMON</name>

      <styleUrl>#wildfireIncident</styleUrl>

      <description><![CDATA[
<b>CINNAMON</b><br>
Source: NIFC / WFIGS<br>
Type: WF<br>
Acres: 0.25<br>
Cause: Natural<br>
Discovery: 1786913192000<br>
IRWIN ID: 9bb79adf-dbfe-466f-b7fc-796f5c570940
      ]]></description>

      <Point>
        <coordinates>-122.236917,46.141667,0</coordinates>
      </Point>

    </Placemark>

    <Placemark>
      <name>🔥 HIGH</name>

      <styleUrl>#wildfireIncident</styleUrl>

      <description><![CDATA[
<b>HIGH</b><br>
Source: NIFC / WFIGS<br>
Type: WF<br>
Acres: 0.38<br>
Cause: Undetermined<br>
Discovery: 1787007640000<br>
IRWIN ID: 3af09ef2-e2b7-4a79-8547-099fa3f2aefa
      ]]></description>

      <Point>
        <coordinates>-122.441583,38.321783,0</coordinates>
      </Point>

    </Placemark>

    <Placemark>
      <name>🔥 CDV #4</name>

      <styleUrl>#wildfireIncident</styleUrl>

      <description><![CDATA[
<b>CDV #4</b><br>
Source: NIFC / WFIGS<br>
Type: WF<br>
Acres: 0.01<br>
Cause: Undetermined<br>
Discovery: 1784416487000<br>
IRWIN ID: 1bb3f7f2-38b4-4194-a291-2eb708a00ef2
      ]]></description>

      <Point>
        <coordinates>-120.173574,41.5227160000001,0</coordinates>
      </Point>

    </Placemark>

    <Placemark>
      <name>🔥 0476 HOAG</name>

      <styleUrl>#wildfireIncident</styleUrl>

      <description><![CDATA[
<b>0476 HOAG</b><br>
Source: NIFC / WFIGS<br>
Type: WF<br>
Acres: 50224<br>
Contained: 100%<br>
Cause: Natural<br>
Discovery: 1784221200000<br>
IRWIN ID: 0bac8699-01a7-4d17-a418-4acb6c324e43
      ]]></description>

      <Point>
        <coordinates>-120.405117,45.5621830000001,0</coordinates>
      </Point>

    </Placemark>

    <Placemark>
      <name>🔥 Sandstone Ridge</name>

      <styleUrl>#wildfireIncident</styleUrl>

      <description><![CDATA[
<b>Sandstone Ridge</b><br>
Source: NIFC / WFIGS<br>
Type: WF<br>
Acres: 0.1<br>
Cause: Natural<br>
Discovery: 1786901713000<br>
IRWIN ID: a3bfe6fc-23c8-4ddb-ba26-ec6dfc6edfca
      ]]></description>

      <Point>
        <coordinates>-113.584872,46.4533950000001,0</coordinates>
      </Point>

    </Placemark>

    <Placemark>
      <name>🔥 Crickett Ln 375</name>

      <styleUrl>#wildfireIncident</styleUrl>

      <description><![CDATA[
<b>Crickett Ln 375</b><br>
Source: NIFC / WFIGS<br>
Type: WF<br>
Acres: 0.01<br>
Cause: Undetermined<br>
Discovery: 1786835220000<br>
IRWIN ID: 38338708-f99b-4b83-869b-cf8e890caaec
      ]]></description>

      <Point>
        <coordinates>-123.62666667,42.17765,0</coordinates>
      </Point>

    </Placemark>

    <Placemark>
      <name>🔥 LAC-290108</name>

      <styleUrl>#wildfireIncident</styleUrl>

      <description><![CDATA[
<b>LAC-290108</b><br>
Source: NIFC / WFIGS<br>
Type: WF<br>
Acres: 0.01<br>
Cause: Undetermined<br>
Discovery: 1786867638000<br>
IRWIN ID: c531cb75-8643-4c83-8c7d-d384e58b8b90
      ]]></description>

      <Point>
        <coordinates>-118.08671,34.70941,0</coordinates>
      </Point>

    </Placemark>

    <Placemark>
      <name>🔥 0433 BREWER</name>

      <styleUrl>#wildfireIncident</styleUrl>

      <description><![CDATA[
<b>0433 BREWER</b><br>
Source: NIFC / WFIGS<br>
Type: WF<br>
Acres: 70821<br>
Contained: 100%<br>
Cause: Natural<br>
Discovery: 1784158140000<br>
IRWIN ID: ccefd7d4-febd-496d-855e-ca0c9944bf0c
      ]]></description>

      <Point>
        <coordinates>-120.907094,44.5885680000001,0</coordinates>
      </Point>

    </Placemark>

    <Placemark>
      <name>🔥 COPPER</name>

      <styleUrl>#wildfireIncident</styleUrl>

      <description><![CDATA[
<b>COPPER</b><br>
Source: NIFC / WFIGS<br>
Type: WF<br>
Acres: 0.01<br>
Cause: Undetermined<br>
Discovery: 1786988153000<br>
IRWIN ID: d2d256fa-86f5-4833-a0a1-ef32e60a486d
      ]]></description>

      <Point>
        <coordinates>-118.53438,34.46004,0</coordinates>
      </Point>

    </Placemark>

    <Placemark>
      <name>🔥 3-1 PIT</name>

      <styleUrl>#wildfireIncident</styleUrl>

      <description><![CDATA[
<b>3-1 PIT</b><br>
Source: NIFC / WFIGS<br>
Type: WF<br>
Acres: 1055<br>
Contained: 98%<br>
Cause: Undetermined<br>
Discovery: 1783456502000<br>
IRWIN ID: 69dd692f-9d85-4d69-91e9-ab82aeb5aeb5
      ]]></description>

      <Point>
        <coordinates>-121.2685,40.948833,0</coordinates>
      </Point>

    </Placemark>

    <Placemark>
      <name>🔥 Border 2</name>

      <styleUrl>#wildfireIncident</styleUrl>

      <description><![CDATA[
<b>Border 2</b><br>
Source: NIFC / WFIGS<br>
Type: WF<br>
Acres: 7296.39<br>
Contained: 31%<br>
Cause: Natural<br>
Discovery: 1784250840000<br>
IRWIN ID: a60ca689-bd59-4a2d-9bdc-cc551ceafca4
      ]]></description>

      <Point>
        <coordinates>-121.027683,48.9982000000001,0</coordinates>
      </Point>

    </Placemark>

    <Placemark>
      <name>🔥 DEVIL&#x27;S CANYON</name>

      <styleUrl>#wildfireIncident</styleUrl>

      <description><![CDATA[
<b>DEVIL&#x27;S CANYON</b><br>
Source: NIFC / WFIGS<br>
Type: WF<br>
Acres: 4766<br>
Contained: 100%<br>
Cause: Undetermined<br>
Discovery: 1784330933000<br>
IRWIN ID: 23e897a7-535b-4a9d-a37e-7e33c07cadc9
      ]]></description>

      <Point>
        <coordinates>-118.548791,46.6000030000001,0</coordinates>
      </Point>

    </Placemark>

    <Placemark>
      <name>🔥 RIDGE</name>

      <styleUrl>#wildfireIncident</styleUrl>

      <description><![CDATA[
<b>RIDGE</b><br>
Source: NIFC / WFIGS<br>
Type: WF<br>
Acres: 1134<br>
Contained: 100%<br>
Cause: Undetermined<br>
Discovery: 1786138986000<br>
IRWIN ID: baf0d8b7-48fa-43f7-a249-349644693c63
      ]]></description>

      <Point>
        <coordinates>-118.82999,34.7910800000001,0</coordinates>
      </Point>

    </Placemark>

    <Placemark>
      <name>🔥 LAC-289448</name>

      <styleUrl>#wildfireIncident</styleUrl>

      <description><![CDATA[
<b>LAC-289448</b><br>
Source: NIFC / WFIGS<br>
Type: WF<br>
Acres: 0.01<br>
Cause: Undetermined<br>
Discovery: 1786830206000<br>
IRWIN ID: 018ce2d4-8264-4b39-8c38-8a12a2ed8b00
      ]]></description>

      <Point>
        <coordinates>-117.74799,34.0234600000001,0</coordinates>
      </Point>

    </Placemark>

    <Placemark>
      <name>🔥 Upper Smith</name>

      <styleUrl>#wildfireIncident</styleUrl>

      <description><![CDATA[
<b>Upper Smith</b><br>
Source: NIFC / WFIGS<br>
Type: WF<br>
Acres: 3697<br>
Contained: 38%<br>
Cause: Natural<br>
Discovery: 1783524540000<br>
IRWIN ID: aa3df707-b3f6-41b8-a5ff-bf502a918ffc
      ]]></description>

      <Point>
        <coordinates>-116.607783,48.9275000000001,0</coordinates>
      </Point>

    </Placemark>

    <Placemark>
      <name>🔥 KING MOUNTAIN CWC 260659</name>

      <styleUrl>#wildfireIncident</styleUrl>

      <description><![CDATA[
<b>KING MOUNTAIN CWC 260659</b><br>
Source: NIFC / WFIGS<br>
Type: WF<br>
Acres: 0.5<br>
Cause: Undetermined<br>
Discovery: 1786720636000<br>
IRWIN ID: b1e492c0-2822-4b56-9914-42181a9a42e8
      ]]></description>

      <Point>
        <coordinates>-121.43891,46.05078,0</coordinates>
      </Point>

    </Placemark>

    <Placemark>
      <name>🔥 FAIRVIEW</name>

      <styleUrl>#wildfireIncident</styleUrl>

      <description><![CDATA[
<b>FAIRVIEW</b><br>
Source: NIFC / WFIGS<br>
Type: WF<br>
Acres: 992<br>
Contained: 100%<br>
Cause: Human<br>
Discovery: 1785618720000<br>
IRWIN ID: 1c524fe5-7f69-4030-a197-9200ba919915
      ]]></description>

      <Point>
        <coordinates>-117.3577,47.750926,0</coordinates>
      </Point>

    </Placemark>

    <Placemark>
      <name>🔥 Battleship</name>

      <styleUrl>#wildfireIncident</styleUrl>

      <description><![CDATA[
<b>Battleship</b><br>
Source: NIFC / WFIGS<br>
Type: WF<br>
Acres: 55<br>
Cause: Natural<br>
Discovery: 1786396647000<br>
IRWIN ID: 879506a3-57eb-4b30-8dae-aa84d8e05fb5
      ]]></description>

      <Point>
        <coordinates>-111.364867,33.4938670000001,0</coordinates>
      </Point>

    </Placemark>

    <Placemark>
      <name>🔥 Ash</name>

      <styleUrl>#wildfireIncident</styleUrl>

      <description><![CDATA[
<b>Ash</b><br>
Source: NIFC / WFIGS<br>
Type: WF<br>
Acres: 25.5<br>
Cause: Human<br>
Discovery: 1786411380000<br>
IRWIN ID: bfd6fded-85e0-49ea-b493-a90765696f66
      ]]></description>

      <Point>
        <coordinates>-104.30186,46.6342900000001,0</coordinates>
      </Point>

    </Placemark>

    <Placemark>
      <name>🔥 QUAIL SPRINGS</name>

      <styleUrl>#wildfireIncident</styleUrl>

      <description><![CDATA[
<b>QUAIL SPRINGS</b><br>
Source: NIFC / WFIGS<br>
Type: WF<br>
Acres: 13619<br>
Contained: 95%<br>
Cause: Undetermined<br>
Discovery: 1784992920000<br>
IRWIN ID: 2d6683d6-91a2-4c00-8771-015c41600c5c
      ]]></description>

      <Point>
        <coordinates>-115.71,37.4123000000001,0</coordinates>
      </Point>

    </Placemark>

    <Placemark>
      <name>🔥 WARNER</name>

      <styleUrl>#wildfireIncident</styleUrl>

      <description><![CDATA[
<b>WARNER</b><br>
Source: NIFC / WFIGS<br>
Type: WF<br>
Acres: 0.01<br>
Cause: Undetermined<br>
Discovery: 1787009195000<br>
IRWIN ID: 79e6af28-6c48-4b4b-a964-83937ddc924e
      ]]></description>

      <Point>
        <coordinates>-116.576833,33.284999,0</coordinates>
      </Point>

    </Placemark>

    <Placemark>
      <name>🔥 Pleasant Grove 2</name>

      <styleUrl>#wildfireIncident</styleUrl>

      <description><![CDATA[
<b>Pleasant Grove 2</b><br>
Source: NIFC / WFIGS<br>
Type: WF<br>
Acres: 10<br>
Cause: Undetermined<br>
Discovery: 1783619820000<br>
IRWIN ID: 5e8ddcd0-a550-4220-b925-4a1502b485f7
      ]]></description>

      <Point>
        <coordinates>-108.46296,46.3827600000001,0</coordinates>
      </Point>

    </Placemark>

    <Placemark>
      <name>🔥 Cliff Spring</name>

      <styleUrl>#wildfireIncident</styleUrl>

      <description><![CDATA[
<b>Cliff Spring</b><br>
Source: NIFC / WFIGS<br>
Type: WF<br>
Acres: 170<br>
Cause: Natural<br>
Discovery: 1782494400000<br>
IRWIN ID: 8a73e623-6a18-47d2-b977-f95e30bacec8
      ]]></description>

      <Point>
        <coordinates>-111.921,36.1216670000001,0</coordinates>
      </Point>

    </Placemark>

    <Placemark>
      <name>🔥 FA #32</name>

      <styleUrl>#wildfireIncident</styleUrl>

      <description><![CDATA[
<b>FA #32</b><br>
Source: NIFC / WFIGS<br>
Type: WF<br>
Acres: 0.1<br>
Cause: Undetermined<br>
Discovery: 1786799981000<br>
IRWIN ID: ec48e7f1-96f6-400b-a7bc-6067dd37e9ca
      ]]></description>

      <Point>
        <coordinates>-119.797068,42.057918,0</coordinates>
      </Point>

    </Placemark>

    <Placemark>
      <name>🔥 310</name>

      <styleUrl>#wildfireIncident</styleUrl>

      <description><![CDATA[
<b>310</b><br>
Source: NIFC / WFIGS<br>
Type: WF<br>
Acres: 603<br>
Contained: 96%<br>
Cause: Human<br>
Discovery: 1786041725000<br>
IRWIN ID: d345ffb1-cb91-48bf-b6d5-7f7c4f562570
      ]]></description>

      <Point>
        <coordinates>-107.983983,39.4444500000001,0</coordinates>
      </Point>

    </Placemark>

    <Placemark>
      <name>🔥 Doublesprings</name>

      <styleUrl>#wildfireIncident</styleUrl>

      <description><![CDATA[
<b>Doublesprings</b><br>
Source: NIFC / WFIGS<br>
Type: WF<br>
Acres: 1779<br>
Contained: 18%<br>
Cause: Natural<br>
Discovery: 1784934755000<br>
IRWIN ID: 960c064b-1764-4834-bd28-90fb69a4ab4a
      ]]></description>

      <Point>
        <coordinates>-113.859033,44.3252170000001,0</coordinates>
      </Point>

    </Placemark>

    <Placemark>
      <name>🔥 THREE QUEENS</name>

      <styleUrl>#wildfireIncident</styleUrl>

      <description><![CDATA[
<b>THREE QUEENS</b><br>
Source: NIFC / WFIGS<br>
Type: WF<br>
Acres: 3636<br>
Contained: 2%<br>
Cause: Natural<br>
Discovery: 1784176080000<br>
IRWIN ID: dfa477f2-305c-49ca-b82e-2af072ab55f8
      ]]></description>

      <Point>
        <coordinates>-121.261333,47.414,0</coordinates>
      </Point>

    </Placemark>

    <Placemark>
      <name>🔥 0502</name>

      <styleUrl>#wildfireIncident</styleUrl>

      <description><![CDATA[
<b>0502</b><br>
Source: NIFC / WFIGS<br>
Type: WF<br>
Acres: 1816<br>
Contained: 100%<br>
Cause: Natural<br>
Discovery: 1784249901000<br>
IRWIN ID: a430cf58-32e0-4019-8252-9b283afd65e9
      ]]></description>

      <Point>
        <coordinates>-120.297013,44.829331,0</coordinates>
      </Point>

    </Placemark>

    <Placemark>
      <name>🔥 Ove</name>

      <styleUrl>#wildfireIncident</styleUrl>

      <description><![CDATA[
<b>Ove</b><br>
Source: NIFC / WFIGS<br>
Type: WF<br>
Acres: 0.25<br>
Cause: Undetermined<br>
Discovery: 1786977854000<br>
IRWIN ID: 222ff405-9b6a-471a-9537-3b49480b2b86
      ]]></description>

      <Point>
        <coordinates>-116.21595,46.5938320000001,0</coordinates>
      </Point>

    </Placemark>

    <Placemark>
      <name>🔥 Bobcat Lakes</name>

      <styleUrl>#wildfireIncident</styleUrl>

      <description><![CDATA[
<b>Bobcat Lakes</b><br>
Source: NIFC / WFIGS<br>
Type: WF<br>
Acres: 9791<br>
Contained: 10%<br>
Cause: Undetermined<br>
Discovery: 1785530340000<br>
IRWIN ID: 801a448c-b5b4-4dcc-bae2-cef8fedbb2a6
      ]]></description>

      <Point>
        <coordinates>-113.203883,45.6368170000001,0</coordinates>
      </Point>

    </Placemark>

    <Placemark>
      <name>🔥 Park</name>

      <styleUrl>#wildfireIncident</styleUrl>

      <description><![CDATA[
<b>Park</b><br>
Source: NIFC / WFIGS<br>
Type: WF<br>
Acres: 10<br>
Cause: Natural<br>
Discovery: 1785110463000<br>
IRWIN ID: 96c64423-59ed-4c78-b205-18bb5f4d0f34
      ]]></description>

      <Point>
        <coordinates>-106.575333,45.164,0</coordinates>
      </Point>

    </Placemark>

    <Placemark>
      <name>🔥 Nelson</name>

      <styleUrl>#wildfireIncident</styleUrl>

      <description><![CDATA[
<b>Nelson</b><br>
Source: NIFC / WFIGS<br>
Type: WF<br>
Discovery: 1786874400000<br>
IRWIN ID: 88b7c90b-bf20-4773-9f4b-47000559082f
      ]]></description>

      <Point>
        <coordinates>-123.6991667,41.0752778,0</coordinates>
      </Point>

    </Placemark>

    <Placemark>
      <name>🔥 Post</name>

      <styleUrl>#wildfireIncident</styleUrl>

      <description><![CDATA[
<b>Post</b><br>
Source: NIFC / WFIGS<br>
Type: WF<br>
Acres: 4343<br>
Contained: 65%<br>
Cause: Natural<br>
Discovery: 1786496100000<br>
IRWIN ID: 251fd40c-6bcb-4c69-81ec-f105e1328374
      ]]></description>

      <Point>
        <coordinates>-104.421389,37.0819440000001,0</coordinates>
      </Point>

    </Placemark>

    <Placemark>
      <name>🔥 LAC-290553</name>

      <styleUrl>#wildfireIncident</styleUrl>

      <description><![CDATA[
<b>LAC-290553</b><br>
Source: NIFC / WFIGS<br>
Type: WF<br>
Acres: 0.01<br>
Cause: Undetermined<br>
Discovery: 1786907238000<br>
IRWIN ID: 647ca121-f223-4ceb-834a-bc537735d367
      ]]></description>

      <Point>
        <coordinates>-118.2134,33.92625,0</coordinates>
      </Point>

    </Placemark>

    <Placemark>
      <name>🔥 Hairpin</name>

      <styleUrl>#wildfireIncident</styleUrl>

      <description><![CDATA[
<b>Hairpin</b><br>
Source: NIFC / WFIGS<br>
Type: WF<br>
Acres: 35.76<br>
Cause: Undetermined<br>
Discovery: 1785709620000<br>
IRWIN ID: 620381ea-6258-4c8c-b036-57b2d4ff148d
      ]]></description>

      <Point>
        <coordinates>-108.30501,45.7797,0</coordinates>
      </Point>

    </Placemark>

    <Placemark>
      <name>🔥 Miners</name>

      <styleUrl>#wildfireIncident</styleUrl>

      <description><![CDATA[
<b>Miners</b><br>
Source: NIFC / WFIGS<br>
Type: WF<br>
Acres: 4<br>
Cause: Undetermined<br>
Discovery: 1786741616000<br>
IRWIN ID: fa1a7d4e-1165-4585-8d30-e88a978b2c75
      ]]></description>

      <Point>
        <coordinates>-121.063,48.212,0</coordinates>
      </Point>

    </Placemark>

    <Placemark>
      <name>🔥 Aspen Acres</name>

      <styleUrl>#wildfireIncident</styleUrl>

      <description><![CDATA[
<b>Aspen Acres</b><br>
Source: NIFC / WFIGS<br>
Type: WF<br>
Acres: 102004<br>
Contained: 72%<br>
Cause: Human<br>
Discovery: 1782734686000<br>
IRWIN ID: 1cdf5e5a-f22e-4352-a582-c2a47663b93d
      ]]></description>

      <Point>
        <coordinates>-105.071268,38.0193150000001,0</coordinates>
      </Point>

    </Placemark>

    <Placemark>
      <name>🔥 Forks State Park</name>

      <styleUrl>#wildfireIncident</styleUrl>

      <description><![CDATA[
<b>Forks State Park</b><br>
Source: NIFC / WFIGS<br>
Type: WF<br>
Acres: 1<br>
Cause: Undetermined<br>
Discovery: 1786318920000<br>
IRWIN ID: d7761d5d-d267-4830-a3f8-dab7eac7c38a
      ]]></description>

      <Point>
        <coordinates>-123.655486,42.1567440000001,0</coordinates>
      </Point>

    </Placemark>

    <Placemark>
      <name>🔥 WEBB</name>

      <styleUrl>#wildfireIncident</styleUrl>

      <description><![CDATA[
<b>WEBB</b><br>
Source: NIFC / WFIGS<br>
Type: WF<br>
Acres: 0.01<br>
Cause: Undetermined<br>
Discovery: 1786772012000<br>
IRWIN ID: 5b190339-8078-4303-bc16-74ffc7f3883a
      ]]></description>

      <Point>
        <coordinates>-118.27099,34.5959800000001,0</coordinates>
      </Point>

    </Placemark>

    <Placemark>
      <name>🔥 Grotto</name>

      <styleUrl>#wildfireIncident</styleUrl>

      <description><![CDATA[
<b>Grotto</b><br>
Source: NIFC / WFIGS<br>
Type: WF<br>
Acres: 900<br>
Contained: 0%<br>
Cause: Undetermined<br>
Discovery: 1785368521000<br>
IRWIN ID: 687d3124-6031-4c95-b574-6afb110fd389
      ]]></description>

      <Point>
        <coordinates>-115.093667,46.2559000000001,0</coordinates>
      </Point>

    </Placemark>

    <Placemark>
      <name>🔥 CR - HIGHWAY</name>

      <styleUrl>#wildfireIncident</styleUrl>

      <description><![CDATA[
<b>CR - HIGHWAY</b><br>
Source: NIFC / WFIGS<br>
Type: WF<br>
Acres: 0.01<br>
Cause: Undetermined<br>
Discovery: 1786913143000<br>
IRWIN ID: 2e79161a-f2ea-4c07-b562-dfd46a24c677
      ]]></description>

      <Point>
        <coordinates>-120.2859,47.5245,0</coordinates>
      </Point>

    </Placemark>

    <Placemark>
      <name>🔥 BACKBONE</name>

      <styleUrl>#wildfireIncident</styleUrl>

      <description><![CDATA[
<b>BACKBONE</b><br>
Source: NIFC / WFIGS<br>
Type: WF<br>
Acres: 15<br>
Contained: 0%<br>
Cause: Natural<br>
Discovery: 1785951724000<br>
IRWIN ID: 9957ed4a-f55b-457f-be0d-9a2ff0373891
      ]]></description>

      <Point>
        <coordinates>-121.593467,46.7033670000001,0</coordinates>
      </Point>

    </Placemark>

    <Placemark>
      <name>🔥 Beachcomb</name>

      <styleUrl>#wildfireIncident</styleUrl>

      <description><![CDATA[
<b>Beachcomb</b><br>
Source: NIFC / WFIGS<br>
Type: WF<br>
Acres: 13648<br>
Contained: 100%<br>
Cause: Undetermined<br>
Discovery: 1784855100000<br>
IRWIN ID: c8a81ed6-1fd6-492e-ad8d-5085f78eb1fa
      ]]></description>

      <Point>
        <coordinates>-121.404444,44.695278,0</coordinates>
      </Point>

    </Placemark>

    <Placemark>
      <name>🔥 Green Mountain</name>

      <styleUrl>#wildfireIncident</styleUrl>

      <description><![CDATA[
<b>Green Mountain</b><br>
Source: NIFC / WFIGS<br>
Type: WF<br>
Acres: 0.5<br>
Cause: Undetermined<br>
Discovery: 1786839862000<br>
IRWIN ID: 177955e1-e716-484a-b382-706323552610
      ]]></description>

      <Point>
        <coordinates>-121.22435,48.3009220000001,0</coordinates>
      </Point>

    </Placemark>

    <Placemark>
      <name>🔥 DAY</name>

      <styleUrl>#wildfireIncident</styleUrl>

      <description><![CDATA[
<b>DAY</b><br>
Source: NIFC / WFIGS<br>
Type: WF<br>
Acres: 0.01<br>
Cause: Undetermined<br>
Discovery: 1786799012000<br>
IRWIN ID: 88b13135-6720-4f59-9575-f1c71170bf37
      ]]></description>

      <Point>
        <coordinates>-121.633,37.044,0</coordinates>
      </Point>

    </Placemark>

    <Placemark>
      <name>🔥 Hagen</name>

      <styleUrl>#wildfireIncident</styleUrl>

      <description><![CDATA[
<b>Hagen</b><br>
Source: NIFC / WFIGS<br>
Type: WF<br>
Acres: 56869<br>
Contained: 17%<br>
Cause: Natural<br>
Discovery: 1784244000000<br>
IRWIN ID: d4e53810-46d0-48fb-889b-3e670328dcfb
      ]]></description>

      <Point>
        <coordinates>-118.269,45.7070000000001,0</coordinates>
      </Point>

    </Placemark>

    <Placemark>
      <name>🔥 Island</name>

      <styleUrl>#wildfireIncident</styleUrl>

      <description><![CDATA[
<b>Island</b><br>
Source: NIFC / WFIGS<br>
Type: WF<br>
Acres: 3145<br>
Contained: 100%<br>
Cause: Undetermined<br>
Discovery: 1785039469000<br>
IRWIN ID: f12ee99c-d40c-42d1-b108-af54b09753e2
      ]]></description>

      <Point>
        <coordinates>-114.681482,33.2796510000001,0</coordinates>
      </Point>

    </Placemark>

    <Placemark>
      <name>🔥 MAVERICK CREEK</name>

      <styleUrl>#wildfireIncident</styleUrl>

      <description><![CDATA[
<b>MAVERICK CREEK</b><br>
Source: NIFC / WFIGS<br>
Type: WF<br>
Acres: 1<br>
Cause: Undetermined<br>
Discovery: 1785961870000<br>
IRWIN ID: 730df9b8-2b03-46cb-8467-e2c915dbd74a
      ]]></description>

      <Point>
        <coordinates>-105.14241,36.56167,0</coordinates>
      </Point>

    </Placemark>

    <Placemark>
      <name>🔥 Marlow Canyon</name>

      <styleUrl>#wildfireIncident</styleUrl>

      <description><![CDATA[
<b>Marlow Canyon</b><br>
Source: NIFC / WFIGS<br>
Type: WF<br>
Acres: 5.5<br>
Cause: Human<br>
Discovery: 1787017557000<br>
IRWIN ID: cea72434-b8b4-478b-8708-5187465d1794
      ]]></description>

      <Point>
        <coordinates>-112.166833,41.8525000000001,0</coordinates>
      </Point>

    </Placemark>

    <Placemark>
      <name>🔥 MITRE ROCK</name>

      <styleUrl>#wildfireIncident</styleUrl>

      <description><![CDATA[
<b>MITRE ROCK</b><br>
Source: NIFC / WFIGS<br>
Type: WF<br>
Acres: 4518<br>
Contained: 100%<br>
Cause: Human<br>
Discovery: 1785634007000<br>
IRWIN ID: c11a3685-c035-4241-a17c-8076ee99619d
      ]]></description>

      <Point>
        <coordinates>-118.328486,47.911635,0</coordinates>
      </Point>

    </Placemark>

    <Placemark>
      <name>🔥 I-90 MM 519</name>

      <styleUrl>#wildfireIncident</styleUrl>

      <description><![CDATA[
<b>I-90 MM 519</b><br>
Source: NIFC / WFIGS<br>
Type: WF<br>
Acres: 0.1<br>
Cause: Undetermined<br>
Discovery: 1784570269000<br>
IRWIN ID: ac0e68ee-ecdd-4c27-a92c-3653ff503fd6
      ]]></description>

      <Point>
        <coordinates>-107.379444,45.4858330000001,0</coordinates>
      </Point>

    </Placemark>

    <Placemark>
      <name>🔥 MOUSE MEADOW</name>

      <styleUrl>#wildfireIncident</styleUrl>

      <description><![CDATA[
<b>MOUSE MEADOW</b><br>
Source: NIFC / WFIGS<br>
Type: WF<br>
Acres: 52000<br>
Contained: 80%<br>
Cause: Undetermined<br>
Discovery: 1784854852000<br>
IRWIN ID: dceba814-01d4-4814-b421-3113fb326d0d
      ]]></description>

      <Point>
        <coordinates>-116.157567,37.2667000000001,0</coordinates>
      </Point>

    </Placemark>

    <Placemark>
      <name>🔥 GERDIE</name>

      <styleUrl>#wildfireIncident</styleUrl>

      <description><![CDATA[
<b>GERDIE</b><br>
Source: NIFC / WFIGS<br>
Type: WF<br>
Acres: 34.6<br>
Cause: Natural<br>
Discovery: 1786908720000<br>
IRWIN ID: 329236b3-867c-4cdc-996b-adb5946e9e1d
      ]]></description>

      <Point>
        <coordinates>-116.65255,43.0203330000001,0</coordinates>
      </Point>

    </Placemark>

    <Placemark>
      <name>🔥 CHUTE</name>

      <styleUrl>#wildfireIncident</styleUrl>

      <description><![CDATA[
<b>CHUTE</b><br>
Source: NIFC / WFIGS<br>
Type: WF<br>
Acres: 162<br>
Contained: 96%<br>
Cause: Undetermined<br>
Discovery: 1783956013000<br>
IRWIN ID: 4c9d1fd7-7131-412a-9995-ca7789782346
      ]]></description>

      <Point>
        <coordinates>-121.150697,39.351544,0</coordinates>
      </Point>

    </Placemark>

    <Placemark>
      <name>🔥 Canal Bon</name>

      <styleUrl>#wildfireIncident</styleUrl>

      <description><![CDATA[
<b>Canal Bon</b><br>
Source: NIFC / WFIGS<br>
Type: WF<br>
Acres: 0.2<br>
Cause: Undetermined<br>
Discovery: 1786921200000<br>
IRWIN ID: 139dc4f8-9938-4ca0-82e3-d05f0211f0db
      ]]></description>

      <Point>
        <coordinates>-105.08593,36.2438700000001,0</coordinates>
      </Point>

    </Placemark>

    <Placemark>
      <name>🔥 FELIZ</name>

      <styleUrl>#wildfireIncident</styleUrl>

      <description><![CDATA[
<b>FELIZ</b><br>
Source: NIFC / WFIGS<br>
Type: WF<br>
Acres: 872<br>
Contained: 100%<br>
Cause: Undetermined<br>
Discovery: 1785623948000<br>
IRWIN ID: 5ac0b49d-3f64-4344-826a-5dbb1925e757
      ]]></description>

      <Point>
        <coordinates>-123.16114,38.9924600000001,0</coordinates>
      </Point>

    </Placemark>

    <Placemark>
      <name>🔥 BLACKWATER</name>

      <styleUrl>#wildfireIncident</styleUrl>

      <description><![CDATA[
<b>BLACKWATER</b><br>
Source: NIFC / WFIGS<br>
Type: WF<br>
Acres: 66.2<br>
Cause: Natural<br>
Discovery: 1786831200000<br>
IRWIN ID: 434d39bd-19d4-480a-9d13-8d53fd6d61f0
      ]]></description>

      <Point>
        <coordinates>-103.16024,34.22513,0</coordinates>
      </Point>

    </Placemark>

    <Placemark>
      <name>🔥 0432</name>

      <styleUrl>#wildfireIncident</styleUrl>

      <description><![CDATA[
<b>0432</b><br>
Source: NIFC / WFIGS<br>
Type: WF<br>
Acres: 2183<br>
Contained: 100%<br>
Cause: Natural<br>
Discovery: 1784157607000<br>
IRWIN ID: 09290068-0244-4a3c-aed4-6d828812f2b1
      ]]></description>

      <Point>
        <coordinates>-120.759188,45.0001370000001,0</coordinates>
      </Point>

    </Placemark>

    <Placemark>
      <name>🔥 POISON</name>

      <styleUrl>#wildfireIncident</styleUrl>

      <description><![CDATA[
<b>POISON</b><br>
Source: NIFC / WFIGS<br>
Type: WF<br>
Acres: 0.25<br>
Cause: Natural<br>
Discovery: 1786999391000<br>
IRWIN ID: 18b671ef-b72c-4a42-b682-cf0526d1b5fa
      ]]></description>

      <Point>
        <coordinates>-120.533163,47.4472280000001,0</coordinates>
      </Point>

    </Placemark>

    <Placemark>
      <name>🔥 NIGHTHAWK</name>

      <styleUrl>#wildfireIncident</styleUrl>

      <description><![CDATA[
<b>NIGHTHAWK</b><br>
Source: NIFC / WFIGS<br>
Type: WF<br>
Acres: 0.5<br>
Cause: Human<br>
Discovery: 1787002959000<br>
IRWIN ID: 2a50c295-8619-43a4-a0e9-326a8ab763fd
      ]]></description>

      <Point>
        <coordinates>-122.886667,48.018467,0</coordinates>
      </Point>

    </Placemark>

    <Placemark>
      <name>🔥 Buffalo Spring</name>

      <styleUrl>#wildfireIncident</styleUrl>

      <description><![CDATA[
<b>Buffalo Spring</b><br>
Source: NIFC / WFIGS<br>
Type: WF<br>
Acres: 15<br>
Cause: Human<br>
Discovery: 1786132283000<br>
IRWIN ID: 9faefc3a-d239-48ea-9ea5-ded946e9b8dc
      ]]></description>

      <Point>
        <coordinates>-108.64581,45.9723300000001,0</coordinates>
      </Point>

    </Placemark>

    <Placemark>
      <name>🔥 Pivot</name>

      <styleUrl>#wildfireIncident</styleUrl>

      <description><![CDATA[
<b>Pivot</b><br>
Source: NIFC / WFIGS<br>
Type: WF<br>
Acres: 3.5<br>
Cause: Undetermined<br>
Discovery: 1786399200000<br>
IRWIN ID: 3522e0f6-d437-488d-9e63-5e330be78fa4
      ]]></description>

      <Point>
        <coordinates>-108.46262,46.45813,0</coordinates>
      </Point>

    </Placemark>

    <Placemark>
      <name>🔥 0512 BOX SPRINGS</name>

      <styleUrl>#wildfireIncident</styleUrl>

      <description><![CDATA[
<b>0512 BOX SPRINGS</b><br>
Source: NIFC / WFIGS<br>
Type: WF<br>
Acres: 21432<br>
Contained: 100%<br>
Cause: Natural<br>
Discovery: 1784325600000<br>
IRWIN ID: 7feb8502-6a78-4387-b8a7-fe675182b1bb
      ]]></description>

      <Point>
        <coordinates>-120.4985,44.6353330000001,0</coordinates>
      </Point>

    </Placemark>

    <Placemark>
      <name>🔥 BRANSCOMB</name>

      <styleUrl>#wildfireIncident</styleUrl>

      <description><![CDATA[
<b>BRANSCOMB</b><br>
Source: NIFC / WFIGS<br>
Type: WF<br>
Acres: 0.1<br>
Cause: Undetermined<br>
Discovery: 1786974041000<br>
IRWIN ID: 2853f9fe-2c79-48fd-ad2a-c11aea6cdbbb
      ]]></description>

      <Point>
        <coordinates>-123.510317,39.673094,0</coordinates>
      </Point>

    </Placemark>

    <Placemark>
      <name>🔥 BRADEEN HILL</name>

      <styleUrl>#wildfireIncident</styleUrl>

      <description><![CDATA[
<b>BRADEEN HILL</b><br>
Source: NIFC / WFIGS<br>
Type: WF<br>
Acres: 4417<br>
Contained: 96%<br>
Cause: Human<br>
Discovery: 1785012720000<br>
IRWIN ID: bb27075a-ffa2-4619-8f54-1334194cddbc
      ]]></description>

      <Point>
        <coordinates>-118.114443,48.312618,0</coordinates>
      </Point>

    </Placemark>

    <Placemark>
      <name>🔥 REEVAS BASIN</name>

      <styleUrl>#wildfireIncident</styleUrl>

      <description><![CDATA[
<b>REEVAS BASIN</b><br>
Source: NIFC / WFIGS<br>
Type: WF<br>
Acres: 250<br>
Contained: 40%<br>
Cause: Human<br>
Discovery: 1786827060000<br>
IRWIN ID: d403aa0f-da05-401e-822a-85120b0dbced
      ]]></description>

      <Point>
        <coordinates>-119.25345,48.6437000000001,0</coordinates>
      </Point>

    </Placemark>

    <Placemark>
      <name>🔥 Montgomery Draw</name>

      <styleUrl>#wildfireIncident</styleUrl>

      <description><![CDATA[
<b>Montgomery Draw</b><br>
Source: NIFC / WFIGS<br>
Type: WF<br>
Acres: 536<br>
Contained: 100%<br>
Cause: Human<br>
Discovery: 1786050388000<br>
IRWIN ID: daa981cb-a3e9-4568-82de-cf0bc9c50806
      ]]></description>

      <Point>
        <coordinates>-105.8556,44.366767,0</coordinates>
      </Point>

    </Placemark>

    <Placemark>
      <name>🔥 0587 SHINGLE</name>

      <styleUrl>#wildfireIncident</styleUrl>

      <description><![CDATA[
<b>0587 SHINGLE</b><br>
Source: NIFC / WFIGS<br>
Type: WF<br>
Acres: 73183<br>
Contained: 91%<br>
Cause: Natural<br>
Discovery: 1784829557000<br>
IRWIN ID: 005f6c67-604a-49e5-bbb9-0abf4924980b
      ]]></description>

      <Point>
        <coordinates>-119.8976,44.468717,0</coordinates>
      </Point>

    </Placemark>

    <Placemark>
      <name>🔥 VICTOR</name>

      <styleUrl>#wildfireIncident</styleUrl>

      <description><![CDATA[
<b>VICTOR</b><br>
Source: NIFC / WFIGS<br>
Type: WF<br>
Acres: 0.01<br>
Cause: Undetermined<br>
Discovery: 1786849095000<br>
IRWIN ID: efcc899a-f7a0-4301-81f8-c336e66ee3f2
      ]]></description>

      <Point>
        <coordinates>-118.41681,34.3253100000001,0</coordinates>
      </Point>

    </Placemark>

    <Placemark>
      <name>🔥 PTARMIGAN</name>

      <styleUrl>#wildfireIncident</styleUrl>

      <description><![CDATA[
<b>PTARMIGAN</b><br>
Source: NIFC / WFIGS<br>
Type: WF<br>
Acres: 24647<br>
Contained: 55%<br>
Cause: Undetermined<br>
Discovery: 1784301660000<br>
IRWIN ID: 735ffadd-9f45-4188-a66b-335931316e23
      ]]></description>

      <Point>
        <coordinates>-120.6095,48.9420000000001,0</coordinates>
      </Point>

    </Placemark>

    <Placemark>
      <name>🔥 Jackass Butte</name>

      <styleUrl>#wildfireIncident</styleUrl>

      <description><![CDATA[
<b>Jackass Butte</b><br>
Source: NIFC / WFIGS<br>
Type: WF<br>
Acres: 24724<br>
Contained: 92%<br>
Cause: Natural<br>
Discovery: 1784939460000<br>
IRWIN ID: 0c7a5b02-3b18-4ced-b10b-e9c315773c19
      ]]></description>

      <Point>
        <coordinates>-118.955667,43.0450000000001,0</coordinates>
      </Point>

    </Placemark>

    <Placemark>
      <name>🔥 Black Pine</name>

      <styleUrl>#wildfireIncident</styleUrl>

      <description><![CDATA[
<b>Black Pine</b><br>
Source: NIFC / WFIGS<br>
Type: WF<br>
Acres: 1<br>
Cause: Undetermined<br>
Discovery: 1785709433000<br>
IRWIN ID: e7da4822-3948-4477-aacd-5466710a570b
      ]]></description>

      <Point>
        <coordinates>-108.49521,45.80449,0</coordinates>
      </Point>

    </Placemark>

    <Placemark>
      <name>🔥 HWY 91 INC 964</name>

      <styleUrl>#wildfireIncident</styleUrl>

      <description><![CDATA[
<b>HWY 91 INC 964</b><br>
Source: NIFC / WFIGS<br>
Type: WF<br>
Acres: 361<br>
Contained: 100%<br>
Cause: Human<br>
Discovery: 1785534000000<br>
IRWIN ID: 6c73fb59-07fe-4267-a5e5-78e4de57120d
      ]]></description>

      <Point>
        <coordinates>-108.405,45.422917,0</coordinates>
      </Point>

    </Placemark>

    <Placemark>
      <name>🔥 480</name>

      <styleUrl>#wildfireIncident</styleUrl>

      <description><![CDATA[
<b>480</b><br>
Source: NIFC / WFIGS<br>
Type: WF<br>
Acres: 28.1<br>
Cause: Human<br>
Discovery: 1786487418000<br>
IRWIN ID: e6d5a2de-d081-4b69-89e9-5038aa4dc2a7
      ]]></description>

      <Point>
        <coordinates>-107.91364,45.76701,0</coordinates>
      </Point>

    </Placemark>

    <Placemark>
      <name>🔥 TANEUM CREEK</name>

      <styleUrl>#wildfireIncident</styleUrl>

      <description><![CDATA[
<b>TANEUM CREEK</b><br>
Source: NIFC / WFIGS<br>
Type: WF<br>
Acres: 15.74<br>
Cause: Human<br>
Discovery: 1786613760000<br>
IRWIN ID: 6785740b-97fe-4c1a-9f1a-2b5af68f19e3
      ]]></description>

      <Point>
        <coordinates>-120.919333,47.1298330000001,0</coordinates>
      </Point>

    </Placemark>

    <Placemark>
      <name>🔥 LAC-290963</name>

      <styleUrl>#wildfireIncident</styleUrl>

      <description><![CDATA[
<b>LAC-290963</b><br>
Source: NIFC / WFIGS<br>
Type: WF<br>
Acres: 0.01<br>
Cause: Undetermined<br>
Discovery: 1786926667000<br>
IRWIN ID: 3eb10f1c-2e75-4fef-8be2-bd50b93c8beb
      ]]></description>

      <Point>
        <coordinates>-117.824,34.1175400000001,0</coordinates>
      </Point>

    </Placemark>

    <Placemark>
      <name>🔥 SISI</name>

      <styleUrl>#wildfireIncident</styleUrl>

      <description><![CDATA[
<b>SISI</b><br>
Source: NIFC / WFIGS<br>
Type: WF<br>
Acres: 0.5<br>
Cause: Natural<br>
Discovery: 1786730603000<br>
IRWIN ID: dc4342d9-b479-44f1-906c-8abd42e1f59c
      ]]></description>

      <Point>
        <coordinates>-120.830667,48.3466670000001,0</coordinates>
      </Point>

    </Placemark>

    <Placemark>
      <name>🔥 LAC-288749</name>

      <styleUrl>#wildfireIncident</styleUrl>

      <description><![CDATA[
<b>LAC-288749</b><br>
Source: NIFC / WFIGS<br>
Type: WF<br>
Acres: 0.01<br>
Cause: Undetermined<br>
Discovery: 1786776930000<br>
IRWIN ID: bc2540d3-2534-4ffe-bd36-f7f6ffb5e7d5
      ]]></description>

      <Point>
        <coordinates>-118.18248,33.91706,0</coordinates>
      </Point>

    </Placemark>

    <Placemark>
      <name>🔥 Bluff</name>

      <styleUrl>#wildfireIncident</styleUrl>

      <description><![CDATA[
<b>Bluff</b><br>
Source: NIFC / WFIGS<br>
Type: WF<br>
Acres: 92<br>
Cause: Undetermined<br>
Discovery: 1784853394000<br>
IRWIN ID: 5a3ba4ea-6cf4-43a4-93f3-0c3b56d917bf
      ]]></description>

      <Point>
        <coordinates>-109.12551,46.3750000000001,0</coordinates>
      </Point>

    </Placemark>

    <Placemark>
      <name>🔥 Bare</name>

      <styleUrl>#wildfireIncident</styleUrl>

      <description><![CDATA[
<b>Bare</b><br>
Source: NIFC / WFIGS<br>
Type: WF<br>
Acres: 370<br>
Contained: 100%<br>
Cause: Undetermined<br>
Discovery: 1785874454000<br>
IRWIN ID: 62d2c172-8852-4e3b-9403-340493d47e8b
      ]]></description>

      <Point>
        <coordinates>-110.48225,42.758633,0</coordinates>
      </Point>

    </Placemark>

    <Placemark>
      <name>🔥 0449 PORCUPINE RIDGE</name>

      <styleUrl>#wildfireIncident</styleUrl>

      <description><![CDATA[
<b>0449 PORCUPINE RIDGE</b><br>
Source: NIFC / WFIGS<br>
Type: WF<br>
Acres: 79200<br>
Contained: 100%<br>
Cause: Natural<br>
Discovery: 1784164020000<br>
IRWIN ID: ee6fcf97-7637-4721-b125-741098779d99
      ]]></description>

      <Point>
        <coordinates>-120.350257,45.1889400000001,0</coordinates>
      </Point>

    </Placemark>

    <Placemark>
      <name>🔥 LAC-289580</name>

      <styleUrl>#wildfireIncident</styleUrl>

      <description><![CDATA[
<b>LAC-289580</b><br>
Source: NIFC / WFIGS<br>
Type: WF<br>
Acres: 0.01<br>
Cause: Undetermined<br>
Discovery: 1786836195000<br>
IRWIN ID: 3a714d8b-51d1-4e64-bb71-50c6e7c111d6
      ]]></description>

      <Point>
        <coordinates>-118.14817,34.70759,0</coordinates>
      </Point>

    </Placemark>

    <Placemark>
      <name>🔥 0494 AKAWA BUTTE</name>

      <styleUrl>#wildfireIncident</styleUrl>

      <description><![CDATA[
<b>0494 AKAWA BUTTE</b><br>
Source: NIFC / WFIGS<br>
Type: WF<br>
Acres: 27491<br>
Contained: 99%<br>
Cause: Natural<br>
Discovery: 1784234460000<br>
IRWIN ID: fb09be92-863f-47da-bc3a-38e6c44753b7
      ]]></description>

      <Point>
        <coordinates>-121.453167,44.4723670000001,0</coordinates>
      </Point>

    </Placemark>

    <Placemark>
      <name>🔥 Road Creek</name>

      <styleUrl>#wildfireIncident</styleUrl>

      <description><![CDATA[
<b>Road Creek</b><br>
Source: NIFC / WFIGS<br>
Type: WF<br>
Acres: 40<br>
Cause: Natural<br>
Discovery: 1786560684000<br>
IRWIN ID: 5bdd0031-f50a-41df-983a-c36816a8490b
      ]]></description>

      <Point>
        <coordinates>-105.69125,43.582617,0</coordinates>
      </Point>

    </Placemark>

    <Placemark>
      <name>🔥 0726</name>

      <styleUrl>#wildfireIncident</styleUrl>

      <description><![CDATA[
<b>0726</b><br>
Source: NIFC / WFIGS<br>
Type: WF<br>
Acres: 0.1<br>
Cause: Undetermined<br>
Discovery: 1786748740000<br>
IRWIN ID: 78ffab8a-0cfa-4690-b90c-29a7e285d8ee
      ]]></description>

      <Point>
        <coordinates>-121.148417,44.26955,0</coordinates>
      </Point>

    </Placemark>

    <Placemark>
      <name>🔥 Dutchman</name>

      <styleUrl>#wildfireIncident</styleUrl>

      <description><![CDATA[
<b>Dutchman</b><br>
Source: NIFC / WFIGS<br>
Type: WF<br>
Acres: 8<br>
Cause: Natural<br>
Discovery: 1786994975000<br>
IRWIN ID: b6b1ffcd-c63b-4393-ac97-2732a4dbc21e
      ]]></description>

      <Point>
        <coordinates>-104.389333,45.954167,0</coordinates>
      </Point>

    </Placemark>

    <Placemark>
      <name>🔥 Camel Back</name>

      <styleUrl>#wildfireIncident</styleUrl>

      <description><![CDATA[
<b>Camel Back</b><br>
Source: NIFC / WFIGS<br>
Type: WF<br>
Acres: 28.44<br>
Cause: Natural<br>
Discovery: 1786500000000<br>
IRWIN ID: 6ed769b7-7232-4552-98cb-6e07a50d0b75
      ]]></description>

      <Point>
        <coordinates>-102.40517516,43.2217221500001,0</coordinates>
      </Point>

    </Placemark>

    <Placemark>
      <name>🔥 Rio Blanco</name>

      <styleUrl>#wildfireIncident</styleUrl>

      <description><![CDATA[
<b>Rio Blanco</b><br>
Source: NIFC / WFIGS<br>
Type: WF<br>
Acres: 1388<br>
Contained: 97%<br>
Cause: Natural<br>
Discovery: 1785273060000<br>
IRWIN ID: 31e42281-5dc8-48b0-9031-af570c7b2cdf
      ]]></description>

      <Point>
        <coordinates>-106.985207,37.124649,0</coordinates>
      </Point>

    </Placemark>

    <Placemark>
      <name>🔥 East Spotted Elk</name>

      <styleUrl>#wildfireIncident</styleUrl>

      <description><![CDATA[
<b>East Spotted Elk</b><br>
Source: NIFC / WFIGS<br>
Type: WF<br>
Acres: 0.5<br>
Cause: Human<br>
Discovery: 1786840915000<br>
IRWIN ID: 569adad6-9f93-4ed1-9e7c-1eddca5981af
      ]]></description>

      <Point>
        <coordinates>-106.678333,45.6044440000001,0</coordinates>
      </Point>

    </Placemark>

    <Placemark>
      <name>🔥 Kaiser Canyon</name>

      <styleUrl>#wildfireIncident</styleUrl>

      <description><![CDATA[
<b>Kaiser Canyon</b><br>
Source: NIFC / WFIGS<br>
Type: WF<br>
Acres: 138296<br>
Contained: 84%<br>
Cause: Natural<br>
Discovery: 1784205000000<br>
IRWIN ID: b5597100-d6c9-49f9-bc74-6b8fc4432e92
      ]]></description>

      <Point>
        <coordinates>-118.958638,48.1167770000001,0</coordinates>
      </Point>

    </Placemark>

    <Placemark>
      <name>🔥 Babylon</name>

      <styleUrl>#wildfireIncident</styleUrl>

      <description><![CDATA[
<b>Babylon</b><br>
Source: NIFC / WFIGS<br>
Type: WF<br>
Acres: 107189<br>
Contained: 100%<br>
Cause: Undetermined<br>
Discovery: 1782504900000<br>
IRWIN ID: 8fce6c19-9d6f-4500-af34-9c0597dceba7
      ]]></description>

      <Point>
        <coordinates>-109.808667,37.734333,0</coordinates>
      </Point>

    </Placemark>

    <Placemark>
      <name>🔥 PALOUSE RIVER</name>

      <styleUrl>#wildfireIncident</styleUrl>

      <description><![CDATA[
<b>PALOUSE RIVER</b><br>
Source: NIFC / WFIGS<br>
Type: WF<br>
Acres: 637<br>
Contained: 100%<br>
Cause: Undetermined<br>
Discovery: 1786236070000<br>
IRWIN ID: 7e9c8edc-4ffe-4279-8104-1723f021c77d
      ]]></description>

      <Point>
        <coordinates>-117.307978,46.870892,0</coordinates>
      </Point>

    </Placemark>

    <Placemark>
      <name>🔥 MARTINS</name>

      <styleUrl>#wildfireIncident</styleUrl>

      <description><![CDATA[
<b>MARTINS</b><br>
Source: NIFC / WFIGS<br>
Type: WF<br>
Acres: 0.01<br>
Cause: Undetermined<br>
Discovery: 1783379321000<br>
IRWIN ID: 6bd3e1c0-e7dd-45f0-8588-d698e5e8c6e0
      ]]></description>

      <Point>
        <coordinates>-118.6883,34.5701800000001,0</coordinates>
      </Point>

    </Placemark>

    <Placemark>
      <name>🔥 Wylie Knob</name>

      <styleUrl>#wildfireIncident</styleUrl>

      <description><![CDATA[
<b>Wylie Knob</b><br>
Source: NIFC / WFIGS<br>
Type: WF<br>
Acres: 0.25<br>
Cause: Natural<br>
Discovery: 1786974900000<br>
IRWIN ID: ccd5a6c7-de8d-4b61-87b7-9f7ee2f94135
      ]]></description>

      <Point>
        <coordinates>-116.317383,48.4806170000001,0</coordinates>
      </Point>

    </Placemark>

    <Placemark>
      <name>🔥 LAC-290281</name>

      <styleUrl>#wildfireIncident</styleUrl>

      <description><![CDATA[
<b>LAC-290281</b><br>
Source: NIFC / WFIGS<br>
Type: WF<br>
Acres: 0.01<br>
Cause: Undetermined<br>
Discovery: 1786887175000<br>
IRWIN ID: a8958e3f-58ea-4421-807a-4e90ea5ade5e
      ]]></description>

      <Point>
        <coordinates>-117.93355,34.1336200000001,0</coordinates>
      </Point>

    </Placemark>

    <Placemark>
      <name>🔥 TRAPPER</name>

      <styleUrl>#wildfireIncident</styleUrl>

      <description><![CDATA[
<b>TRAPPER</b><br>
Source: NIFC / WFIGS<br>
Type: WF<br>
Acres: 0.1<br>
Cause: Natural<br>
Discovery: 1786822627000<br>
IRWIN ID: 517168fc-54ed-4a03-a5cc-4673477628ee
      ]]></description>

      <Point>
        <coordinates>-115.423967,43.865867,0</coordinates>
      </Point>

    </Placemark>

    <Placemark>
      <name>🔥 4050</name>

      <styleUrl>#wildfireIncident</styleUrl>

      <description><![CDATA[
<b>4050</b><br>
Source: NIFC / WFIGS<br>
Type: WF<br>
Acres: 0.5<br>
Cause: Human<br>
Discovery: 1787005597000<br>
IRWIN ID: ec10f1bc-1cc3-4cb8-953b-21eacd4be32d
      ]]></description>

      <Point>
        <coordinates>-113.12833,37.6743300000001,0</coordinates>
      </Point>

    </Placemark>

    <Placemark>
      <name>🔥 Cat Creek</name>

      <styleUrl>#wildfireIncident</styleUrl>

      <description><![CDATA[
<b>Cat Creek</b><br>
Source: NIFC / WFIGS<br>
Type: WF<br>
Acres: 142<br>
Cause: Human<br>
Discovery: 1785956310000<br>
IRWIN ID: 0f043fb8-8730-4f34-b72e-46c78ac3e36b
      ]]></description>

      <Point>
        <coordinates>-106.7915,44.7673330000001,0</coordinates>
      </Point>

    </Placemark>

    <Placemark>
      <name>🔥 ROADSIDE HWY 1</name>

      <styleUrl>#wildfireIncident</styleUrl>

      <description><![CDATA[
<b>ROADSIDE HWY 1</b><br>
Source: NIFC / WFIGS<br>
Type: WF<br>
Acres: 0.1<br>
Cause: Undetermined<br>
Discovery: 1784383144000<br>
IRWIN ID: 9056f279-b81b-4ff4-a1b5-5bf433c0d4b1
      ]]></description>

      <Point>
        <coordinates>-107.610833,45.619444,0</coordinates>
      </Point>

    </Placemark>

    <Placemark>
      <name>🔥 Moose Mountain</name>

      <styleUrl>#wildfireIncident</styleUrl>

      <description><![CDATA[
<b>Moose Mountain</b><br>
Source: NIFC / WFIGS<br>
Type: WF<br>
Acres: 2835<br>
Contained: 7%<br>
Cause: Natural<br>
Discovery: 1785369720000<br>
IRWIN ID: 8c9cb7a0-936c-4a64-aaef-67a10e597a66
      ]]></description>

      <Point>
        <coordinates>-115.2167,46.774933,0</coordinates>
      </Point>

    </Placemark>

    <Placemark>
      <name>🔥 Proctor Creek</name>

      <styleUrl>#wildfireIncident</styleUrl>

      <description><![CDATA[
<b>Proctor Creek</b><br>
Source: NIFC / WFIGS<br>
Type: WF<br>
Acres: 0.1<br>
Cause: Natural<br>
Discovery: 1786901530000<br>
IRWIN ID: 5ee90ec8-9849-4e3c-9beb-7c279ef4c597
      ]]></description>

      <Point>
        <coordinates>-117.781283,45.7701670000001,0</coordinates>
      </Point>

    </Placemark>

    <Placemark>
      <name>🔥 SWAUK CREEK</name>

      <styleUrl>#wildfireIncident</styleUrl>

      <description><![CDATA[
<b>SWAUK CREEK</b><br>
Source: NIFC / WFIGS<br>
Type: WF<br>
Acres: 29<br>
Contained: 81%<br>
Cause: Human<br>
Discovery: 1785655380000<br>
IRWIN ID: 90d3a1f1-ff21-41b3-a4d4-6b7edab8521c
      ]]></description>

      <Point>
        <coordinates>-120.695333,47.2277500000001,0</coordinates>
      </Point>

    </Placemark>

    <Placemark>
      <name>🔥 Cabra Hill</name>

      <styleUrl>#wildfireIncident</styleUrl>

      <description><![CDATA[
<b>Cabra Hill</b><br>
Source: NIFC / WFIGS<br>
Type: WF<br>
Acres: 20<br>
Cause: Natural<br>
Discovery: 1786924800000<br>
IRWIN ID: f17289b8-bfdf-41ba-a6af-068a8f3938f1
      ]]></description>

      <Point>
        <coordinates>-104.53099,35.2810500000001,0</coordinates>
      </Point>

    </Placemark>

    <Placemark>
      <name>🔥 LAKELAND</name>

      <styleUrl>#wildfireIncident</styleUrl>

      <description><![CDATA[
<b>LAKELAND</b><br>
Source: NIFC / WFIGS<br>
Type: WF<br>
Acres: 0.5<br>
Cause: Human<br>
Discovery: 1786999200000<br>
IRWIN ID: b6889869-4a89-4cc9-b400-b17cd0d9e9ed
      ]]></description>

      <Point>
        <coordinates>-117.70455,47.550533,0</coordinates>
      </Point>

    </Placemark>

    <Placemark>
      <name>🔥 Elder 1</name>

      <styleUrl>#wildfireIncident</styleUrl>

      <description><![CDATA[
<b>Elder 1</b><br>
Source: NIFC / WFIGS<br>
Type: WF<br>
Acres: 1235<br>
Contained: 100%<br>
Cause: Natural<br>
Discovery: 1784928409000<br>
IRWIN ID: d1298bd1-66ec-461f-b00e-a06f1a8bd1c2
      ]]></description>

      <Point>
        <coordinates>-114.320867,46.9400000000001,0</coordinates>
      </Point>

    </Placemark>

    <Placemark>
      <name>🔥 GREENFIELD</name>

      <styleUrl>#wildfireIncident</styleUrl>

      <description><![CDATA[
<b>GREENFIELD</b><br>
Source: NIFC / WFIGS<br>
Type: WF<br>
Acres: 0.1<br>
Cause: Undetermined<br>
Discovery: 1787007900000<br>
IRWIN ID: 926365a2-9c4b-4ecf-8caa-dd6e1ad071f1
      ]]></description>

      <Point>
        <coordinates>-117.68275895,33.5579571700001,0</coordinates>
      </Point>

    </Placemark>

    <Placemark>
      <name>🔥 Cold Springs</name>

      <styleUrl>#wildfireIncident</styleUrl>

      <description><![CDATA[
<b>Cold Springs</b><br>
Source: NIFC / WFIGS<br>
Type: WF<br>
Acres: 1966<br>
Contained: 100%<br>
Cause: Human<br>
Discovery: 1786398960000<br>
IRWIN ID: 7c17864e-a0e6-4673-abba-c07033198d0d
      ]]></description>

      <Point>
        <coordinates>-105.491389,42.7244440000001,0</coordinates>
      </Point>

    </Placemark>

    <Placemark>
      <name>🔥 Salmon</name>

      <styleUrl>#wildfireIncident</styleUrl>

      <description><![CDATA[
<b>Salmon</b><br>
Source: NIFC / WFIGS<br>
Type: WF<br>
Acres: 1433<br>
Contained: 90%<br>
Cause: Natural<br>
Discovery: 1783494960000<br>
IRWIN ID: 64ffd472-e106-48c8-87b6-2c2f7fb04774
      ]]></description>

      <Point>
        <coordinates>-118.510204,44.717021,0</coordinates>
      </Point>

    </Placemark>

    <Placemark>
      <name>🔥 LAC-290042</name>

      <styleUrl>#wildfireIncident</styleUrl>

      <description><![CDATA[
<b>LAC-290042</b><br>
Source: NIFC / WFIGS<br>
Type: WF<br>
Acres: 0.01<br>
Cause: Undetermined<br>
Discovery: 1786863434000<br>
IRWIN ID: 81b1d326-9c45-43e6-93f8-d95b80ef8fcd
      ]]></description>

      <Point>
        <coordinates>-118.63059,34.12359,0</coordinates>
      </Point>

    </Placemark>

    <Placemark>
      <name>🔥 Long Cut</name>

      <styleUrl>#wildfireIncident</styleUrl>

      <description><![CDATA[
<b>Long Cut</b><br>
Source: NIFC / WFIGS<br>
Type: WF<br>
Acres: 2.1<br>
Cause: Natural<br>
Discovery: 1786825740000<br>
IRWIN ID: fe7e035f-d910-4f84-b90b-0e73296b2d3d
      ]]></description>

      <Point>
        <coordinates>-118.433217,45.303033,0</coordinates>
      </Point>

    </Placemark>

    <Placemark>
      <name>🔥 GRAND PARK 2</name>

      <styleUrl>#wildfireIncident</styleUrl>

      <description><![CDATA[
<b>GRAND PARK 2</b><br>
Source: NIFC / WFIGS<br>
Type: WF<br>
Acres: 167<br>
Contained: 57%<br>
Cause: Undetermined<br>
Discovery: 1786132450000<br>
IRWIN ID: cdad08dd-fcc7-4c9f-bb94-84268c592f60
      ]]></description>

      <Point>
        <coordinates>-121.675083,46.9763170000001,0</coordinates>
      </Point>

    </Placemark>

    <Placemark>
      <name>🔥 LOOMIS</name>

      <styleUrl>#wildfireIncident</styleUrl>

      <description><![CDATA[
<b>LOOMIS</b><br>
Source: NIFC / WFIGS<br>
Type: WF<br>
Acres: 656<br>
Contained: 99%<br>
Cause: Undetermined<br>
Discovery: 1783796555000<br>
IRWIN ID: 20bacabe-dcc0-4b41-a0da-997aed50d8c4
      ]]></description>

      <Point>
        <coordinates>-121.154667,40.965833,0</coordinates>
      </Point>

    </Placemark>

    <Placemark>
      <name>🔥 Butterfly</name>

      <styleUrl>#wildfireIncident</styleUrl>

      <description><![CDATA[
<b>Butterfly</b><br>
Source: NIFC / WFIGS<br>
Type: WF<br>
Acres: 67<br>
Contained: 100%<br>
Cause: Natural<br>
Discovery: 1785623280000<br>
IRWIN ID: e7be160b-4f92-4046-bda0-aa26684f4502
      ]]></description>

      <Point>
        <coordinates>-113.914,46.256833,0</coordinates>
      </Point>

    </Placemark>

    <Placemark>
      <name>🔥 FA #31</name>

      <styleUrl>#wildfireIncident</styleUrl>

      <description><![CDATA[
<b>FA #31</b><br>
Source: NIFC / WFIGS<br>
Type: WF<br>
Acres: 0.1<br>
Cause: Undetermined<br>
Discovery: 1786686128000<br>
IRWIN ID: 19047d8a-1d85-453e-bada-5bd068efc4f2
      ]]></description>

      <Point>
        <coordinates>-121.503285,42.5092700000001,0</coordinates>
      </Point>

    </Placemark>

    <Placemark>
      <name>🔥 BADGER</name>

      <styleUrl>#wildfireIncident</styleUrl>

      <description><![CDATA[
<b>BADGER</b><br>
Source: NIFC / WFIGS<br>
Type: WF<br>
Acres: 3<br>
Cause: Undetermined<br>
Discovery: 1786949254000<br>
IRWIN ID: 9fd3d7ec-fe95-438f-adc0-bbe387b7b093
      ]]></description>

      <Point>
        <coordinates>-119.017776,36.6922520000001,0</coordinates>
      </Point>

    </Placemark>

    <Placemark>
      <name>🔥 Big Buffalo</name>

      <styleUrl>#wildfireIncident</styleUrl>

      <description><![CDATA[
<b>Big Buffalo</b><br>
Source: NIFC / WFIGS<br>
Type: WF<br>
Acres: 3598.8<br>
Contained: 100%<br>
Cause: Undetermined<br>
Discovery: 1786059418000<br>
IRWIN ID: de8b185a-67e9-4562-91e0-571a9c7f6618
      ]]></description>

      <Point>
        <coordinates>-105.43142,47.5721500000001,0</coordinates>
      </Point>

    </Placemark>

    <Placemark>
      <name>🔥 Burnt Creek</name>

      <styleUrl>#wildfireIncident</styleUrl>

      <description><![CDATA[
<b>Burnt Creek</b><br>
Source: NIFC / WFIGS<br>
Type: WF<br>
Acres: 4169<br>
Contained: 95%<br>
Cause: Natural<br>
Discovery: 1784317860000<br>
IRWIN ID: fe589672-1080-4e97-a0d9-ec64d5a31de8
      ]]></description>

      <Point>
        <coordinates>-117.25321,45.76802,0</coordinates>
      </Point>

    </Placemark>

    <Placemark>
      <name>🔥 Twin Sisters</name>

      <styleUrl>#wildfireIncident</styleUrl>

      <description><![CDATA[
<b>Twin Sisters</b><br>
Source: NIFC / WFIGS<br>
Type: WF<br>
Acres: 92<br>
Contained: 100%<br>
Cause: Natural<br>
Discovery: 1785009215000<br>
IRWIN ID: bd729423-8d4d-4fa3-bb9a-b738f6c71b88
      ]]></description>

      <Point>
        <coordinates>-109.946467,46.745367,0</coordinates>
      </Point>

    </Placemark>

    <Placemark>
      <name>🔥 Sarpy</name>

      <styleUrl>#wildfireIncident</styleUrl>

      <description><![CDATA[
<b>Sarpy</b><br>
Source: NIFC / WFIGS<br>
Type: WF<br>
Acres: 900<br>
Contained: 0%<br>
Cause: Undetermined<br>
Discovery: 1787008620000<br>
IRWIN ID: 56758ab5-a8f4-486a-b26b-487557aa52e7
      ]]></description>

      <Point>
        <coordinates>-107.4745,45.7188330000001,0</coordinates>
      </Point>

    </Placemark>

    <Placemark>
      <name>🔥 Widemouth 2</name>

      <styleUrl>#wildfireIncident</styleUrl>

      <description><![CDATA[
<b>Widemouth 2</b><br>
Source: NIFC / WFIGS<br>
Type: WF<br>
Acres: 129741<br>
Contained: 91%<br>
Cause: Natural<br>
Discovery: 1785193348000<br>
IRWIN ID: 07c99ed8-e61d-43f0-af86-b3a75f30781c
      ]]></description>

      <Point>
        <coordinates>-112.498983,38.728917,0</coordinates>
      </Point>

    </Placemark>

    <Placemark>
      <name>🔥 OLD TRAILS</name>

      <styleUrl>#wildfireIncident</styleUrl>

      <description><![CDATA[
<b>OLD TRAILS</b><br>
Source: NIFC / WFIGS<br>
Type: WF<br>
Acres: 3176<br>
Contained: 99%<br>
Cause: Human<br>
Discovery: 1785610784000<br>
IRWIN ID: f0989134-564b-44d7-b186-8c2295c16e5c
      ]]></description>

      <Point>
        <coordinates>-117.533414,47.6838510000001,0</coordinates>
      </Point>

    </Placemark>

    <Placemark>
      <name>🔥 LAC-288895</name>

      <styleUrl>#wildfireIncident</styleUrl>

      <description><![CDATA[
<b>LAC-288895</b><br>
Source: NIFC / WFIGS<br>
Type: WF<br>
Acres: 0.01<br>
Cause: Undetermined<br>
Discovery: 1786791891000<br>
IRWIN ID: e57945fe-f8dc-474d-8a26-375065e40440
      ]]></description>

      <Point>
        <coordinates>-118.1696,33.9108200000001,0</coordinates>
      </Point>

    </Placemark>

    <Placemark>
      <name>🔥 0579 TEN MILE</name>

      <styleUrl>#wildfireIncident</styleUrl>

      <description><![CDATA[
<b>0579 TEN MILE</b><br>
Source: NIFC / WFIGS<br>
Type: WF<br>
Acres: 4834<br>
Contained: 100%<br>
Cause: Natural<br>
Discovery: 1784791080000<br>
IRWIN ID: dcb43c28-36f3-4668-82a0-09cb621d8be1
      ]]></description>

      <Point>
        <coordinates>-121.014327,44.7964420000001,0</coordinates>
      </Point>

    </Placemark>

    <Placemark>
      <name>🔥 Cook Dam</name>

      <styleUrl>#wildfireIncident</styleUrl>

      <description><![CDATA[
<b>Cook Dam</b><br>
Source: NIFC / WFIGS<br>
Type: WF<br>
Acres: 4.4<br>
Cause: Natural<br>
Discovery: 1786920116000<br>
IRWIN ID: 9c1b1d4e-d5b1-440b-884f-e148d18e02b8
      ]]></description>

      <Point>
        <coordinates>-105.38802,44.416025,0</coordinates>
      </Point>

    </Placemark>

    <Placemark>
      <name>🔥 Signal Peak</name>

      <styleUrl>#wildfireIncident</styleUrl>

      <description><![CDATA[
<b>Signal Peak</b><br>
Source: NIFC / WFIGS<br>
Type: WF<br>
Acres: 3000<br>
Contained: 100%<br>
Cause: Undetermined<br>
Discovery: 1784933824000<br>
IRWIN ID: 092f0d20-3543-4210-ab84-715e3714ba5f
      ]]></description>

      <Point>
        <coordinates>-120.732219,46.3622810000001,0</coordinates>
      </Point>

    </Placemark>

    <Placemark>
      <name>🔥 LAC-289546</name>

      <styleUrl>#wildfireIncident</styleUrl>

      <description><![CDATA[
<b>LAC-289546</b><br>
Source: NIFC / WFIGS<br>
Type: WF<br>
Acres: 0.01<br>
Cause: Undetermined<br>
Discovery: 1786834687000<br>
IRWIN ID: ea3c5ed8-174e-4a43-8622-ae6ffa3d15f0
      ]]></description>

      <Point>
        <coordinates>-118.2391,33.9281500000001,0</coordinates>
      </Point>

    </Placemark>

    <Placemark>
      <name>🔥 Kohns</name>

      <styleUrl>#wildfireIncident</styleUrl>

      <description><![CDATA[
<b>Kohns</b><br>
Source: NIFC / WFIGS<br>
Type: WF<br>
Acres: 2700<br>
Contained: 100%<br>
Cause: Natural<br>
Discovery: 1785154000000<br>
IRWIN ID: 4e341e80-f37d-4721-b8fd-34e62cf510e7
      ]]></description>

      <Point>
        <coordinates>-105.096105,44.4561380000001,0</coordinates>
      </Point>

    </Placemark>

    <Placemark>
      <name>🔥 Lumin</name>

      <styleUrl>#wildfireIncident</styleUrl>

      <description><![CDATA[
<b>Lumin</b><br>
Source: NIFC / WFIGS<br>
Type: WF<br>
Acres: 7285<br>
Contained: 100%<br>
Cause: Undetermined<br>
Discovery: 1785525000000<br>
IRWIN ID: 956240d7-5c2b-476e-b0c7-a1ef1bad6bfa
      ]]></description>

      <Point>
        <coordinates>-106.4085,44.8235000000001,0</coordinates>
      </Point>

    </Placemark>

    <Placemark>
      <name>🔥 PORTALES SPRINGS</name>

      <styleUrl>#wildfireIncident</styleUrl>

      <description><![CDATA[
<b>PORTALES SPRINGS</b><br>
Source: NIFC / WFIGS<br>
Type: WF<br>
Acres: 2<br>
Cause: Natural<br>
Discovery: 1786848180000<br>
IRWIN ID: 5e4f6d10-719a-40c5-8dd7-92a6dfcc901b
      ]]></description>

      <Point>
        <coordinates>-103.27764,34.1350200000001,0</coordinates>
      </Point>

    </Placemark>

    <Placemark>
      <name>🔥 XU Hill</name>

      <styleUrl>#wildfireIncident</styleUrl>

      <description><![CDATA[
<b>XU Hill</b><br>
Source: NIFC / WFIGS<br>
Type: WF<br>
Acres: 1297.23<br>
Contained: 90%<br>
Cause: Natural<br>
Discovery: 1786487280000<br>
IRWIN ID: 03edd376-3393-4938-9193-39c4d274614c
      ]]></description>

      <Point>
        <coordinates>-102.43719904,43.63141289,0</coordinates>
      </Point>

    </Placemark>

    <Placemark>
      <name>🔥 Bug</name>

      <styleUrl>#wildfireIncident</styleUrl>

      <description><![CDATA[
<b>Bug</b><br>
Source: NIFC / WFIGS<br>
Type: WF<br>
Acres: 93733<br>
Contained: 87%<br>
Cause: Human<br>
Discovery: 1786228249000<br>
IRWIN ID: 286b7f1d-8945-4a5d-9d81-5235c18af1fe
      ]]></description>

      <Point>
        <coordinates>-120.038117,39.7278830000001,0</coordinates>
      </Point>

    </Placemark>

    <Placemark>
      <name>🔥 Captain Clark</name>

      <styleUrl>#wildfireIncident</styleUrl>

      <description><![CDATA[
<b>Captain Clark</b><br>
Source: NIFC / WFIGS<br>
Type: WF<br>
Acres: 2.25<br>
Cause: Undetermined<br>
Discovery: 1785960084000<br>
IRWIN ID: a62b941a-1f70-449c-a661-17a7515f7edb
      ]]></description>

      <Point>
        <coordinates>-107.72742,46.0746600000001,0</coordinates>
      </Point>

    </Placemark>

    <Placemark>
      <name>🔥 Mato Zi</name>

      <styleUrl>#wildfireIncident</styleUrl>

      <description><![CDATA[
<b>Mato Zi</b><br>
Source: NIFC / WFIGS<br>
Type: WF<br>
Acres: 4.71<br>
Cause: Natural<br>
Discovery: 1786560540000<br>
IRWIN ID: fcec53ed-34a3-4287-84e4-39bb15977a65
      ]]></description>

      <Point>
        <coordinates>-102.1134553,43.31879417,0</coordinates>
      </Point>

    </Placemark>

    <Placemark>
      <name>🔥 Redwood</name>

      <styleUrl>#wildfireIncident</styleUrl>

      <description><![CDATA[
<b>Redwood</b><br>
Source: NIFC / WFIGS<br>
Type: WF<br>
Acres: 169.16<br>
Contained: 85%<br>
Cause: Natural<br>
Discovery: 1786493100000<br>
IRWIN ID: 5bc82723-c06f-493f-abe0-afdbc5dab6ae
      ]]></description>

      <Point>
        <coordinates>-102.41213843,43.2638356200001,0</coordinates>
      </Point>

    </Placemark>

    <Placemark>
      <name>🔥 LAC-288635</name>

      <styleUrl>#wildfireIncident</styleUrl>

      <description><![CDATA[
<b>LAC-288635</b><br>
Source: NIFC / WFIGS<br>
Type: WF<br>
Acres: 0.01<br>
Cause: Undetermined<br>
Discovery: 1786769077000<br>
IRWIN ID: 93468fa6-2c6f-42b0-84cf-e1055321db65
      ]]></description>

      <Point>
        <coordinates>-118.16069,34.6748700000001,0</coordinates>
      </Point>

    </Placemark>

    <Placemark>
      <name>🔥 Bald Mountain</name>

      <styleUrl>#wildfireIncident</styleUrl>

      <description><![CDATA[
<b>Bald Mountain</b><br>
Source: NIFC / WFIGS<br>
Type: WF<br>
Acres: 76443<br>
Contained: 93%<br>
Cause: Natural<br>
Discovery: 1784850000000<br>
IRWIN ID: 7820bfdb-1edd-43fe-9b6e-2bd23fa5af15
      ]]></description>

      <Point>
        <coordinates>-118.474267,42.9956080000001,0</coordinates>
      </Point>

    </Placemark>

    <Placemark>
      <name>🔥 GRASSHOPPER</name>

      <styleUrl>#wildfireIncident</styleUrl>

      <description><![CDATA[
<b>GRASSHOPPER</b><br>
Source: NIFC / WFIGS<br>
Type: WF<br>
Acres: 90667<br>
Contained: 49%<br>
Cause: Natural<br>
Discovery: 1784860860000<br>
IRWIN ID: 6aa4c355-ad18-472f-aaab-78baa9de31b1
      ]]></description>

      <Point>
        <coordinates>-121.510133,45.2529670000001,0</coordinates>
      </Point>

    </Placemark>

    <Placemark>
      <name>🔥 Smelter</name>

      <styleUrl>#wildfireIncident</styleUrl>

      <description><![CDATA[
<b>Smelter</b><br>
Source: NIFC / WFIGS<br>
Type: WF<br>
Acres: 0.1<br>
Cause: Undetermined<br>
Discovery: 1786834440000<br>
IRWIN ID: 0bb22937-df8e-43d7-a558-f26ae3efcd27
      ]]></description>

      <Point>
        <coordinates>-113.83025,43.771667,0</coordinates>
      </Point>

    </Placemark>

    <Placemark>
      <name>🔥 Paradise</name>

      <styleUrl>#wildfireIncident</styleUrl>

      <description><![CDATA[
<b>Paradise</b><br>
Source: NIFC / WFIGS<br>
Type: WF<br>
Acres: 5333<br>
Contained: 0%<br>
Cause: Natural<br>
Discovery: 1784230710000<br>
IRWIN ID: c8034780-d588-48da-8bc9-c6ced34cd8df
      ]]></description>

      <Point>
        <coordinates>-117.974282,45.998139,0</coordinates>
      </Point>

    </Placemark>

    <Placemark>
      <name>🔥 Frijoles</name>

      <styleUrl>#wildfireIncident</styleUrl>

      <description><![CDATA[
<b>Frijoles</b><br>
Source: NIFC / WFIGS<br>
Type: WF<br>
Acres: 11335<br>
Contained: 9%<br>
Cause: Natural<br>
Discovery: 1785891420000<br>
IRWIN ID: ad65ff54-337f-4938-af35-bb1744cebf48
      ]]></description>

      <Point>
        <coordinates>-105.848167,35.908667,0</coordinates>
      </Point>

    </Placemark>

    <Placemark>
      <name>🔥 Alder</name>

      <styleUrl>#wildfireIncident</styleUrl>

      <description><![CDATA[
<b>Alder</b><br>
Source: NIFC / WFIGS<br>
Type: WF<br>
Acres: 0.1<br>
Cause: Natural<br>
Discovery: 1786994175000<br>
IRWIN ID: 978937b5-faf4-4ce2-ad72-5d7fe390b6d6
      ]]></description>

      <Point>
        <coordinates>-117.753167,45.8398330000001,0</coordinates>
      </Point>

    </Placemark>

    <Placemark>
      <name>🔥 Black Bear</name>

      <styleUrl>#wildfireIncident</styleUrl>

      <description><![CDATA[
<b>Black Bear</b><br>
Source: NIFC / WFIGS<br>
Type: WF<br>
Acres: 2126<br>
Contained: 20%<br>
Cause: Natural<br>
Discovery: 1785628980000<br>
IRWIN ID: 98bceefd-1e76-40e6-9352-54fd64f60e7d
      ]]></description>

      <Point>
        <coordinates>-113.8895,46.167967,0</coordinates>
      </Point>

    </Placemark>

    <Placemark>
      <name>🔥 Holland Loop Rd. 3833</name>

      <styleUrl>#wildfireIncident</styleUrl>

      <description><![CDATA[
<b>Holland Loop Rd. 3833</b><br>
Source: NIFC / WFIGS<br>
Type: WF<br>
Acres: 0.25<br>
Cause: Undetermined<br>
Discovery: 1786909680000<br>
IRWIN ID: bae0cc5d-fe59-462e-8033-541f191e4fac
      ]]></description>

      <Point>
        <coordinates>-123.59918333,42.1216833300001,0</coordinates>
      </Point>

    </Placemark>

    <Placemark>
      <name>🔥 Fred Mt</name>

      <styleUrl>#wildfireIncident</styleUrl>

      <description><![CDATA[
<b>Fred Mt</b><br>
Source: NIFC / WFIGS<br>
Type: WF<br>
Acres: 3482<br>
Contained: 100%<br>
Cause: Human<br>
Discovery: 1786296825000<br>
IRWIN ID: 9214ed4c-46df-4430-b780-5af36fb92bd9
      ]]></description>

      <Point>
        <coordinates>-119.8492,39.7626670000001,0</coordinates>
      </Point>

    </Placemark>

    <Placemark>
      <name>🔥 Fishhook</name>

      <styleUrl>#wildfireIncident</styleUrl>

      <description><![CDATA[
<b>Fishhook</b><br>
Source: NIFC / WFIGS<br>
Type: WF<br>
Acres: 309<br>
Contained: 100%<br>
Cause: Natural<br>
Discovery: 1783877280000<br>
IRWIN ID: 7ce74a5f-5438-4d0f-8589-52a029eaa3f7
      ]]></description>

      <Point>
        <coordinates>-106.718318,40.401602,0</coordinates>
      </Point>

    </Placemark>

    <Placemark>
      <name>🔥 SLAUGHTER</name>

      <styleUrl>#wildfireIncident</styleUrl>

      <description><![CDATA[
<b>SLAUGHTER</b><br>
Source: NIFC / WFIGS<br>
Type: WF<br>
Acres: 31.92<br>
Cause: Natural<br>
Discovery: 1787010037000<br>
IRWIN ID: e2e646f6-f842-465f-9fd7-eac17631b3c7
      ]]></description>

      <Point>
        <coordinates>-104.551389,32.1561110000001,0</coordinates>
      </Point>

    </Placemark>

    <Placemark>
      <name>🔥 Egypt</name>

      <styleUrl>#wildfireIncident</styleUrl>

      <description><![CDATA[
<b>Egypt</b><br>
Source: NIFC / WFIGS<br>
Type: WF<br>
Acres: 4553<br>
Contained: 82%<br>
Cause: Natural<br>
Discovery: 1784219460000<br>
IRWIN ID: 51f19bd3-95d8-4d13-9efb-861321edb7ae
      ]]></description>

      <Point>
        <coordinates>-119.468417,43.7271670000001,0</coordinates>
      </Point>

    </Placemark>

    <Placemark>
      <name>🔥 Grassy</name>

      <styleUrl>#wildfireIncident</styleUrl>

      <description><![CDATA[
<b>Grassy</b><br>
Source: NIFC / WFIGS<br>
Type: WF<br>
Acres: 0.25<br>
Cause: Natural<br>
Discovery: 1786838416000<br>
IRWIN ID: d3c0193d-7d66-4b5b-b514-3bd4baaa756e
      ]]></description>

      <Point>
        <coordinates>-121.14006,48.2011410000001,0</coordinates>
      </Point>

    </Placemark>

    <Placemark>
      <name>🔥 LAC-290202</name>

      <styleUrl>#wildfireIncident</styleUrl>

      <description><![CDATA[
<b>LAC-290202</b><br>
Source: NIFC / WFIGS<br>
Type: WF<br>
Acres: 0.01<br>
Cause: Undetermined<br>
Discovery: 1786876084000<br>
IRWIN ID: 0d548b06-3d78-4e1a-aa91-6cf5fbcdbc3e
      ]]></description>

      <Point>
        <coordinates>-117.92158,34.0154900000001,0</coordinates>
      </Point>

    </Placemark>

    <Placemark>
      <name>🔥 WALT SMITH</name>

      <styleUrl>#wildfireIncident</styleUrl>

      <description><![CDATA[
<b>WALT SMITH</b><br>
Source: NIFC / WFIGS<br>
Type: WF<br>
Acres: 0.1<br>
Cause: Undetermined<br>
Discovery: 1786998720000<br>
IRWIN ID: c7cab00c-c58e-4e4e-86fb-004fd685e495
      ]]></description>

      <Point>
        <coordinates>-105.75378,33.4327970000001,0</coordinates>
      </Point>

    </Placemark>

    <Placemark>
      <name>🔥 North Cayuse</name>

      <styleUrl>#wildfireIncident</styleUrl>

      <description><![CDATA[
<b>North Cayuse</b><br>
Source: NIFC / WFIGS<br>
Type: WF<br>
Acres: 4887<br>
Contained: 97%<br>
Cause: Human<br>
Discovery: 1783202460000<br>
IRWIN ID: b0396ac9-6c41-4bc3-a899-f309fc28baae
      ]]></description>

      <Point>
        <coordinates>-118.480617,45.6830830000001,0</coordinates>
      </Point>

    </Placemark>

    <Placemark>
      <name>🔥 Black Canyon</name>

      <styleUrl>#wildfireIncident</styleUrl>

      <description><![CDATA[
<b>Black Canyon</b><br>
Source: NIFC / WFIGS<br>
Type: WF<br>
Acres: 3571<br>
Contained: 47%<br>
Cause: Natural<br>
Discovery: 1785443400000<br>
IRWIN ID: c1ed0ef1-0bd2-41c2-9292-41c6df3dd61f
      ]]></description>

      <Point>
        <coordinates>-111.307967,39.383,0</coordinates>
      </Point>

    </Placemark>

    <Placemark>
      <name>🔥 Horse Ridge</name>

      <styleUrl>#wildfireIncident</styleUrl>

      <description><![CDATA[
<b>Horse Ridge</b><br>
Source: NIFC / WFIGS<br>
Type: WF<br>
Acres: 860<br>
Contained: 98%<br>
Cause: Natural<br>
Discovery: 1784237400000<br>
IRWIN ID: 59d0ccba-067c-4422-8fd0-07f3eab5581b
      ]]></description>

      <Point>
        <coordinates>-118.345971,45.5418080000001,0</coordinates>
      </Point>

    </Placemark>

    <Placemark>
      <name>🔥 SINLAHEKIN</name>

      <styleUrl>#wildfireIncident</styleUrl>

      <description><![CDATA[
<b>SINLAHEKIN</b><br>
Source: NIFC / WFIGS<br>
Type: WF<br>
Acres: 153843<br>
Contained: 44%<br>
Cause: Undetermined<br>
Discovery: 1785100320000<br>
IRWIN ID: 78d35d3b-f791-4961-ae36-c6d1a4dff5a0
      ]]></description>

      <Point>
        <coordinates>-119.693117,48.704617,0</coordinates>
      </Point>

    </Placemark>

    <Placemark>
      <name>🔥 VEHICLE</name>

      <styleUrl>#wildfireIncident</styleUrl>

      <description><![CDATA[
<b>VEHICLE</b><br>
Source: NIFC / WFIGS<br>
Type: WF<br>
Acres: 0.1<br>
Cause: Undetermined<br>
Discovery: 1785699720000<br>
IRWIN ID: 18da104b-7fe4-4c0f-a7c7-3ec41e1bbeaa
      ]]></description>

      <Point>
        <coordinates>-117.492867,33.7630830000001,0</coordinates>
      </Point>

    </Placemark>

    <Placemark>
      <name>🔥 E Evans Creek Rd 18000</name>

      <styleUrl>#wildfireIncident</styleUrl>

      <description><![CDATA[
<b>E Evans Creek Rd 18000</b><br>
Source: NIFC / WFIGS<br>
Type: WF<br>
Acres: 15580<br>
Contained: 98%<br>
Cause: Undetermined<br>
Discovery: 1783719540000<br>
IRWIN ID: c12bfcd9-62ee-42d7-a015-fc8b8bfa0793
      ]]></description>

      <Point>
        <coordinates>-123.00183333,42.6039500000001,0</coordinates>
      </Point>

    </Placemark>

    <Placemark>
      <name>🔥 WALLACE WALKER</name>

      <styleUrl>#wildfireIncident</styleUrl>

      <description><![CDATA[
<b>WALLACE WALKER</b><br>
Source: NIFC / WFIGS<br>
Type: WF<br>
Acres: 801<br>
Contained: 100%<br>
Cause: Undetermined<br>
Discovery: 1784331150000<br>
IRWIN ID: ae1ab3c1-454b-489a-af7a-8604ff56c86b
      ]]></description>

      <Point>
        <coordinates>-118.567968,46.5764820000001,0</coordinates>
      </Point>

    </Placemark>

    <Placemark>
      <name>🔥 Shoshone</name>

      <styleUrl>#wildfireIncident</styleUrl>

      <description><![CDATA[
<b>Shoshone</b><br>
Source: NIFC / WFIGS<br>
Type: WF<br>
Acres: 8000<br>
Contained: 0%<br>
Cause: Natural<br>
Discovery: 1786826980000<br>
IRWIN ID: 977de644-6d44-44e1-93f6-b8d615edd5ae
      ]]></description>

      <Point>
        <coordinates>-117.67618,39.82989,0</coordinates>
      </Point>

    </Placemark>

    <Placemark>
      <name>🔥 Harness 1310</name>

      <styleUrl>#wildfireIncident</styleUrl>

      <description><![CDATA[
<b>Harness 1310</b><br>
Source: NIFC / WFIGS<br>
Type: WF<br>
Acres: 26.5<br>
Cause: Undetermined<br>
Discovery: 1786478640000<br>
IRWIN ID: bd3276c2-6c4d-4670-896d-12608d49468b
      ]]></description>

      <Point>
        <coordinates>-123.10448333,43.57173333,0</coordinates>
      </Point>

    </Placemark>

    <Placemark>
      <name>🔥 FLUME</name>

      <styleUrl>#wildfireIncident</styleUrl>

      <description><![CDATA[
<b>FLUME</b><br>
Source: NIFC / WFIGS<br>
Type: WF<br>
Acres: 0.6<br>
Cause: Human<br>
Discovery: 1787007226000<br>
IRWIN ID: ee06f35a-f2f7-4ecb-bfc2-e99fed4fbf3b
      ]]></description>

      <Point>
        <coordinates>-122.352083,41.0887000000001,0</coordinates>
      </Point>

    </Placemark>

    <Placemark>
      <name>🔥 Olive Butte</name>

      <styleUrl>#wildfireIncident</styleUrl>

      <description><![CDATA[
<b>Olive Butte</b><br>
Source: NIFC / WFIGS<br>
Type: WF<br>
Acres: 3092<br>
Contained: 94%<br>
Cause: Natural<br>
Discovery: 1783525189000<br>
IRWIN ID: 882db1be-b19e-4733-b3cd-2140c2c822bb
      ]]></description>

      <Point>
        <coordinates>-118.452867,44.745217,0</coordinates>
      </Point>

    </Placemark>

    <Placemark>
      <name>🔥 Porcupine</name>

      <styleUrl>#wildfireIncident</styleUrl>

      <description><![CDATA[
<b>Porcupine</b><br>
Source: NIFC / WFIGS<br>
Type: WF<br>
Acres: 115<br>
Contained: 0%<br>
Cause: Natural<br>
Discovery: 1784946300000<br>
IRWIN ID: 1d2500f1-9401-4668-8eec-82d9181e4193
      ]]></description>

      <Point>
        <coordinates>-116.149,48.251,0</coordinates>
      </Point>

    </Placemark>

    <Placemark>
      <name>🔥 Slough Grass</name>

      <styleUrl>#wildfireIncident</styleUrl>

      <description><![CDATA[
<b>Slough Grass</b><br>
Source: NIFC / WFIGS<br>
Type: WF<br>
Acres: 5465<br>
Contained: 100%<br>
Cause: Natural<br>
Discovery: 1786051327000<br>
IRWIN ID: a0d9b680-54d9-4943-a878-2d3f0e7a7d22
      ]]></description>

      <Point>
        <coordinates>-106.805,45.7525000000001,0</coordinates>
      </Point>

    </Placemark>

    <Placemark>
      <name>🔥 ROVER</name>

      <styleUrl>#wildfireIncident</styleUrl>

      <description><![CDATA[
<b>ROVER</b><br>
Source: NIFC / WFIGS<br>
Type: WF<br>
Acres: 0.01<br>
Cause: Undetermined<br>
Discovery: 1786827477000<br>
IRWIN ID: 17ccb34c-b02f-4ba4-89ed-b26214615af5
      ]]></description>

      <Point>
        <coordinates>-118.7956,34.7546300000001,0</coordinates>
      </Point>

    </Placemark>

    <Placemark>
      <name>🔥 0722 ROSENBAUM</name>

      <styleUrl>#wildfireIncident</styleUrl>

      <description><![CDATA[
<b>0722 ROSENBAUM</b><br>
Source: NIFC / WFIGS<br>
Type: WF<br>
Acres: 483<br>
Contained: 16%<br>
Cause: Natural<br>
Discovery: 1786674720000<br>
IRWIN ID: 2059a645-6d4b-4ef9-8d1a-8ea49732a456
      ]]></description>

      <Point>
        <coordinates>-120.039833,44.840133,0</coordinates>
      </Point>

    </Placemark>

    <Placemark>
      <name>🔥 LAC-288950</name>

      <styleUrl>#wildfireIncident</styleUrl>

      <description><![CDATA[
<b>LAC-288950</b><br>
Source: NIFC / WFIGS<br>
Type: WF<br>
Acres: 0.01<br>
Cause: Undetermined<br>
Discovery: 1786801136000<br>
IRWIN ID: a5c29481-619b-4f22-b02e-5fa2fc9ec299
      ]]></description>

      <Point>
        <coordinates>-117.978,34.1149300000001,0</coordinates>
      </Point>

    </Placemark>

    <Placemark>
      <name>🔥 0446 CAMEL HUMP</name>

      <styleUrl>#wildfireIncident</styleUrl>

      <description><![CDATA[
<b>0446 CAMEL HUMP</b><br>
Source: NIFC / WFIGS<br>
Type: WF<br>
Acres: 6789<br>
Contained: 68%<br>
Cause: Natural<br>
Discovery: 1784163180000<br>
IRWIN ID: ff6762f8-a3ab-4432-9114-ff06358a7a84
      ]]></description>

      <Point>
        <coordinates>-120.052,44.761667,0</coordinates>
      </Point>

    </Placemark>

    <Placemark>
      <name>🔥 MTZ/RRU/PALM</name>

      <styleUrl>#wildfireIncident</styleUrl>

      <description><![CDATA[
<b>MTZ/RRU/PALM</b><br>
Source: NIFC / WFIGS<br>
Type: WF<br>
Acres: 0.1<br>
Cause: Undetermined<br>
Discovery: 1786841886000<br>
IRWIN ID: 967c17a2-e405-4e47-965c-738fbffd9bd8
      ]]></description>

      <Point>
        <coordinates>-117.279,33.8281670000001,0</coordinates>
      </Point>

    </Placemark>

    <Placemark>
      <name>🔥 POWDER RIVER</name>

      <styleUrl>#wildfireIncident</styleUrl>

      <description><![CDATA[
<b>POWDER RIVER</b><br>
Source: NIFC / WFIGS<br>
Type: WF<br>
Acres: 21088<br>
Contained: 100%<br>
Cause: Undetermined<br>
Discovery: 1784266200000<br>
IRWIN ID: 40ef4d3a-a1d9-48da-a96b-a58f164e5e68
      ]]></description>

      <Point>
        <coordinates>-117.277667,44.75525,0</coordinates>
      </Point>

    </Placemark>

    <Placemark>
      <name>🔥 THE NARROWS</name>

      <styleUrl>#wildfireIncident</styleUrl>

      <description><![CDATA[
<b>THE NARROWS</b><br>
Source: NIFC / WFIGS<br>
Type: WF<br>
Acres: 89<br>
Cause: Human<br>
Discovery: 1786206060000<br>
IRWIN ID: 7f8205dd-40b8-4abd-ab53-2c4a87394b87
      ]]></description>

      <Point>
        <coordinates>-122.093611,45.1469010000001,0</coordinates>
      </Point>

    </Placemark>

    <Placemark>
      <name>🔥 Woodrat Mountain</name>

      <styleUrl>#wildfireIncident</styleUrl>

      <description><![CDATA[
<b>Woodrat Mountain</b><br>
Source: NIFC / WFIGS<br>
Type: WF<br>
Acres: 282<br>
Contained: 85%<br>
Cause: Human<br>
Discovery: 1786044180000<br>
IRWIN ID: ab1c7a3e-f5b4-4c5f-91fa-7bc3bd4c254f
      ]]></description>

      <Point>
        <coordinates>-123.002264,42.2231808000001,0</coordinates>
      </Point>

    </Placemark>

    <Placemark>
      <name>🔥 0584 COTTONWOOD</name>

      <styleUrl>#wildfireIncident</styleUrl>

      <description><![CDATA[
<b>0584 COTTONWOOD</b><br>
Source: NIFC / WFIGS<br>
Type: WF<br>
Acres: 15658<br>
Contained: 100%<br>
Cause: Natural<br>
Discovery: 1784825485000<br>
IRWIN ID: b454dacb-0fe8-49d7-9603-08759cdcd5c1
      ]]></description>

      <Point>
        <coordinates>-120.426363,45.4534090000001,0</coordinates>
      </Point>

    </Placemark>

    <Placemark>
      <name>🔥 Second Flat</name>

      <styleUrl>#wildfireIncident</styleUrl>

      <description><![CDATA[
<b>Second Flat</b><br>
Source: NIFC / WFIGS<br>
Type: WF<br>
Acres: 105501<br>
Contained: 90%<br>
Cause: Natural<br>
Discovery: 1784933580000<br>
IRWIN ID: d1885386-0825-4eb4-8bec-b4c0274c5bbd
      ]]></description>

      <Point>
        <coordinates>-119.439167,43.608667,0</coordinates>
      </Point>

    </Placemark>

    <Placemark>
      <name>🔥 Thorn</name>

      <styleUrl>#wildfireIncident</styleUrl>

      <description><![CDATA[
<b>Thorn</b><br>
Source: NIFC / WFIGS<br>
Type: WF<br>
Acres: 2.29<br>
Cause: Natural<br>
Discovery: 1786915148000<br>
IRWIN ID: 1e46eaae-7835-4258-9208-c5b25736f31b
      ]]></description>

      <Point>
        <coordinates>-117.682333,45.8873330000001,0</coordinates>
      </Point>

    </Placemark>

    <Placemark>
      <name>🔥 Johnson</name>

      <styleUrl>#wildfireIncident</styleUrl>

      <description><![CDATA[
<b>Johnson</b><br>
Source: NIFC / WFIGS<br>
Type: WF<br>
Acres: 402<br>
Contained: 0%<br>
Cause: Natural<br>
Discovery: 1785094736000<br>
IRWIN ID: 438c97dc-b8f8-44e1-8c0c-7d58494f4d99
      ]]></description>

      <Point>
        <coordinates>-108.46745,33.2457000000001,0</coordinates>
      </Point>

    </Placemark>

    <Placemark>
      <name>🔥 Rocky Canyon</name>

      <styleUrl>#wildfireIncident</styleUrl>

      <description><![CDATA[
<b>Rocky Canyon</b><br>
Source: NIFC / WFIGS<br>
Type: WF<br>
Acres: 16464<br>
Contained: 85%<br>
Cause: Human<br>
Discovery: 1786138804000<br>
IRWIN ID: 0258851a-69b4-4b68-ac68-7401725397c1
      ]]></description>

      <Point>
        <coordinates>-111.642133,40.9395170000001,0</coordinates>
      </Point>

    </Placemark>

    <Placemark>
      <name>🔥 Ant Park</name>

      <styleUrl>#wildfireIncident</styleUrl>

      <description><![CDATA[
<b>Ant Park</b><br>
Source: NIFC / WFIGS<br>
Type: WF<br>
Acres: 400<br>
Contained: 88%<br>
Cause: Undetermined<br>
Discovery: 1785531240000<br>
IRWIN ID: 0910a9e1-186b-4da3-8ecb-75028dcc057f
      ]]></description>

      <Point>
        <coordinates>-110.639667,46.7365,0</coordinates>
      </Point>

    </Placemark>

    <Placemark>
      <name>🔥 Holdover</name>

      <styleUrl>#wildfireIncident</styleUrl>

      <description><![CDATA[
<b>Holdover</b><br>
Source: NIFC / WFIGS<br>
Type: WF<br>
Acres: 0.25<br>
Cause: Undetermined<br>
Discovery: 1784233172000<br>
IRWIN ID: 1caf195c-1888-4bf7-8171-87e1d0096154
      ]]></description>

      <Point>
        <coordinates>-108.55943,46.28434,0</coordinates>
      </Point>

    </Placemark>

    <Placemark>
      <name>🔥 Cottonwood</name>

      <styleUrl>#wildfireIncident</styleUrl>

      <description><![CDATA[
<b>Cottonwood</b><br>
Source: NIFC / WFIGS<br>
Type: WF<br>
Acres: 97464<br>
Contained: 95%<br>
Cause: Undetermined<br>
Discovery: 1782164206000<br>
IRWIN ID: b1b09572-cd77-4b0a-8e06-71284617a28f
      ]]></description>

      <Point>
        <coordinates>-112.550767,38.26975,0</coordinates>
      </Point>

    </Placemark>

    <Placemark>
      <name>🔥 Rocky Ridge</name>

      <styleUrl>#wildfireIncident</styleUrl>

      <description><![CDATA[
<b>Rocky Ridge</b><br>
Source: NIFC / WFIGS<br>
Type: WF<br>
Acres: 222<br>
Contained: 100%<br>
Cause: Human<br>
Discovery: 1782768943000<br>
IRWIN ID: 995160fa-1c35-4c76-949c-ba3655c6eb26
      ]]></description>

      <Point>
        <coordinates>-104.52734,42.5199200000001,0</coordinates>
      </Point>

    </Placemark>

    <Placemark>
      <name>🔥 Candle</name>

      <styleUrl>#wildfireIncident</styleUrl>

      <description><![CDATA[
<b>Candle</b><br>
Source: NIFC / WFIGS<br>
Type: WF<br>
Acres: 63.61<br>
Cause: Natural<br>
Discovery: 1786554000000<br>
IRWIN ID: 45616b85-5f1c-471b-9b4b-25091a141aec
      ]]></description>

      <Point>
        <coordinates>-102.32173145,43.3113469100001,0</coordinates>
      </Point>

    </Placemark>

    <Placemark>
      <name>🔥 BUZZARD</name>

      <styleUrl>#wildfireIncident</styleUrl>

      <description><![CDATA[
<b>BUZZARD</b><br>
Source: NIFC / WFIGS<br>
Type: WF<br>
Acres: 902<br>
Contained: 100%<br>
Cause: Human<br>
Discovery: 1785941460000<br>
IRWIN ID: e53d7a7b-30f7-40ce-b772-2ad3253a9b27
      ]]></description>

      <Point>
        <coordinates>-118.9227778,34.8997222,0</coordinates>
      </Point>

    </Placemark>

    <Placemark>
      <name>🔥 LAC-290720</name>

      <styleUrl>#wildfireIncident</styleUrl>

      <description><![CDATA[
<b>LAC-290720</b><br>
Source: NIFC / WFIGS<br>
Type: WF<br>
Acres: 0.01<br>
Cause: Undetermined<br>
Discovery: 1786915626000<br>
IRWIN ID: 2fc07413-2454-4404-bef1-9f756f5f73d0
      ]]></description>

      <Point>
        <coordinates>-117.96959,34.61648,0</coordinates>
      </Point>

    </Placemark>

    <Placemark>
      <name>🔥 SNAKE</name>

      <styleUrl>#wildfireIncident</styleUrl>

      <description><![CDATA[
<b>SNAKE</b><br>
Source: NIFC / WFIGS<br>
Type: WF<br>
Acres: 0.01<br>
Cause: Undetermined<br>
Discovery: 1786918709000<br>
IRWIN ID: 90e45756-c68d-49f3-b0c0-e10eaa847bab
      ]]></description>

      <Point>
        <coordinates>-121.562323,40.1630210000001,0</coordinates>
      </Point>

    </Placemark>

    <Placemark>
      <name>🔥 LAC-288653</name>

      <styleUrl>#wildfireIncident</styleUrl>

      <description><![CDATA[
<b>LAC-288653</b><br>
Source: NIFC / WFIGS<br>
Type: WF<br>
Acres: 0.01<br>
Cause: Undetermined<br>
Discovery: 1786770320000<br>
IRWIN ID: eb61dd71-d7ff-4ffb-9128-8da6c1214f4e
      ]]></description>

      <Point>
        <coordinates>-117.8202,34.01354,0</coordinates>
      </Point>

    </Placemark>

    <Placemark>
      <name>🔥 CHURCH 2</name>

      <styleUrl>#wildfireIncident</styleUrl>

      <description><![CDATA[
<b>CHURCH 2</b><br>
Source: NIFC / WFIGS<br>
Type: WF<br>
Acres: 132<br>
Cause: Undetermined<br>
Discovery: 1787000504000<br>
IRWIN ID: 112b9b87-43fe-49c0-98c3-cbc6277625c4
      ]]></description>

      <Point>
        <coordinates>-116.36187,32.687399,0</coordinates>
      </Point>

    </Placemark>

    <Placemark>
      <name>🔥 0567 LITTLE BUCK</name>

      <styleUrl>#wildfireIncident</styleUrl>

      <description><![CDATA[
<b>0567 LITTLE BUCK</b><br>
Source: NIFC / WFIGS<br>
Type: WF<br>
Acres: 4000<br>
Contained: 89%<br>
Cause: Natural<br>
Discovery: 1784771520000<br>
IRWIN ID: e8f22827-a59b-46d6-9e01-65002c1b9284
      ]]></description>

      <Point>
        <coordinates>-120.646917,45.0403000000001,0</coordinates>
      </Point>

    </Placemark>

    <Placemark>
      <name>🔥 I 580  E/ EDEN CANYON RD</name>

      <styleUrl>#wildfireIncident</styleUrl>

      <description><![CDATA[
<b>I 580  E/ EDEN CANYON RD</b><br>
Source: NIFC / WFIGS<br>
Type: WF<br>
Acres: 0.01<br>
Cause: Undetermined<br>
Discovery: 1787017009000<br>
IRWIN ID: 1746b5fa-adac-4738-9b93-66fdb41fff2f
      ]]></description>

      <Point>
        <coordinates>-122.021094,37.701201,0</coordinates>
      </Point>

    </Placemark>

    <Placemark>
      <name>🔥 MA #12</name>

      <styleUrl>#wildfireIncident</styleUrl>

      <description><![CDATA[
<b>MA #12</b><br>
Source: NIFC / WFIGS<br>
Type: WF<br>
Acres: 0.1<br>
Cause: Undetermined<br>
Discovery: 1785959738000<br>
IRWIN ID: e830bd0b-e2c0-4df8-abff-8e782fcedfe4
      ]]></description>

      <Point>
        <coordinates>-120.602283,43.3387000000001,0</coordinates>
      </Point>

    </Placemark>

    <Placemark>
      <name>🔥 LITTLE BEAR</name>

      <styleUrl>#wildfireIncident</styleUrl>

      <description><![CDATA[
<b>LITTLE BEAR</b><br>
Source: NIFC / WFIGS<br>
Type: WF<br>
Acres: 67<br>
Contained: 95%<br>
Cause: Undetermined<br>
Discovery: 1786408860000<br>
IRWIN ID: ddd323aa-005f-4859-8f72-866a09dd049b
      ]]></description>

      <Point>
        <coordinates>-119.04215,44.5154000000001,0</coordinates>
      </Point>

    </Placemark>

    <Placemark>
      <name>🔥 Heavy Timber</name>

      <styleUrl>#wildfireIncident</styleUrl>

      <description><![CDATA[
<b>Heavy Timber</b><br>
Source: NIFC / WFIGS<br>
Type: WF<br>
Acres: 175.84<br>
Contained: 100%<br>
Cause: Undetermined<br>
Discovery: 1783900961000<br>
IRWIN ID: c28a5f79-8fac-4658-b3af-1f42740bf110
      ]]></description>

      <Point>
        <coordinates>-108.146,46.4416600000001,0</coordinates>
      </Point>

    </Placemark>

    <Placemark>
      <name>🔥 0500 COYOTE</name>

      <styleUrl>#wildfireIncident</styleUrl>

      <description><![CDATA[
<b>0500 COYOTE</b><br>
Source: NIFC / WFIGS<br>
Type: WF<br>
Acres: 17459<br>
Contained: 88%<br>
Cause: Natural<br>
Discovery: 1784239440000<br>
IRWIN ID: e602a548-46c4-4074-a213-3e7c70fa9444
      ]]></description>

      <Point>
        <coordinates>-120.492667,44.1000330000001,0</coordinates>
      </Point>

    </Placemark>

    <Placemark>
      <name>🔥 Glacier</name>

      <styleUrl>#wildfireIncident</styleUrl>

      <description><![CDATA[
<b>Glacier</b><br>
Source: NIFC / WFIGS<br>
Type: WF<br>
Acres: 0.2<br>
Cause: Natural<br>
Discovery: 1786827790000<br>
IRWIN ID: 2f9e77b3-7367-451e-8966-176aa0e510ff
      ]]></description>

      <Point>
        <coordinates>-121.152972,48.1235150000001,0</coordinates>
      </Point>

    </Placemark>

    <Placemark>
      <name>🔥 Lake Channel</name>

      <styleUrl>#wildfireIncident</styleUrl>

      <description><![CDATA[
<b>Lake Channel</b><br>
Source: NIFC / WFIGS<br>
Type: WF<br>
Acres: 2516.39<br>
Cause: Natural<br>
Discovery: 1785255474000<br>
IRWIN ID: e6162ef2-ca20-4804-a442-c1c94692d3e7
      ]]></description>

      <Point>
        <coordinates>-113.020005,42.665061,0</coordinates>
      </Point>

    </Placemark>

    <Placemark>
      <name>🔥 GREEN RIDGE</name>

      <styleUrl>#wildfireIncident</styleUrl>

      <description><![CDATA[
<b>GREEN RIDGE</b><br>
Source: NIFC / WFIGS<br>
Type: WF<br>
Acres: 0.1<br>
Cause: Natural<br>
Discovery: 1786985520000<br>
IRWIN ID: 6c98240a-a4d2-4e37-8f22-cf0d321c2b76
      ]]></description>

      <Point>
        <coordinates>-117.1188,48.8902830000001,0</coordinates>
      </Point>

    </Placemark>

    <Placemark>
      <name>🔥 Johnson Canyon</name>

      <styleUrl>#wildfireIncident</styleUrl>

      <description><![CDATA[
<b>Johnson Canyon</b><br>
Source: NIFC / WFIGS<br>
Type: WF<br>
Acres: 6889<br>
Contained: 100%<br>
Cause: Undetermined<br>
Discovery: 1785628260000<br>
IRWIN ID: 36ff39ca-b437-4425-b92d-b8607082102c
      ]]></description>

      <Point>
        <coordinates>-112.304918,41.874782,0</coordinates>
      </Point>

    </Placemark>

    <Placemark>
      <name>🔥 Long Draw</name>

      <styleUrl>#wildfireIncident</styleUrl>

      <description><![CDATA[
<b>Long Draw</b><br>
Source: NIFC / WFIGS<br>
Type: WF<br>
Acres: 250<br>
Contained: 100%<br>
Cause: Human<br>
Discovery: 1785065637000<br>
IRWIN ID: 38d3f400-6384-414a-8ce4-819b0ba4a9c5
      ]]></description>

      <Point>
        <coordinates>-104.8353,44.6200000000001,0</coordinates>
      </Point>

    </Placemark>

    <Placemark>
      <name>🔥 Silvertip</name>

      <styleUrl>#wildfireIncident</styleUrl>

      <description><![CDATA[
<b>Silvertip</b><br>
Source: NIFC / WFIGS<br>
Type: WF<br>
Acres: 6681<br>
Contained: 0%<br>
Cause: Natural<br>
Discovery: 1784927955000<br>
IRWIN ID: c4138756-16b2-412f-b32b-4db4520de5bc
      ]]></description>

      <Point>
        <coordinates>-113.2735,47.8355000000001,0</coordinates>
      </Point>

    </Placemark>

    <Placemark>
      <name>🔥 RA 6 ADA CO CLAREMONT</name>

      <styleUrl>#wildfireIncident</styleUrl>

      <description><![CDATA[
<b>RA 6 ADA CO CLAREMONT</b><br>
Source: NIFC / WFIGS<br>
Type: WF<br>
Acres: 6627<br>
Contained: 100%<br>
Cause: Human<br>
Discovery: 1783365900000<br>
IRWIN ID: c255b5c1-9a81-49e1-b5dc-cce84cdfe61f
      ]]></description>

      <Point>
        <coordinates>-116.17155,43.6339,0</coordinates>
      </Point>

    </Placemark>

    <Placemark>
      <name>🔥 Ward</name>

      <styleUrl>#wildfireIncident</styleUrl>

      <description><![CDATA[
<b>Ward</b><br>
Source: NIFC / WFIGS<br>
Type: WF<br>
Acres: 8683<br>
Contained: 99%<br>
Cause: Natural<br>
Discovery: 1785515400000<br>
IRWIN ID: 21ab97f4-82f1-4569-9ff4-4a716c703575
      ]]></description>

      <Point>
        <coordinates>-114.89485,39.103167,0</coordinates>
      </Point>

    </Placemark>

    <Placemark>
      <name>🔥 4170 Tule Rd</name>

      <styleUrl>#wildfireIncident</styleUrl>

      <description><![CDATA[
<b>4170 Tule Rd</b><br>
Source: NIFC / WFIGS<br>
Type: WF<br>
Acres: 24180.23<br>
Contained: 95%<br>
Cause: Human<br>
Discovery: 1781466600000<br>
IRWIN ID: 508c8cf0-37e0-4de8-8135-3ecd306c7386
      ]]></description>

      <Point>
        <coordinates>-120.3144,46.2760200000001,0</coordinates>
      </Point>

    </Placemark>

    <Placemark>
      <name>🔥 PT 31 UNATTENDED CAMP FIRE</name>

      <styleUrl>#wildfireIncident</styleUrl>

      <description><![CDATA[
<b>PT 31 UNATTENDED CAMP FIRE</b><br>
Source: NIFC / WFIGS<br>
Type: WF<br>
Acres: 0.01<br>
Cause: Undetermined<br>
Discovery: 1785101573000<br>
IRWIN ID: 4db4a2c4-ce65-40d8-b370-bf831acf8f57
      ]]></description>

      <Point>
        <coordinates>-118.892,36.7533,0</coordinates>
      </Point>

    </Placemark>

    <Placemark>
      <name>🔥 WINONA</name>

      <styleUrl>#wildfireIncident</styleUrl>

      <description><![CDATA[
<b>WINONA</b><br>
Source: NIFC / WFIGS<br>
Type: WF<br>
Acres: 20<br>
Cause: Human<br>
Discovery: 1786483553000<br>
IRWIN ID: a07b4cb8-c751-45d0-a2f9-6e0863bd28ed
      ]]></description>

      <Point>
        <coordinates>-117.8483,46.9450000000001,0</coordinates>
      </Point>

    </Placemark>

    <Placemark>
      <name>🔥 LAC-290351</name>

      <styleUrl>#wildfireIncident</styleUrl>

      <description><![CDATA[
<b>LAC-290351</b><br>
Source: NIFC / WFIGS<br>
Type: WF<br>
Acres: 0.01<br>
Cause: Undetermined<br>
Discovery: 1786894444000<br>
IRWIN ID: 74ee680a-cd74-43f3-b7e0-dbfabc5e0828
      ]]></description>

      <Point>
        <coordinates>-118.23906,33.92717,0</coordinates>
      </Point>

    </Placemark>

    <Placemark>
      <name>🔥 0453</name>

      <styleUrl>#wildfireIncident</styleUrl>

      <description><![CDATA[
<b>0453</b><br>
Source: NIFC / WFIGS<br>
Type: WF<br>
Acres: 0.2<br>
Cause: Natural<br>
Discovery: 1784165880000<br>
IRWIN ID: 49db8219-6c5e-4f95-83f8-91162c74e5eb
      ]]></description>

      <Point>
        <coordinates>-119.804967,44.8044,0</coordinates>
      </Point>

    </Placemark>

    <Placemark>
      <name>🔥 Wolf Creek</name>

      <styleUrl>#wildfireIncident</styleUrl>

      <description><![CDATA[
<b>Wolf Creek</b><br>
Source: NIFC / WFIGS<br>
Type: WF<br>
Acres: 260<br>
Contained: 20%<br>
Cause: Undetermined<br>
Discovery: 1784330836000<br>
IRWIN ID: f706588f-5eec-4acd-8ff1-2cda2c432f37
      ]]></description>

      <Point>
        <coordinates>-115.130333,46.084867,0</coordinates>
      </Point>

    </Placemark>

    <Placemark>
      <name>🔥 You Haul - Custer</name>

      <styleUrl>#wildfireIncident</styleUrl>

      <description><![CDATA[
<b>You Haul - Custer</b><br>
Source: NIFC / WFIGS<br>
Type: WF<br>
Acres: 0.1<br>
Cause: Human<br>
Discovery: 1786723045000<br>
IRWIN ID: 67b6c5c2-0385-428a-9509-4076bcebd709
      ]]></description>

      <Point>
        <coordinates>-105.985817,46.3202170000001,0</coordinates>
      </Point>

    </Placemark>

    <Placemark>
      <name>🔥 Fielder Mtn</name>

      <styleUrl>#wildfireIncident</styleUrl>

      <description><![CDATA[
<b>Fielder Mtn</b><br>
Source: NIFC / WFIGS<br>
Type: WF<br>
Acres: 573<br>
Contained: 38%<br>
Cause: Undetermined<br>
Discovery: 1786658700000<br>
IRWIN ID: 6e75a47e-2ae2-42e8-b82a-36174eda16ef
      ]]></description>

      <Point>
        <coordinates>-123.20677425,42.4217473,0</coordinates>
      </Point>

    </Placemark>

    <Placemark>
      <name>🔥 WHEELER</name>

      <styleUrl>#wildfireIncident</styleUrl>

      <description><![CDATA[
<b>WHEELER</b><br>
Source: NIFC / WFIGS<br>
Type: WF<br>
Acres: 0.1<br>
Cause: Undetermined<br>
Discovery: 1786398600000<br>
IRWIN ID: e3743de2-9be7-4326-b9d4-ec096214029a
      ]]></description>

      <Point>
        <coordinates>-118.663333,37.4265,0</coordinates>
      </Point>

    </Placemark>

    <Placemark>
      <name>🔥 Wilmont Road</name>

      <styleUrl>#wildfireIncident</styleUrl>

      <description><![CDATA[
<b>Wilmont Road</b><br>
Source: NIFC / WFIGS<br>
Type: WF<br>
Acres: 0.5<br>
Cause: Undetermined<br>
Discovery: 1786930980000<br>
IRWIN ID: d6c6e32a-3296-48fb-aaff-f530fdce6a8d
      ]]></description>

      <Point>
        <coordinates>-118.43399,48.206686,0</coordinates>
      </Point>

    </Placemark>

    <Placemark>
      <name>🔥 Modrite</name>

      <styleUrl>#wildfireIncident</styleUrl>

      <description><![CDATA[
<b>Modrite</b><br>
Source: NIFC / WFIGS<br>
Type: WF<br>
Acres: 57639<br>
Contained: 90%<br>
Cause: Natural<br>
Discovery: 1784299860000<br>
IRWIN ID: 22d5bb97-9b75-4fb1-a8f6-caacebb7c124
      ]]></description>

      <Point>
        <coordinates>-118.312583,48.0690000000001,0</coordinates>
      </Point>

    </Placemark>

    <Placemark>
      <name>🔥 COTTONWOOD</name>

      <styleUrl>#wildfireIncident</styleUrl>

      <description><![CDATA[
<b>COTTONWOOD</b><br>
Source: NIFC / WFIGS<br>
Type: WF<br>
Acres: 722<br>
Contained: 95%<br>
Cause: Undetermined<br>
Discovery: 1786055141000<br>
IRWIN ID: 33435106-9985-464e-9894-386b522e0b39
      ]]></description>

      <Point>
        <coordinates>-119.380383,44.628133,0</coordinates>
      </Point>

    </Placemark>

    <Placemark>
      <name>🔥 AUTUMN LANE</name>

      <styleUrl>#wildfireIncident</styleUrl>

      <description><![CDATA[
<b>AUTUMN LANE</b><br>
Source: NIFC / WFIGS<br>
Type: WF<br>
Acres: 5764<br>
Contained: 97%<br>
Cause: Human<br>
Discovery: 1785623580000<br>
IRWIN ID: 31b18bda-34d0-4db5-a865-ae2ac65776be
      ]]></description>

      <Point>
        <coordinates>-117.612833,47.7945,0</coordinates>
      </Point>

    </Placemark>

    <Placemark>
      <name>🔥 GANN</name>

      <styleUrl>#wildfireIncident</styleUrl>

      <description><![CDATA[
<b>GANN</b><br>
Source: NIFC / WFIGS<br>
Type: WF<br>
Acres: 10339<br>
Contained: 100%<br>
Cause: Undetermined<br>
Discovery: 1785803276000<br>
IRWIN ID: a7c819ca-fce9-4e9e-9a7f-c89f2160f102
      ]]></description>

      <Point>
        <coordinates>-120.766797,38.1079280000001,0</coordinates>
      </Point>

    </Placemark>

    <Placemark>
      <name>🔥 North Fork Lost Horse</name>

      <styleUrl>#wildfireIncident</styleUrl>

      <description><![CDATA[
<b>North Fork Lost Horse</b><br>
Source: NIFC / WFIGS<br>
Type: WF<br>
Acres: 118<br>
Contained: 70%<br>
Cause: Natural<br>
Discovery: 1784940540000<br>
IRWIN ID: 4e04440d-fea1-4fc8-b961-f35f1d3bdf42
      ]]></description>

      <Point>
        <coordinates>-114.337,46.162,0</coordinates>
      </Point>

    </Placemark>

    <Placemark>
      <name>🔥 Honegger</name>

      <styleUrl>#wildfireIncident</styleUrl>

      <description><![CDATA[
<b>Honegger</b><br>
Source: NIFC / WFIGS<br>
Type: WF<br>
Acres: 2<br>
Cause: Undetermined<br>
Discovery: 1786721700000<br>
IRWIN ID: c1d7a26e-f8ad-425e-97b9-c5d95cc46e7b
      ]]></description>

      <Point>
        <coordinates>-104.3669,35.2992600000001,0</coordinates>
      </Point>

    </Placemark>

    <Placemark>
      <name>🔥 Black Hills RX</name>

      <styleUrl>#wildfireIncident</styleUrl>

      <description><![CDATA[
<b>Black Hills RX</b><br>
Source: NIFC / WFIGS<br>
Type: RX<br>
Cause: Undetermined<br>
Discovery: 1785608400000<br>
IRWIN ID: 1b719683-c6c6-475e-9b4b-be5c05ef7c9d
      ]]></description>

      <Point>
        <coordinates>-114.327,42.2289000000001,0</coordinates>
      </Point>

    </Placemark>

    <Placemark>
      <name>🔥 Bench</name>

      <styleUrl>#wildfireIncident</styleUrl>

      <description><![CDATA[
<b>Bench</b><br>
Source: NIFC / WFIGS<br>
Type: WF<br>
Acres: 4000<br>
Contained: 86%<br>
Cause: Undetermined<br>
Discovery: 1784844409000<br>
IRWIN ID: fe1de2b9-6b86-4bce-8400-a59019bb7932
      ]]></description>

      <Point>
        <coordinates>-121.350222,44.6317780000001,0</coordinates>
      </Point>

    </Placemark>

    <Placemark>
      <name>🔥 Rayado Mesa</name>

      <styleUrl>#wildfireIncident</styleUrl>

      <description><![CDATA[
<b>Rayado Mesa</b><br>
Source: NIFC / WFIGS<br>
Type: WF<br>
Acres: 934<br>
Contained: 100%<br>
Cause: Natural<br>
Discovery: 1785178894000<br>
IRWIN ID: 2df78dfc-471e-4d8d-9e21-f4309881a09e
      ]]></description>

      <Point>
        <coordinates>-104.8503,36.3258000000001,0</coordinates>
      </Point>

    </Placemark>

    <Placemark>
      <name>🔥 LAC-288969</name>

      <styleUrl>#wildfireIncident</styleUrl>

      <description><![CDATA[
<b>LAC-288969</b><br>
Source: NIFC / WFIGS<br>
Type: WF<br>
Acres: 0.01<br>
Cause: Undetermined<br>
Discovery: 1786802938000<br>
IRWIN ID: 8abb9828-5d2e-4591-b6c8-62ab55140651
      ]]></description>

      <Point>
        <coordinates>-118.1586,34.0088900000001,0</coordinates>
      </Point>

    </Placemark>

    <Placemark>
      <name>🔥 Deckert</name>

      <styleUrl>#wildfireIncident</styleUrl>

      <description><![CDATA[
<b>Deckert</b><br>
Source: NIFC / WFIGS<br>
Type: WF<br>
Acres: 190.74<br>
Cause: Natural<br>
Discovery: 1786491026000<br>
IRWIN ID: 69b94d24-c4a3-4545-b7c2-5de2982af64c
      ]]></description>

      <Point>
        <coordinates>-102.22883428,43.25191955,0</coordinates>
      </Point>

    </Placemark>

    <Placemark>
      <name>🔥 TALBOT</name>

      <styleUrl>#wildfireIncident</styleUrl>

      <description><![CDATA[
<b>TALBOT</b><br>
Source: NIFC / WFIGS<br>
Type: WF<br>
Acres: 93<br>
Contained: 87%<br>
Cause: Undetermined<br>
Discovery: 1786573560000<br>
IRWIN ID: 3b03df03-8ca9-44ed-a170-457213098a8e
      ]]></description>

      <Point>
        <coordinates>-120.386833,39.1750000000001,0</coordinates>
      </Point>

    </Placemark>

    <Placemark>
      <name>🔥 Spring</name>

      <styleUrl>#wildfireIncident</styleUrl>

      <description><![CDATA[
<b>Spring</b><br>
Source: NIFC / WFIGS<br>
Type: WF<br>
Acres: 100<br>
Cause: Human<br>
Discovery: 1786151460000<br>
IRWIN ID: a1772cec-73cd-49aa-8b3c-4bc0e5a39f26
      ]]></description>

      <Point>
        <coordinates>-105.403335,44.610755,0</coordinates>
      </Point>

    </Placemark>

    <Placemark>
      <name>🔥 CATO 2</name>

      <styleUrl>#wildfireIncident</styleUrl>

      <description><![CDATA[
<b>CATO 2</b><br>
Source: NIFC / WFIGS<br>
Type: WF<br>
Acres: 2080<br>
Contained: 100%<br>
Cause: Natural<br>
Discovery: 1786835894000<br>
IRWIN ID: e345f2a9-98f3-4472-9697-b921ae58eff0
      ]]></description>

      <Point>
        <coordinates>-103.9452,33.5076500000001,0</coordinates>
      </Point>

    </Placemark>

    <Placemark>
      <name>🔥 LAC-290743</name>

      <styleUrl>#wildfireIncident</styleUrl>

      <description><![CDATA[
<b>LAC-290743</b><br>
Source: NIFC / WFIGS<br>
Type: WF<br>
Acres: 0.01<br>
Cause: Undetermined<br>
Discovery: 1786916902000<br>
IRWIN ID: 95cd002f-966f-4ba5-aa5f-9d189750569b
      ]]></description>

      <Point>
        <coordinates>-118.23906,33.92717,0</coordinates>
      </Point>

    </Placemark>

    <Placemark>
      <name>🔥 Rocky Hills</name>

      <styleUrl>#wildfireIncident</styleUrl>

      <description><![CDATA[
<b>Rocky Hills</b><br>
Source: NIFC / WFIGS<br>
Type: WF<br>
Acres: 480<br>
Cause: Natural<br>
Discovery: 1785800340000<br>
IRWIN ID: f8845676-9ceb-4774-b6ca-df2a7f981196
      ]]></description>

      <Point>
        <coordinates>-104.93,34.532,0</coordinates>
      </Point>

    </Placemark>

    <Placemark>
      <name>🔥 SKYO</name>

      <styleUrl>#wildfireIncident</styleUrl>

      <description><![CDATA[
<b>SKYO</b><br>
Source: NIFC / WFIGS<br>
Type: WF<br>
Acres: 254<br>
Contained: 99%<br>
Cause: Natural<br>
Discovery: 1784782749000<br>
IRWIN ID: a0e3e90f-89dc-483f-9d5b-a12691256cda
      ]]></description>

      <Point>
        <coordinates>-121.717417,46.5743670000001,0</coordinates>
      </Point>

    </Placemark>

    <Placemark>
      <name>🔥 0694 CRESCENT BUTTE (WR INC)</name>

      <styleUrl>#wildfireIncident</styleUrl>

      <description><![CDATA[
<b>0694 CRESCENT BUTTE (WR INC)</b><br>
Source: NIFC / WFIGS<br>
Type: WF<br>
Acres: 113<br>
Cause: Human<br>
Discovery: 1786223820000<br>
IRWIN ID: fd7420f5-94c9-484c-acc3-7b16ecf30842
      ]]></description>

      <Point>
        <coordinates>-121.669133,43.4625500000001,0</coordinates>
      </Point>

    </Placemark>

    <Placemark>
      <name>🔥 Vine St</name>

      <styleUrl>#wildfireIncident</styleUrl>

      <description><![CDATA[
<b>Vine St</b><br>
Source: NIFC / WFIGS<br>
Type: WF<br>
Acres: 0.1<br>
Cause: Human<br>
Discovery: 1786834380000<br>
IRWIN ID: 1ec2c220-e0da-4412-bb60-def40ab92d06
      ]]></description>

      <Point>
        <coordinates>-123.34708333,43.2392166700001,0</coordinates>
      </Point>

    </Placemark>

    <Placemark>
      <name>🔥 Mount Tom Creek</name>

      <styleUrl>#wildfireIncident</styleUrl>

      <description><![CDATA[
<b>Mount Tom Creek</b><br>
Source: NIFC / WFIGS<br>
Type: WF<br>
Acres: 69<br>
Cause: Undetermined<br>
Discovery: 1782329400000<br>
IRWIN ID: 7a4391a9-652a-4a28-bede-9856383b4cb4
      ]]></description>

      <Point>
        <coordinates>-123.799667,47.8223330000001,0</coordinates>
      </Point>

    </Placemark>

    <Placemark>
      <name>🔥 Healy</name>

      <styleUrl>#wildfireIncident</styleUrl>

      <description><![CDATA[
<b>Healy</b><br>
Source: NIFC / WFIGS<br>
Type: WF<br>
Acres: 22<br>
Cause: Natural<br>
Discovery: 1786832128000<br>
IRWIN ID: 4b1584d5-78a5-4ebb-bb84-d675436adfa5
      ]]></description>

      <Point>
        <coordinates>-117.759055,39.6533930000001,0</coordinates>
      </Point>

    </Placemark>

    <Placemark>
      <name>🔥 0450 COVE CREEK</name>

      <styleUrl>#wildfireIncident</styleUrl>

      <description><![CDATA[
<b>0450 COVE CREEK</b><br>
Source: NIFC / WFIGS<br>
Type: WF<br>
Acres: 7208<br>
Contained: 100%<br>
Cause: Natural<br>
Discovery: 1784164080000<br>
IRWIN ID: 4e89d5a2-91ac-4a93-b93f-b0e0279b5a98
      ]]></description>

      <Point>
        <coordinates>-120.346403,44.9428990000001,0</coordinates>
      </Point>

    </Placemark>

    <Placemark>
      <name>🔥 0485 DEEP CANYON</name>

      <styleUrl>#wildfireIncident</styleUrl>

      <description><![CDATA[
<b>0485 DEEP CANYON</b><br>
Source: NIFC / WFIGS<br>
Type: WF<br>
Acres: 9170<br>
Contained: 100%<br>
Cause: Natural<br>
Discovery: 1784229060000<br>
IRWIN ID: 23230fe2-352a-4036-8a22-0e58c817554c
      ]]></description>

      <Point>
        <coordinates>-120.836,44.8645000000001,0</coordinates>
      </Point>

    </Placemark>

    <Placemark>
      <name>🔥 MITCHELL</name>

      <styleUrl>#wildfireIncident</styleUrl>

      <description><![CDATA[
<b>MITCHELL</b><br>
Source: NIFC / WFIGS<br>
Type: WF<br>
Acres: 16<br>
Cause: Human<br>
Discovery: 1786308000000<br>
IRWIN ID: 81823858-311d-4580-a439-fa892743c7c6
      ]]></description>

      <Point>
        <coordinates>-121.970117,45.1386170000001,0</coordinates>
      </Point>

    </Placemark>

    <Placemark>
      <name>🔥 MM17 I15</name>

      <styleUrl>#wildfireIncident</styleUrl>

      <description><![CDATA[
<b>MM17 I15</b><br>
Source: NIFC / WFIGS<br>
Type: WF<br>
Acres: 0.1<br>
Cause: Human<br>
Discovery: 1787011366000<br>
IRWIN ID: debcd26e-2d15-4cd8-9c57-7a6a7a633737
      ]]></description>

      <Point>
        <coordinates>-113.425714,37.1763480000001,0</coordinates>
      </Point>

    </Placemark>

    <Placemark>
      <name>🔥 Mission - Rosebud</name>

      <styleUrl>#wildfireIncident</styleUrl>

      <description><![CDATA[
<b>Mission - Rosebud</b><br>
Source: NIFC / WFIGS<br>
Type: WF<br>
Acres: 0.5<br>
Cause: Natural<br>
Discovery: 1786557928000<br>
IRWIN ID: 52235261-1281-4f1a-952f-c713538373b4
      ]]></description>

      <Point>
        <coordinates>-106.953356,46.351438,0</coordinates>
      </Point>

    </Placemark>

    <Placemark>
      <name>🔥 0648 TRIANGLE POND</name>

      <styleUrl>#wildfireIncident</styleUrl>

      <description><![CDATA[
<b>0648 TRIANGLE POND</b><br>
Source: NIFC / WFIGS<br>
Type: WF<br>
Acres: 2.86<br>
Cause: Human<br>
Discovery: 1785291900000<br>
IRWIN ID: 5db4a276-1e7f-43bb-a5d8-585590292839
      ]]></description>

      <Point>
        <coordinates>-121.50505,44.5055830000001,0</coordinates>
      </Point>

    </Placemark>

    <Placemark>
      <name>🔥 Phillips Creek</name>

      <styleUrl>#wildfireIncident</styleUrl>

      <description><![CDATA[
<b>Phillips Creek</b><br>
Source: NIFC / WFIGS<br>
Type: WF<br>
Acres: 23<br>
Cause: Natural<br>
Discovery: 1786995324000<br>
IRWIN ID: 3b767f41-7e1b-4d83-b297-35fe9d782d71
      ]]></description>

      <Point>
        <coordinates>-118.002633,45.5701,0</coordinates>
      </Point>

    </Placemark>

    <Placemark>
      <name>🔥 LITTLE GIANT</name>

      <styleUrl>#wildfireIncident</styleUrl>

      <description><![CDATA[
<b>LITTLE GIANT</b><br>
Source: NIFC / WFIGS<br>
Type: WF<br>
Acres: 134635<br>
Contained: 10%<br>
Cause: Natural<br>
Discovery: 1784164674000<br>
IRWIN ID: 091081ed-bd23-4610-ae4a-270f95d1711e
      ]]></description>

      <Point>
        <coordinates>-120.846617,48.016217,0</coordinates>
      </Point>

    </Placemark>

    <Placemark>
      <name>🔥 Island</name>

      <styleUrl>#wildfireIncident</styleUrl>

      <description><![CDATA[
<b>Island</b><br>
Source: NIFC / WFIGS<br>
Type: WF<br>
Acres: 5<br>
Cause: Natural<br>
Discovery: 1786761240000<br>
IRWIN ID: 682848a3-ee17-4cf0-a0c0-f251c26bbb93
      ]]></description>

      <Point>
        <coordinates>-102.58069904,43.15831158,0</coordinates>
      </Point>

    </Placemark>

    <Placemark>
      <name>🔥 Phahin</name>

      <styleUrl>#wildfireIncident</styleUrl>

      <description><![CDATA[
<b>Phahin</b><br>
Source: NIFC / WFIGS<br>
Type: WF<br>
Acres: 26.02<br>
Cause: Human<br>
Discovery: 1786500320000<br>
IRWIN ID: fea2a4f2-d8c6-40bb-b67c-ebc7dba3bbd7
      ]]></description>

      <Point>
        <coordinates>-102.30508333,43.27538889,0</coordinates>
      </Point>

    </Placemark>

    <Placemark>
      <name>🔥 Post Canyon</name>

      <styleUrl>#wildfireIncident</styleUrl>

      <description><![CDATA[
<b>Post Canyon</b><br>
Source: NIFC / WFIGS<br>
Type: WF<br>
Acres: 0.6<br>
Cause: Natural<br>
Discovery: 1786823808000<br>
IRWIN ID: 5467a8b7-758c-43f0-9472-cd50527549d8
      ]]></description>

      <Point>
        <coordinates>-109.84125,39.3166170000001,0</coordinates>
      </Point>

    </Placemark>

    <Placemark>
      <name>🔥 Tartar</name>

      <styleUrl>#wildfireIncident</styleUrl>

      <description><![CDATA[
<b>Tartar</b><br>
Source: NIFC / WFIGS<br>
Type: WF<br>
Acres: 158027<br>
Contained: 98%<br>
Cause: Natural<br>
Discovery: 1784908800000<br>
IRWIN ID: db5448a6-fcac-4041-a817-6f8198161dba
      ]]></description>

      <Point>
        <coordinates>-117.093,44.5413330000001,0</coordinates>
      </Point>

    </Placemark>

    <Placemark>
      <name>🔥 Mt. Adams Lake</name>

      <styleUrl>#wildfireIncident</styleUrl>

      <description><![CDATA[
<b>Mt. Adams Lake</b><br>
Source: NIFC / WFIGS<br>
Type: WF<br>
Acres: 0.3<br>
Cause: Undetermined<br>
Discovery: 1786999777000<br>
IRWIN ID: 6419d55a-3e73-45a4-a312-1983561a80ed
      ]]></description>

      <Point>
        <coordinates>-121.332149,46.2674170000001,0</coordinates>
      </Point>

    </Placemark>

    <Placemark>
      <name>🔥 ELEPHANT</name>

      <styleUrl>#wildfireIncident</styleUrl>

      <description><![CDATA[
<b>ELEPHANT</b><br>
Source: NIFC / WFIGS<br>
Type: WF<br>
Acres: 13930<br>
Contained: 100%<br>
Cause: Undetermined<br>
Discovery: 1783801620000<br>
IRWIN ID: 6ad80de9-cd41-40d3-8939-a86ccf775981
      ]]></description>

      <Point>
        <coordinates>-120.193167,39.710833,0</coordinates>
      </Point>

    </Placemark>

    <Placemark>
      <name>🔥 Hoop</name>

      <styleUrl>#wildfireIncident</styleUrl>

      <description><![CDATA[
<b>Hoop</b><br>
Source: NIFC / WFIGS<br>
Type: WF<br>
Acres: 960<br>
Contained: 100%<br>
Cause: Natural<br>
Discovery: 1783453200000<br>
IRWIN ID: 3bc7b09f-9779-4fae-8b61-07f436b49ff0
      ]]></description>

      <Point>
        <coordinates>-118.752133,42.6377170000001,0</coordinates>
      </Point>

    </Placemark>

    <Placemark>
      <name>🔥 Slough Canyon</name>

      <styleUrl>#wildfireIncident</styleUrl>

      <description><![CDATA[
<b>Slough Canyon</b><br>
Source: NIFC / WFIGS<br>
Type: WF<br>
Acres: 40<br>
Cause: Natural<br>
Discovery: 1786813200000<br>
IRWIN ID: 019119da-16c0-40ae-adfe-25ad80ea704e
      ]]></description>

      <Point>
        <coordinates>-109.9232,39.3697000000001,0</coordinates>
      </Point>

    </Placemark>

    <Placemark>
      <name>🔥 Cass</name>

      <styleUrl>#wildfireIncident</styleUrl>

      <description><![CDATA[
<b>Cass</b><br>
Source: NIFC / WFIGS<br>
Type: WF<br>
Acres: 55<br>
Cause: Undetermined<br>
Discovery: 1784924214000<br>
IRWIN ID: 7e703c7d-4019-4d9e-9d3a-42511497fe29
      ]]></description>

      <Point>
        <coordinates>-107.016033,45.874467,0</coordinates>
      </Point>

    </Placemark>

    <Placemark>
      <name>🔥 Fullers Coulee</name>

      <styleUrl>#wildfireIncident</styleUrl>

      <description><![CDATA[
<b>Fullers Coulee</b><br>
Source: NIFC / WFIGS<br>
Type: WF<br>
Acres: 859.9<br>
Contained: 100%<br>
Cause: Undetermined<br>
Discovery: 1786052340000<br>
IRWIN ID: 2f64cc51-4222-4f07-b462-0195e39b1dfc
      ]]></description>

      <Point>
        <coordinates>-105.6996,47.9217830000001,0</coordinates>
      </Point>

    </Placemark>

    <Placemark>
      <name>🔥 HERMIES</name>

      <styleUrl>#wildfireIncident</styleUrl>

      <description><![CDATA[
<b>HERMIES</b><br>
Source: NIFC / WFIGS<br>
Type: WF<br>
Discovery: 1786779000000<br>
IRWIN ID: 4e8cf97e-04fa-4427-ae17-f82615a5757a
      ]]></description>

      <Point>
        <coordinates>-122.8965,38.3163333000001,0</coordinates>
      </Point>

    </Placemark>

    <Placemark>
      <name>🔥 L BAR RANCH</name>

      <styleUrl>#wildfireIncident</styleUrl>

      <description><![CDATA[
<b>L BAR RANCH</b><br>
Source: NIFC / WFIGS<br>
Type: WF<br>
Acres: 148<br>
Contained: 100%<br>
Cause: Natural<br>
Discovery: 1785510120000<br>
IRWIN ID: 86610619-6664-42f8-8e99-bca992ef7137
      ]]></description>

      <Point>
        <coordinates>-107.374927,35.459118,0</coordinates>
      </Point>

    </Placemark>

    <Placemark>
      <name>🔥 Bob Creek</name>

      <styleUrl>#wildfireIncident</styleUrl>

      <description><![CDATA[
<b>Bob Creek</b><br>
Source: NIFC / WFIGS<br>
Type: WF<br>
Acres: 851<br>
Contained: 100%<br>
Cause: Undetermined<br>
Discovery: 1785019680000<br>
IRWIN ID: 62dc997c-ce90-4ce0-a720-0138cc229e55
      ]]></description>

      <Point>
        <coordinates>-116.8869,44.9956000000001,0</coordinates>
      </Point>

    </Placemark>

    <Placemark>
      <name>🔥 HUDSPETH</name>

      <styleUrl>#wildfireIncident</styleUrl>

      <description><![CDATA[
<b>HUDSPETH</b><br>
Source: NIFC / WFIGS<br>
Type: WF<br>
Acres: 6726<br>
Contained: 98%<br>
Cause: Undetermined<br>
Discovery: 1785626233000<br>
IRWIN ID: 51a10032-2a86-4517-8784-028db6bdac56
      ]]></description>

      <Point>
        <coordinates>-118.158917,48.0884500000001,0</coordinates>
      </Point>

    </Placemark>

    <Placemark>
      <name>🔥 WEST SPRING CREEK</name>

      <styleUrl>#wildfireIncident</styleUrl>

      <description><![CDATA[
<b>WEST SPRING CREEK</b><br>
Source: NIFC / WFIGS<br>
Type: WF<br>
Acres: 131.35<br>
Cause: Undetermined<br>
Discovery: 1784324354000<br>
IRWIN ID: 2e246597-1f93-4c75-9438-4fc7291dcb71
      ]]></description>

      <Point>
        <coordinates>-107.071167,45.172,0</coordinates>
      </Point>

    </Placemark>

    <Placemark>
      <name>🔥 LAC-291356</name>

      <styleUrl>#wildfireIncident</styleUrl>

      <description><![CDATA[
<b>LAC-291356</b><br>
Source: NIFC / WFIGS<br>
Type: WF<br>
Acres: 0.01<br>
Cause: Undetermined<br>
Discovery: 1786951426000<br>
IRWIN ID: 48cdb239-e0cf-45cc-b012-de757bbb1368
      ]]></description>

      <Point>
        <coordinates>-118.1706,33.9450000000001,0</coordinates>
      </Point>

    </Placemark>

    <Placemark>
      <name>🔥 IMPOSSIBLE</name>

      <styleUrl>#wildfireIncident</styleUrl>

      <description><![CDATA[
<b>IMPOSSIBLE</b><br>
Source: NIFC / WFIGS<br>
Type: WF<br>
Acres: 0.1<br>
Cause: Human<br>
Discovery: 1786661760000<br>
IRWIN ID: 98635163-5bb1-475c-a2e1-cea5ba875ef2
      ]]></description>

      <Point>
        <coordinates>-120.9186,47.11803,0</coordinates>
      </Point>

    </Placemark>


  </Folder>

</Document>

</kml>
