{
  "type": "FeatureCollection",
  "crs": {
    "type": "name",
    "properties": {
      "name": "EPSG:4326"
    }
  },
  "features": [
    {
      "type": "Feature",
      "id": 355,
      "geometry": {
        "type": "Point",
        "coordinates": [
          -123.553633,
          47.7636670000001
        ]
      },
      "properties": {
        "OBJECTID": 355,
        "IncidentName": "Mt Barnes",
        "IncidentTypeCategory": "WF",
        "UniqueFireIdentifier": "2026-WAOLP-000438",
        "DailyAcres": 0.5,
        "CalculatedAcres": null,
        "PercentContained": null,
        "ICS209ReportDateTime": null,
        "FireDiscoveryDateTime": 1786733459000,
        "DiscoveryAcres": 0.1,
        "POOCounty": "Jefferson",
        "POOState": "US-WA",
        "FireCause": "Undetermined",
        "FireCauseGeneral": null,
        "GACC": "NWCC",
        "TotalIncidentPersonnel": null,
        "IncidentManagementOrganization": null,
        "FireMgmtComplexity": null,
        "ResidencesDestroyed": null,
        "OtherStructuresDestroyed": null,
        "Injuries": null,
        "Fatalities": null,
        "PredominantFuelGroup": null,
        "PredominantFuelModel": null,
        "PrimaryFuelModel": null,
        "ContainmentDateTime": null,
        "ControlDateTime": null,
        "FinalAcres": null,
        "IsValid": 1,
        "FireOutDateTime": null,
        "ModifiedOnDateTime": 1787014980000,
        "IncidentTypeKind": "FI",
        "IrwinID": "79e25319-71c5-4ada-bee1-672d98da3a40",
        "GlobalID": "b200128e-6067-405e-a07d-0cb41d9109e6",
        "ModifiedOnAge": 0,
        "FireDiscoveryAge": 3
      }
    },
    {
      "type": "Feature",
      "id": 23,
      "geometry": {
        "type": "Point",
        "coordinates": [
          -121.188133,
          48.480533
        ]
      },
      "properties": {
        "OBJECTID": 23,
        "IncidentName": "Swamp Creek",
        "IncidentTypeCategory": "WF",
        "UniqueFireIdentifier": "2026-WAMSF-000158",
        "DailyAcres": 4,
        "CalculatedAcres": null,
        "PercentContained": 0,
        "ICS209ReportDateTime": 1784237619000,
        "FireDiscoveryDateTime": 1782413100000,
        "DiscoveryAcres": 0.5,
        "POOCounty": "Skagit",
        "POOState": "US-WA",
        "FireCause": "Undetermined",
        "FireCauseGeneral": null,
        "GACC": "NWCC",
        "TotalIncidentPersonnel": 10,
        "IncidentManagementOrganization": "Type 4 IC",
        "FireMgmtComplexity": null,
        "ResidencesDestroyed": null,
        "OtherStructuresDestroyed": null,
        "Injuries": null,
        "Fatalities": null,
        "PredominantFuelGroup": null,
        "PredominantFuelModel": null,
        "PrimaryFuelModel": "Timber (Litter and Understory)",
        "ContainmentDateTime": 1786928400000,
        "ControlDateTime": null,
        "FinalAcres": null,
        "IsValid": 1,
        "FireOutDateTime": null,
        "ModifiedOnDateTime": 1786930162000,
        "IncidentTypeKind": "FI",
        "IrwinID": "df61072e-a656-4e3d-b681-cf66533c7879",
        "GlobalID": "41ed6183-af7e-4eb8-a85f-022ca27d1bb4",
        "ModifiedOnAge": 1,
        "FireDiscoveryAge": 53
      }
    },
    {
      "type": "Feature",
      "id": 378,
      "geometry": {
        "type": "Point",
        "coordinates": [
          -119.797068,
          42.057918
        ]
      },
      "properties": {
        "OBJECTID": 378,
        "IncidentName": "FA #32",
        "IncidentTypeCategory": "WF",
        "UniqueFireIdentifier": "2026-ORLAD-260307",
        "DailyAcres": 0.1,
        "CalculatedAcres": null,
        "PercentContained": null,
        "ICS209ReportDateTime": null,
        "FireDiscoveryDateTime": 1786799981000,
        "DiscoveryAcres": 0.1,
        "POOCounty": "Lake",
        "POOState": "US-OR",
        "FireCause": "Undetermined",
        "FireCauseGeneral": null,
        "GACC": "NWCC",
        "TotalIncidentPersonnel": null,
        "IncidentManagementOrganization": null,
        "FireMgmtComplexity": null,
        "ResidencesDestroyed": null,
        "OtherStructuresDestroyed": null,
        "Injuries": null,
        "Fatalities": null,
        "PredominantFuelGroup": null,
        "PredominantFuelModel": null,
        "PrimaryFuelModel": null,
        "ContainmentDateTime": null,
        "ControlDateTime": null,
        "FinalAcres": null,
        "IsValid": 1,
        "FireOutDateTime": null,
        "ModifiedOnDateTime": 1786819835000,
        "IncidentTypeKind": "FI",
        "IrwinID": "ec48e7f1-96f6-400b-a7bc-6067dd37e9ca",
        "GlobalID": "b18f03e4-4ba9-4fdc-b57a-fd29000d888b",
        "ModifiedOnAge": 2,
        "FireDiscoveryAge": 2
      }
    },
    {
      "type": "Feature",
      "id": 46,
      "geometry": {
        "type": "Point",
        "coordinates": [
          -118.200333,
          44.9918670000001
        ]
      },
      "properties": {
        "OBJECTID": 46,
        "IncidentName": "Anthony",
        "IncidentTypeCategory": "WF",
        "UniqueFireIdentifier": "2026-ORWWF-000227",
        "DailyAcres": 2584,
        "CalculatedAcres": 2583.62429811,
        "PercentContained": 89,
        "ICS209ReportDateTime": 1786496225000,
        "FireDiscoveryDateTime": 1783534440000,
        "DiscoveryAcres": 0.25,
        "POOCounty": "Baker",
        "POOState": "US-OR",
        "FireCause": "Natural",
        "FireCauseGeneral": null,
        "GACC": "NWCC",
        "TotalIncidentPersonnel": 45,
        "IncidentManagementOrganization": "Type 4 IC",
        "FireMgmtComplexity": null,
        "ResidencesDestroyed": null,
        "OtherStructuresDestroyed": null,
        "Injuries": 6,
        "Fatalities": null,
        "PredominantFuelGroup": null,
        "PredominantFuelModel": null,
        "PrimaryFuelModel": "Closed Timber Litter",
        "ContainmentDateTime": null,
        "ControlDateTime": null,
        "FinalAcres": null,
        "IsValid": 1,
        "FireOutDateTime": null,
        "ModifiedOnDateTime": 1786643281000,
        "IncidentTypeKind": "FI",
        "IrwinID": "5a533167-5d8e-48d7-9e94-d3658afd753b",
        "GlobalID": "fbd45ef3-9f95-4f44-b110-5e70e9f4e6c0",
        "ModifiedOnAge": 4,
        "FireDiscoveryAge": 40
      }
    },
    {
      "type": "Feature",
      "id": 69,
      "geometry": {
        "type": "Point",
        "coordinates": [
          -120.199167,
          44.8033330000001
        ]
      },
      "properties": {
        "OBJECTID": 69,
        "IncidentName": "0445 CROSSWHITE",
        "IncidentTypeCategory": "WF",
        "UniqueFireIdentifier": "2026-ORPRD-000445",
        "DailyAcres": 344916,
        "CalculatedAcres": null,
        "PercentContained": 87,
        "ICS209ReportDateTime": 1787014588000,
        "FireDiscoveryDateTime": 1784163114000,
        "DiscoveryAcres": 0.1,
        "POOCounty": "Wheeler",
        "POOState": "US-OR",
        "FireCause": "Natural",
        "FireCauseGeneral": null,
        "GACC": "NWCC",
        "TotalIncidentPersonnel": 39,
        "IncidentManagementOrganization": "Type 3 IC",
        "FireMgmtComplexity": null,
        "ResidencesDestroyed": 9,
        "OtherStructuresDestroyed": 24,
        "Injuries": 23,
        "Fatalities": null,
        "PredominantFuelGroup": null,
        "PredominantFuelModel": null,
        "PrimaryFuelModel": "Short Grass (1 foot)",
        "ContainmentDateTime": null,
        "ControlDateTime": null,
        "FinalAcres": null,
        "IsValid": 1,
        "FireOutDateTime": null,
        "ModifiedOnDateTime": 1787014588000,
        "IncidentTypeKind": "FI",
        "IrwinID": "1b0219ee-5298-4fef-9927-c2666d9d53fc",
        "GlobalID": "e566d5f5-09e7-4c90-8bcb-dd321a523227",
        "ModifiedOnAge": 0,
        "FireDiscoveryAge": 33
      }
    },
    {
      "type": "Feature",
      "id": 524,
      "geometry": {
        "type": "Point",
        "coordinates": [
          -116.21595,
          46.5938320000001
        ]
      },
      "properties": {
        "OBJECTID": 524,
        "IncidentName": "Ove",
        "IncidentTypeCategory": "WF",
        "UniqueFireIdentifier": "2026-IDCTS-000429",
        "DailyAcres": 0.25,
        "CalculatedAcres": null,
        "PercentContained": null,
        "ICS209ReportDateTime": null,
        "FireDiscoveryDateTime": 1786977854000,
        "DiscoveryAcres": 0.25,
        "POOCounty": "Clearwater",
        "POOState": "US-ID",
        "FireCause": "Undetermined",
        "FireCauseGeneral": null,
        "GACC": "NRCC",
        "TotalIncidentPersonnel": null,
        "IncidentManagementOrganization": null,
        "FireMgmtComplexity": null,
        "ResidencesDestroyed": null,
        "OtherStructuresDestroyed": null,
        "Injuries": null,
        "Fatalities": null,
        "PredominantFuelGroup": null,
        "PredominantFuelModel": null,
        "PrimaryFuelModel": null,
        "ContainmentDateTime": null,
        "ControlDateTime": null,
        "FinalAcres": null,
        "IsValid": 1,
        "FireOutDateTime": null,
        "ModifiedOnDateTime": 1787003795000,
        "IncidentTypeKind": "FI",
        "IrwinID": "222ff405-9b6a-471a-9537-3b49480b2b86",
        "GlobalID": "6e1870c0-ecad-4284-aab6-eef133a2c66c",
        "ModifiedOnAge": 0,
        "FireDiscoveryAge": 0
      }
    },
    {
      "type": "Feature",
      "id": 192,
      "geometry": {
        "type": "Point",
        "coordinates": [
          -113.325667,
          45.5546670000001
        ]
      },
      "properties": {
        "OBJECTID": 192,
        "IncidentName": "Sand Creek",
        "IncidentTypeCategory": "WF",
        "UniqueFireIdentifier": "2026-MTBDF-266319",
        "DailyAcres": 31652,
        "CalculatedAcres": null,
        "PercentContained": 1,
        "ICS209ReportDateTime": 1787007934000,
        "FireDiscoveryDateTime": 1785612672000,
        "DiscoveryAcres": 40,
        "POOCounty": "Beaverhead",
        "POOState": "US-MT",
        "FireCause": "Undetermined",
        "FireCauseGeneral": null,
        "GACC": "NRCC",
        "TotalIncidentPersonnel": 550,
        "IncidentManagementOrganization": "Complex Incident Management Team",
        "FireMgmtComplexity": null,
        "ResidencesDestroyed": null,
        "OtherStructuresDestroyed": 1,
        "Injuries": 3,
        "Fatalities": null,
        "PredominantFuelGroup": null,
        "PredominantFuelModel": null,
        "PrimaryFuelModel": "Timber (Litter and Understory)",
        "ContainmentDateTime": null,
        "ControlDateTime": null,
        "FinalAcres": null,
        "IsValid": 1,
        "FireOutDateTime": null,
        "ModifiedOnDateTime": 1787007934000,
        "IncidentTypeKind": "FI",
        "IrwinID": "84fd3d7e-6b04-49cd-a729-ed3178a49c42",
        "GlobalID": "89a51f8f-2760-47bb-93f0-b2261560de88",
        "ModifiedOnAge": 0,
        "FireDiscoveryAge": 16
      }
    },
    {
      "type": "Feature",
      "id": 501,
      "geometry": {
        "type": "Point",
        "coordinates": [
          -123.6991667,
          41.0752778
        ]
      },
      "properties": {
        "OBJECTID": 501,
        "IncidentName": "Nelson",
        "IncidentTypeCategory": "WF",
        "UniqueFireIdentifier": "2026-CAHVT-000797",
        "DailyAcres": null,
        "CalculatedAcres": null,
        "PercentContained": null,
        "ICS209ReportDateTime": null,
        "FireDiscoveryDateTime": 1786874400000,
        "DiscoveryAcres": null,
        "POOCounty": "Humboldt",
        "POOState": "US-CA",
        "FireCause": null,
        "FireCauseGeneral": null,
        "GACC": "ONCC",
        "TotalIncidentPersonnel": null,
        "IncidentManagementOrganization": null,
        "FireMgmtComplexity": null,
        "ResidencesDestroyed": null,
        "OtherStructuresDestroyed": null,
        "Injuries": null,
        "Fatalities": null,
        "PredominantFuelGroup": null,
        "PredominantFuelModel": null,
        "PrimaryFuelModel": null,
        "ContainmentDateTime": null,
        "ControlDateTime": null,
        "FinalAcres": null,
        "IsValid": 1,
        "FireOutDateTime": null,
        "ModifiedOnDateTime": 1786983460000,
        "IncidentTypeKind": "FI",
        "IrwinID": "88b7c90b-bf20-4773-9f4b-47000559082f",
        "GlobalID": "8e1d805d-64cd-4b9d-a93d-e4e1f63c853e",
        "ModifiedOnAge": 0,
        "FireDiscoveryAge": 1
      }
    },
    {
      "type": "Feature",
      "id": 92,
      "geometry": {
        "type": "Point",
        "coordinates": [
          -120.511717,
          45.2107500000001
        ]
      },
      "properties": {
        "OBJECTID": 92,
        "IncidentName": "0456",
        "IncidentTypeCategory": "WF",
        "UniqueFireIdentifier": "2026-ORPRD-000456",
        "DailyAcres": 25,
        "CalculatedAcres": null,
        "PercentContained": 100,
        "ICS209ReportDateTime": 1786648643000,
        "FireDiscoveryDateTime": 1784167476000,
        "DiscoveryAcres": 25,
        "POOCounty": "Gilliam",
        "POOState": "US-OR",
        "FireCause": "Natural",
        "FireCauseGeneral": null,
        "GACC": "NWCC",
        "TotalIncidentPersonnel": null,
        "IncidentManagementOrganization": null,
        "FireMgmtComplexity": null,
        "ResidencesDestroyed": 0,
        "OtherStructuresDestroyed": 0,
        "Injuries": 0,
        "Fatalities": 0,
        "PredominantFuelGroup": null,
        "PredominantFuelModel": null,
        "PrimaryFuelModel": null,
        "ContainmentDateTime": null,
        "ControlDateTime": null,
        "FinalAcres": null,
        "IsValid": 1,
        "FireOutDateTime": null,
        "ModifiedOnDateTime": 1786648643000,
        "IncidentTypeKind": "FI",
        "IrwinID": "c953057c-5469-4b86-ac90-d6d9dada831f",
        "GlobalID": "ebd2474e-6e28-44bc-bbed-c5ae538525fb",
        "ModifiedOnAge": 4,
        "FireDiscoveryAge": 33
      }
    },
    {
      "type": "Feature",
      "id": 430,
      "geometry": {
        "type": "Point",
        "coordinates": [
          -103.27764,
          34.1350200000001
        ]
      },
      "properties": {
        "OBJECTID": 430,
        "IncidentName": "PORTALES SPRINGS",
        "IncidentTypeCategory": "WF",
        "UniqueFireIdentifier": "2026-NMN5S-000634",
        "DailyAcres": 2,
        "CalculatedAcres": null,
        "PercentContained": null,
        "ICS209ReportDateTime": null,
        "FireDiscoveryDateTime": 1786848180000,
        "DiscoveryAcres": 2,
        "POOCounty": "Roosevelt",
        "POOState": "US-NM",
        "FireCause": "Natural",
        "FireCauseGeneral": null,
        "GACC": "SWCC",
        "TotalIncidentPersonnel": null,
        "IncidentManagementOrganization": null,
        "FireMgmtComplexity": null,
        "ResidencesDestroyed": null,
        "OtherStructuresDestroyed": null,
        "Injuries": null,
        "Fatalities": null,
        "PredominantFuelGroup": null,
        "PredominantFuelModel": null,
        "PrimaryFuelModel": null,
        "ContainmentDateTime": null,
        "ControlDateTime": null,
        "FinalAcres": null,
        "IsValid": 1,
        "FireOutDateTime": null,
        "ModifiedOnDateTime": 1786855052000,
        "IncidentTypeKind": "FI",
        "IrwinID": "5e4f6d10-719a-40c5-8dd7-92a6dfcc901b",
        "GlobalID": "a5bf4fb2-b1cf-4e8b-a8da-ac1e9c0279e9",
        "ModifiedOnAge": 1,
        "FireDiscoveryAge": 2
      }
    },
    {
      "type": "Feature",
      "id": 115,
      "geometry": {
        "type": "Point",
        "coordinates": [
          -122.571583,
          43.124967
        ]
      },
      "properties": {
        "OBJECTID": 115,
        "IncidentName": "Magnum",
        "IncidentTypeCategory": "WF",
        "UniqueFireIdentifier": "2026-ORUPF-260299",
        "DailyAcres": 2.5,
        "CalculatedAcres": null,
        "PercentContained": null,
        "ICS209ReportDateTime": null,
        "FireDiscoveryDateTime": 1784768160000,
        "DiscoveryAcres": 2.5,
        "POOCounty": "Douglas",
        "POOState": "US-OR",
        "FireCause": "Natural",
        "FireCauseGeneral": null,
        "GACC": "NWCC",
        "TotalIncidentPersonnel": null,
        "IncidentManagementOrganization": null,
        "FireMgmtComplexity": null,
        "ResidencesDestroyed": null,
        "OtherStructuresDestroyed": null,
        "Injuries": null,
        "Fatalities": null,
        "PredominantFuelGroup": null,
        "PredominantFuelModel": null,
        "PrimaryFuelModel": null,
        "ContainmentDateTime": null,
        "ControlDateTime": null,
        "FinalAcres": null,
        "IsValid": 1,
        "FireOutDateTime": null,
        "ModifiedOnDateTime": 1786914804000,
        "IncidentTypeKind": "FI",
        "IrwinID": "6701a071-0081-4754-9d54-50ba59dc3845",
        "GlobalID": "045a5c14-4e93-417f-aeb0-9ffd98d7eb23",
        "ModifiedOnAge": 1,
        "FireDiscoveryAge": 26
      }
    },
    {
      "type": "Feature",
      "id": 138,
      "geometry": {
        "type": "Point",
        "coordinates": [
          -118.1498,
          43.2746670000001
        ]
      },
      "properties": {
        "OBJECTID": 138,
        "IncidentName": "HAT",
        "IncidentTypeCategory": "WF",
        "UniqueFireIdentifier": "2026-ORVAD-260207",
        "DailyAcres": 42122,
        "CalculatedAcres": null,
        "PercentContained": 100,
        "ICS209ReportDateTime": 1786626401000,
        "FireDiscoveryDateTime": 1784930187000,
        "DiscoveryAcres": 1,
        "POOCounty": "Malheur",
        "POOState": "US-OR",
        "FireCause": "Natural",
        "FireCauseGeneral": null,
        "GACC": "NWCC",
        "TotalIncidentPersonnel": 8,
        "IncidentManagementOrganization": "Type 3 IC",
        "FireMgmtComplexity": null,
        "ResidencesDestroyed": 0,
        "OtherStructuresDestroyed": 0,
        "Injuries": null,
        "Fatalities": null,
        "PredominantFuelGroup": null,
        "PredominantFuelModel": null,
        "PrimaryFuelModel": "Short Grass (1 foot)",
        "ContainmentDateTime": null,
        "ControlDateTime": null,
        "FinalAcres": null,
        "IsValid": 1,
        "FireOutDateTime": null,
        "ModifiedOnDateTime": 1786626401000,
        "IncidentTypeKind": "FI",
        "IrwinID": "6ec9b302-bf0c-4c29-b200-9e9f562aa2fb",
        "GlobalID": "d72d989b-45ca-4c95-957e-a469f1e42d68",
        "ModifiedOnAge": 4,
        "FireDiscoveryAge": 24
      }
    },
    {
      "type": "Feature",
      "id": 209,
      "geometry": {
        "type": "Point",
        "coordinates": [
          -104.664683,
          44.562647
        ]
      },
      "properties": {
        "OBJECTID": 209,
        "IncidentName": "Newton",
        "IncidentTypeCategory": "WF",
        "UniqueFireIdentifier": "2026-WYCRX-260795",
        "DailyAcres": 267,
        "CalculatedAcres": null,
        "PercentContained": 100,
        "ICS209ReportDateTime": 1785883169000,
        "FireDiscoveryDateTime": 1785698007000,
        "DiscoveryAcres": 0.1,
        "POOCounty": "Crook",
        "POOState": "US-WY",
        "FireCause": "Human",
        "FireCauseGeneral": null,
        "GACC": "RMCC",
        "TotalIncidentPersonnel": 45,
        "IncidentManagementOrganization": "Type 4 IC",
        "FireMgmtComplexity": null,
        "ResidencesDestroyed": null,
        "OtherStructuresDestroyed": null,
        "Injuries": null,
        "Fatalities": null,
        "PredominantFuelGroup": null,
        "PredominantFuelModel": null,
        "PrimaryFuelModel": "Timber (Grass and Understory)",
        "ContainmentDateTime": 1785882600000,
        "ControlDateTime": null,
        "FinalAcres": null,
        "IsValid": 1,
        "FireOutDateTime": null,
        "ModifiedOnDateTime": 1786212116000,
        "IncidentTypeKind": "FI",
        "IrwinID": "50a81c59-3efb-45b5-bb49-2e195b09da8d",
        "GlobalID": "e54b7a2a-6760-4c3d-b622-032f0278e54b",
        "ModifiedOnAge": 9,
        "FireDiscoveryAge": 15
      }
    },
    {
      "type": "Feature",
      "id": 407,
      "geometry": {
        "type": "Point",
        "coordinates": [
          -118.2391,
          33.9281500000001
        ]
      },
      "properties": {
        "OBJECTID": 407,
        "IncidentName": "LAC-289546",
        "IncidentTypeCategory": "WF",
        "UniqueFireIdentifier": "2026-CALAC-289546",
        "DailyAcres": null,
        "CalculatedAcres": null,
        "PercentContained": null,
        "ICS209ReportDateTime": null,
        "FireDiscoveryDateTime": 1786834687000,
        "DiscoveryAcres": 0.01,
        "POOCounty": "Los Angeles",
        "POOState": "US-CA",
        "FireCause": "Undetermined",
        "FireCauseGeneral": null,
        "GACC": "OSCC",
        "TotalIncidentPersonnel": null,
        "IncidentManagementOrganization": null,
        "FireMgmtComplexity": null,
        "ResidencesDestroyed": null,
        "OtherStructuresDestroyed": null,
        "Injuries": null,
        "Fatalities": null,
        "PredominantFuelGroup": null,
        "PredominantFuelModel": null,
        "PrimaryFuelModel": null,
        "ContainmentDateTime": null,
        "ControlDateTime": null,
        "FinalAcres": null,
        "IsValid": 1,
        "FireOutDateTime": null,
        "ModifiedOnDateTime": 1786834718000,
        "IncidentTypeKind": "FI",
        "IrwinID": "ea3c5ed8-174e-4a43-8622-ae6ffa3d15f0",
        "GlobalID": "c8867a31-4d26-4c25-affd-656059876f0f",
        "ModifiedOnAge": 2,
        "FireDiscoveryAge": 2
      }
    },
    {
      "type": "Feature",
      "id": 161,
      "geometry": {
        "type": "Point",
        "coordinates": [
          -113.69075,
          46.0722000000001
        ]
      },
      "properties": {
        "OBJECTID": 161,
        "IncidentName": "Moose",
        "IncidentTypeCategory": "WF",
        "UniqueFireIdentifier": "2026-MTBDF-266293",
        "DailyAcres": 5892,
        "CalculatedAcres": 1486.34,
        "PercentContained": 0,
        "ICS209ReportDateTime": 1787005989000,
        "FireDiscoveryDateTime": 1785102272000,
        "DiscoveryAcres": 10,
        "POOCounty": "Granite",
        "POOState": "US-MT",
        "FireCause": "Undetermined",
        "FireCauseGeneral": null,
        "GACC": "NRCC",
        "TotalIncidentPersonnel": 157,
        "IncidentManagementOrganization": "Type 3 Team",
        "FireMgmtComplexity": null,
        "ResidencesDestroyed": null,
        "OtherStructuresDestroyed": 1,
        "Injuries": 2,
        "Fatalities": null,
        "PredominantFuelGroup": null,
        "PredominantFuelModel": null,
        "PrimaryFuelModel": "Timber (Grass and Understory)",
        "ContainmentDateTime": null,
        "ControlDateTime": null,
        "FinalAcres": null,
        "IsValid": 1,
        "FireOutDateTime": null,
        "ModifiedOnDateTime": 1787005989000,
        "IncidentTypeKind": "FI",
        "IrwinID": "f039127f-ae05-4c20-9824-653361758dc2",
        "GlobalID": "44937361-aeda-4f76-abd0-7f7c168cb030",
        "ModifiedOnAge": 0,
        "FireDiscoveryAge": 22
      }
    },
    {
      "type": "Feature",
      "id": 29,
      "geometry": {
        "type": "Point",
        "coordinates": [
          -106.44032,
          39.2335800000001
        ]
      },
      "properties": {
        "OBJECTID": 29,
        "IncidentName": "Willow",
        "IncidentTypeCategory": "WF",
        "UniqueFireIdentifier": "2026-COPSF-001153",
        "DailyAcres": 7534,
        "CalculatedAcres": 7195.83676946,
        "PercentContained": 67,
        "ICS209ReportDateTime": 1787006347000,
        "FireDiscoveryDateTime": 1782682020000,
        "DiscoveryAcres": 0.1,
        "POOCounty": "Lake",
        "POOState": "US-CO",
        "FireCause": "Human",
        "FireCauseGeneral": null,
        "GACC": "RMCC",
        "TotalIncidentPersonnel": 11,
        "IncidentManagementOrganization": "Type 4 IC",
        "FireMgmtComplexity": null,
        "ResidencesDestroyed": null,
        "OtherStructuresDestroyed": null,
        "Injuries": 17,
        "Fatalities": null,
        "PredominantFuelGroup": null,
        "PredominantFuelModel": null,
        "PrimaryFuelModel": "Brush (2 feet)",
        "ContainmentDateTime": null,
        "ControlDateTime": null,
        "FinalAcres": null,
        "IsValid": 1,
        "FireOutDateTime": null,
        "ModifiedOnDateTime": 1787006347000,
        "IncidentTypeKind": "FI",
        "IrwinID": "548a8d28-1a04-48ee-9011-aba023175d43",
        "GlobalID": "6d9ebda2-a51f-4061-83a0-2e86f41553eb",
        "ModifiedOnAge": 0,
        "FireDiscoveryAge": 50
      }
    },
    {
      "type": "Feature",
      "id": 278,
      "geometry": {
        "type": "Point",
        "coordinates": [
          -119.844617,
          38.407633
        ]
      },
      "properties": {
        "OBJECTID": 278,
        "IncidentName": "WOODS",
        "IncidentTypeCategory": "WF",
        "UniqueFireIdentifier": "2026-CASTF-001585",
        "DailyAcres": 65.2,
        "CalculatedAcres": null,
        "PercentContained": 45,
        "ICS209ReportDateTime": 1787010652000,
        "FireDiscoveryDateTime": 1786241160000,
        "DiscoveryAcres": 0.1,
        "POOCounty": "Alpine",
        "POOState": "US-CA",
        "FireCause": "Natural",
        "FireCauseGeneral": null,
        "GACC": "OSCC",
        "TotalIncidentPersonnel": 102,
        "IncidentManagementOrganization": "Type 4 IC",
        "FireMgmtComplexity": null,
        "ResidencesDestroyed": null,
        "OtherStructuresDestroyed": null,
        "Injuries": null,
        "Fatalities": null,
        "PredominantFuelGroup": null,
        "PredominantFuelModel": null,
        "PrimaryFuelModel": "Timber (Litter and Understory)",
        "ContainmentDateTime": null,
        "ControlDateTime": null,
        "FinalAcres": null,
        "IsValid": 1,
        "FireOutDateTime": null,
        "ModifiedOnDateTime": 1787010652000,
        "IncidentTypeKind": "FI",
        "IrwinID": "147d8c2e-89e9-46c0-b7bb-e30a419816ac",
        "GlobalID": "2a288ecc-a1a2-437f-ab6e-3eaa91e86d22",
        "ModifiedOnAge": 0,
        "FireDiscoveryAge": 9
      }
    },
    {
      "type": "Feature",
      "id": 169,
      "geometry": {
        "type": "Point",
        "coordinates": [
          -117.023333,
          34.0994440000001
        ]
      },
      "properties": {
        "OBJECTID": 169,
        "IncidentName": "GREEN",
        "IncidentTypeCategory": "WF",
        "UniqueFireIdentifier": "2026-CABDF-010401",
        "DailyAcres": 10,
        "CalculatedAcres": null,
        "PercentContained": null,
        "ICS209ReportDateTime": null,
        "FireDiscoveryDateTime": 1785199320000,
        "DiscoveryAcres": 3,
        "POOCounty": "San Bernardino",
        "POOState": "US-CA",
        "FireCause": "Undetermined",
        "FireCauseGeneral": null,
        "GACC": "OSCC",
        "TotalIncidentPersonnel": null,
        "IncidentManagementOrganization": null,
        "FireMgmtComplexity": null,
        "ResidencesDestroyed": null,
        "OtherStructuresDestroyed": null,
        "Injuries": null,
        "Fatalities": null,
        "PredominantFuelGroup": null,
        "PredominantFuelModel": null,
        "PrimaryFuelModel": null,
        "ContainmentDateTime": null,
        "ControlDateTime": null,
        "FinalAcres": null,
        "IsValid": 1,
        "FireOutDateTime": null,
        "ModifiedOnDateTime": 1786806495000,
        "IncidentTypeKind": "FI",
        "IrwinID": "406734a4-be3e-48fb-b5fd-227c8318a12b",
        "GlobalID": "5f926638-bdb2-4eea-94ed-63cea811dcc7",
        "ModifiedOnAge": 2,
        "FireDiscoveryAge": 21
      }
    },
    {
      "type": "Feature",
      "id": 418,
      "geometry": {
        "type": "Point",
        "coordinates": [
          -121.22435,
          48.3009220000001
        ]
      },
      "properties": {
        "OBJECTID": 418,
        "IncidentName": "Green Mountain",
        "IncidentTypeCategory": "WF",
        "UniqueFireIdentifier": "2026-WAMSF-000449",
        "DailyAcres": 0.5,
        "CalculatedAcres": null,
        "PercentContained": null,
        "ICS209ReportDateTime": null,
        "FireDiscoveryDateTime": 1786839862000,
        "DiscoveryAcres": 0.5,
        "POOCounty": "Skagit",
        "POOState": "US-WA",
        "FireCause": "Undetermined",
        "FireCauseGeneral": null,
        "GACC": "NWCC",
        "TotalIncidentPersonnel": null,
        "IncidentManagementOrganization": null,
        "FireMgmtComplexity": null,
        "ResidencesDestroyed": null,
        "OtherStructuresDestroyed": null,
        "Injuries": null,
        "Fatalities": null,
        "PredominantFuelGroup": null,
        "PredominantFuelModel": null,
        "PrimaryFuelModel": null,
        "ContainmentDateTime": null,
        "ControlDateTime": null,
        "FinalAcres": null,
        "IsValid": 1,
        "FireOutDateTime": null,
        "ModifiedOnDateTime": 1786983273000,
        "IncidentTypeKind": "FI",
        "IrwinID": "177955e1-e716-484a-b382-706323552610",
        "GlobalID": "a151a0a2-abda-446a-8d62-d34bba0ae098",
        "ModifiedOnAge": 0,
        "FireDiscoveryAge": 2
      }
    },
    {
      "type": "Feature",
      "id": 175,
      "geometry": {
        "type": "Point",
        "coordinates": [
          -114.86665,
          48.4913330000001
        ]
      },
      "properties": {
        "OBJECTID": 175,
        "IncidentName": "Skillet",
        "IncidentTypeCategory": "WF",
        "UniqueFireIdentifier": "2026-MTFNF-000306",
        "DailyAcres": 3364,
        "CalculatedAcres": 3564.2,
        "PercentContained": 82,
        "ICS209ReportDateTime": 1787002555000,
        "FireDiscoveryDateTime": 1785363545000,
        "DiscoveryAcres": 0.1,
        "POOCounty": "Lincoln",
        "POOState": "US-MT",
        "FireCause": "Undetermined",
        "FireCauseGeneral": null,
        "GACC": "NRCC",
        "TotalIncidentPersonnel": 356,
        "IncidentManagementOrganization": "Complex Incident Management Team",
        "FireMgmtComplexity": null,
        "ResidencesDestroyed": 0,
        "OtherStructuresDestroyed": null,
        "Injuries": 5,
        "Fatalities": null,
        "PredominantFuelGroup": null,
        "PredominantFuelModel": null,
        "PrimaryFuelModel": "Timber (Litter and Understory)",
        "ContainmentDateTime": null,
        "ControlDateTime": null,
        "FinalAcres": null,
        "IsValid": 1,
        "FireOutDateTime": null,
        "ModifiedOnDateTime": 1787002555000,
        "IncidentTypeKind": "FI",
        "IrwinID": "a6e06e12-a58b-4ff0-8920-94504d253cf7",
        "GlobalID": "d1fca8c3-34f3-453f-92f9-362506c7ba54",
        "ModifiedOnAge": 0,
        "FireDiscoveryAge": 19
      }
    },
    {
      "type": "Feature",
      "id": 324,
      "geometry": {
        "type": "Point",
        "coordinates": [
          -121.95492317,
          45.0254738900001
        ]
      },
      "properties": {
        "OBJECTID": 324,
        "IncidentName": "Austin Non-Stat",
        "IncidentTypeCategory": "WF",
        "UniqueFireIdentifier": "2026-OR581S-000041",
        "DailyAcres": 1000,
        "CalculatedAcres": null,
        "PercentContained": null,
        "ICS209ReportDateTime": null,
        "FireDiscoveryDateTime": 1786295940000,
        "DiscoveryAcres": 0.01,
        "POOCounty": "Clackamas",
        "POOState": "US-OR",
        "FireCause": "Undetermined",
        "FireCauseGeneral": "Undetermined (remarks required)",
        "GACC": "NWCC",
        "TotalIncidentPersonnel": null,
        "IncidentManagementOrganization": null,
        "FireMgmtComplexity": null,
        "ResidencesDestroyed": null,
        "OtherStructuresDestroyed": null,
        "Injuries": null,
        "Fatalities": null,
        "PredominantFuelGroup": null,
        "PredominantFuelModel": null,
        "PrimaryFuelModel": null,
        "ContainmentDateTime": null,
        "ControlDateTime": null,
        "FinalAcres": null,
        "IsValid": 1,
        "FireOutDateTime": null,
        "ModifiedOnDateTime": 1786820088000,
        "IncidentTypeKind": "FI",
        "IrwinID": "b451676e-5826-479b-8444-e4453019ae92",
        "GlobalID": "c9e095a0-f592-46fb-b69a-60b15fcba7c7",
        "ModifiedOnAge": 2,
        "FireDiscoveryAge": 8
      }
    },
    {
      "type": "Feature",
      "id": 75,
      "geometry": {
        "type": "Point",
        "coordinates": [
          -118.23915,
          46.6259000000001
        ]
      },
      "properties": {
        "OBJECTID": 75,
        "IncidentName": "LYONS FERRY",
        "IncidentTypeCategory": "WF",
        "UniqueFireIdentifier": "2026-WAWFS-260428",
        "DailyAcres": 33749,
        "CalculatedAcres": null,
        "PercentContained": 100,
        "ICS209ReportDateTime": 1784681065000,
        "FireDiscoveryDateTime": 1784220900000,
        "DiscoveryAcres": 300,
        "POOCounty": "Franklin",
        "POOState": "US-WA",
        "FireCause": "Undetermined",
        "FireCauseGeneral": null,
        "GACC": "NWCC",
        "TotalIncidentPersonnel": 72,
        "IncidentManagementOrganization": "Type 3 Team",
        "FireMgmtComplexity": null,
        "ResidencesDestroyed": null,
        "OtherStructuresDestroyed": null,
        "Injuries": 3,
        "Fatalities": null,
        "PredominantFuelGroup": null,
        "PredominantFuelModel": null,
        "PrimaryFuelModel": "Short Grass (1 foot)",
        "ContainmentDateTime": null,
        "ControlDateTime": null,
        "FinalAcres": null,
        "IsValid": 1,
        "FireOutDateTime": null,
        "ModifiedOnDateTime": 1786403178000,
        "IncidentTypeKind": "FI",
        "IrwinID": "37e401a1-1342-4679-b583-5a991690ec07",
        "GlobalID": "05d9d63a-223f-4416-9b6c-a925d489dc93",
        "ModifiedOnAge": 7,
        "FireDiscoveryAge": 32
      }
    },
    {
      "type": "Feature",
      "id": 344,
      "geometry": {
        "type": "Point",
        "coordinates": [
          -121.4,
          43.1200000000001
        ]
      },
      "properties": {
        "OBJECTID": 344,
        "IncidentName": "FA #37",
        "IncidentTypeCategory": "WF",
        "UniqueFireIdentifier": "2026-ORFWF-260297",
        "DailyAcres": 0.1,
        "CalculatedAcres": null,
        "PercentContained": null,
        "ICS209ReportDateTime": null,
        "FireDiscoveryDateTime": 1786675623000,
        "DiscoveryAcres": 0.1,
        "POOCounty": "Klamath",
        "POOState": "US-OR",
        "FireCause": "Undetermined",
        "FireCauseGeneral": null,
        "GACC": "NWCC",
        "TotalIncidentPersonnel": null,
        "IncidentManagementOrganization": null,
        "FireMgmtComplexity": null,
        "ResidencesDestroyed": null,
        "OtherStructuresDestroyed": null,
        "Injuries": null,
        "Fatalities": null,
        "PredominantFuelGroup": null,
        "PredominantFuelModel": null,
        "PrimaryFuelModel": null,
        "ContainmentDateTime": null,
        "ControlDateTime": null,
        "FinalAcres": null,
        "IsValid": 1,
        "FireOutDateTime": null,
        "ModifiedOnDateTime": 1786990996000,
        "IncidentTypeKind": "FI",
        "IrwinID": "d1458595-cd49-4820-81c3-1d94fa82c5ea",
        "GlobalID": "4dc07609-000d-46f5-82b4-a0188538fd91",
        "ModifiedOnAge": 0,
        "FireDiscoveryAge": 4
      }
    },
    {
      "type": "Feature",
      "id": 201,
      "geometry": {
        "type": "Point",
        "coordinates": [
          -117.0871,
          45.6696000000001
        ]
      },
      "properties": {
        "OBJECTID": 201,
        "IncidentName": "Eggo",
        "IncidentTypeCategory": "WF",
        "UniqueFireIdentifier": "2026-OR974S-000423",
        "DailyAcres": 4225,
        "CalculatedAcres": null,
        "PercentContained": 95,
        "ICS209ReportDateTime": 1786842777000,
        "FireDiscoveryDateTime": 1785626940000,
        "DiscoveryAcres": 100,
        "POOCounty": "Wallowa",
        "POOState": "US-OR",
        "FireCause": "Human",
        "FireCauseGeneral": null,
        "GACC": "NWCC",
        "TotalIncidentPersonnel": 2,
        "IncidentManagementOrganization": "Type 5 IC",
        "FireMgmtComplexity": null,
        "ResidencesDestroyed": null,
        "OtherStructuresDestroyed": null,
        "Injuries": null,
        "Fatalities": null,
        "PredominantFuelGroup": null,
        "PredominantFuelModel": null,
        "PrimaryFuelModel": "Tall Grass (2.5 feet)",
        "ContainmentDateTime": null,
        "ControlDateTime": null,
        "FinalAcres": null,
        "IsValid": 1,
        "FireOutDateTime": null,
        "ModifiedOnDateTime": 1786842777000,
        "IncidentTypeKind": "FI",
        "IrwinID": "0de1a2af-2f45-40cc-968b-1df23fc3a34f",
        "GlobalID": "deae385f-77dc-4017-8c16-98b9b7156315",
        "ModifiedOnAge": 2,
        "FireDiscoveryAge": 16
      }
    },
    {
      "type": "Feature",
      "id": 132,
      "geometry": {
        "type": "Point",
        "coordinates": [
          -120.691883,
          44.441967
        ]
      },
      "properties": {
        "OBJECTID": 132,
        "IncidentName": "0611 GREEN MOUNTAIN",
        "IncidentTypeCategory": "WF",
        "UniqueFireIdentifier": "2026-OROCF-000611",
        "DailyAcres": 2136,
        "CalculatedAcres": null,
        "PercentContained": 100,
        "ICS209ReportDateTime": 1787014601000,
        "FireDiscoveryDateTime": 1784907983000,
        "DiscoveryAcres": 0.1,
        "POOCounty": "Crook",
        "POOState": "US-OR",
        "FireCause": "Natural",
        "FireCauseGeneral": null,
        "GACC": "NWCC",
        "TotalIncidentPersonnel": 114,
        "IncidentManagementOrganization": "Complex Incident Management Team",
        "FireMgmtComplexity": null,
        "ResidencesDestroyed": null,
        "OtherStructuresDestroyed": null,
        "Injuries": null,
        "Fatalities": null,
        "PredominantFuelGroup": null,
        "PredominantFuelModel": null,
        "PrimaryFuelModel": "Timber (Litter and Understory)",
        "ContainmentDateTime": null,
        "ControlDateTime": null,
        "FinalAcres": null,
        "IsValid": 1,
        "FireOutDateTime": null,
        "ModifiedOnDateTime": 1787014601000,
        "IncidentTypeKind": "FI",
        "IrwinID": "bc318834-b454-4aad-90a6-62d4de886b5c",
        "GlobalID": "fda2943a-a65a-48dd-a51c-2468d1dc6984",
        "ModifiedOnAge": 0,
        "FireDiscoveryAge": 24
      }
    },
    {
      "type": "Feature",
      "id": 464,
      "geometry": {
        "type": "Point",
        "coordinates": [
          -120.2859,
          47.5245
        ]
      },
      "properties": {
        "OBJECTID": 464,
        "IncidentName": "CR - HIGHWAY",
        "IncidentTypeCategory": "WF",
        "UniqueFireIdentifier": "2026-WADGEN-260686",
        "DailyAcres": 0.01,
        "CalculatedAcres": null,
        "PercentContained": null,
        "ICS209ReportDateTime": null,
        "FireDiscoveryDateTime": 1786913143000,
        "DiscoveryAcres": 0.01,
        "POOCounty": "Douglas",
        "POOState": "US-WA",
        "FireCause": "Undetermined",
        "FireCauseGeneral": null,
        "GACC": "NWCC",
        "TotalIncidentPersonnel": null,
        "IncidentManagementOrganization": null,
        "FireMgmtComplexity": null,
        "ResidencesDestroyed": null,
        "OtherStructuresDestroyed": null,
        "Injuries": null,
        "Fatalities": null,
        "PredominantFuelGroup": null,
        "PredominantFuelModel": null,
        "PrimaryFuelModel": null,
        "ContainmentDateTime": null,
        "ControlDateTime": null,
        "FinalAcres": null,
        "IsValid": 1,
        "FireOutDateTime": null,
        "ModifiedOnDateTime": 1786913673000,
        "IncidentTypeKind": "FI",
        "IrwinID": "2e79161a-f2ea-4c07-b562-dfd46a24c677",
        "GlobalID": "16d0ad25-78da-4aee-b1f9-352d39242927",
        "ModifiedOnAge": 1,
        "FireDiscoveryAge": 1
      }
    },
    {
      "type": "Feature",
      "id": 438,
      "geometry": {
        "type": "Point",
        "coordinates": [
          -121.633,
          37.044
        ]
      },
      "properties": {
        "OBJECTID": 438,
        "IncidentName": "DAY",
        "IncidentTypeCategory": "WF",
        "UniqueFireIdentifier": "2026-CASCU-004443",
        "DailyAcres": null,
        "CalculatedAcres": null,
        "PercentContained": null,
        "ICS209ReportDateTime": null,
        "FireDiscoveryDateTime": 1786799012000,
        "DiscoveryAcres": 0.01,
        "POOCounty": "Santa Clara",
        "POOState": "US-CA",
        "FireCause": "Undetermined",
        "FireCauseGeneral": null,
        "GACC": "ONCC",
        "TotalIncidentPersonnel": null,
        "IncidentManagementOrganization": null,
        "FireMgmtComplexity": null,
        "ResidencesDestroyed": null,
        "OtherStructuresDestroyed": null,
        "Injuries": null,
        "Fatalities": null,
        "PredominantFuelGroup": null,
        "PredominantFuelModel": null,
        "PrimaryFuelModel": null,
        "ContainmentDateTime": null,
        "ControlDateTime": null,
        "FinalAcres": null,
        "IsValid": 1,
        "FireOutDateTime": null,
        "ModifiedOnDateTime": 1786883363000,
        "IncidentTypeKind": "FI",
        "IrwinID": "88b13135-6720-4f59-9575-f1c71170bf37",
        "GlobalID": "f8bd93c7-ce7b-49f8-9468-a16c0d04e67a",
        "ModifiedOnAge": 1,
        "FireDiscoveryAge": 2
      }
    },
    {
      "type": "Feature",
      "id": 15,
      "geometry": {
        "type": "Point",
        "coordinates": [
          -116.397033,
          45.3571670000001
        ]
      },
      "properties": {
        "OBJECTID": 15,
        "IncidentName": "Shingle Creek",
        "IncidentTypeCategory": "WF",
        "UniqueFireIdentifier": "2026-IDCMS-000183",
        "DailyAcres": 628,
        "CalculatedAcres": 568.35314572,
        "PercentContained": 95,
        "ICS209ReportDateTime": 1786895741000,
        "FireDiscoveryDateTime": 1782071520000,
        "DiscoveryAcres": 0.1,
        "POOCounty": "Idaho",
        "POOState": "US-ID",
        "FireCause": "Undetermined",
        "FireCauseGeneral": null,
        "GACC": "NRCC",
        "TotalIncidentPersonnel": 3,
        "IncidentManagementOrganization": "Type 4 IC",
        "FireMgmtComplexity": null,
        "ResidencesDestroyed": null,
        "OtherStructuresDestroyed": null,
        "Injuries": null,
        "Fatalities": null,
        "PredominantFuelGroup": null,
        "PredominantFuelModel": null,
        "PrimaryFuelModel": "Timber (Grass and Understory)",
        "ContainmentDateTime": null,
        "ControlDateTime": null,
        "FinalAcres": null,
        "IsValid": 1,
        "FireOutDateTime": null,
        "ModifiedOnDateTime": 1786895741000,
        "IncidentTypeKind": "FI",
        "IrwinID": "11edcec0-a4c3-417e-bc71-d4bd798503b6",
        "GlobalID": "8af628f3-9841-4aaf-944a-4786a6502dfe",
        "ModifiedOnAge": 1,
        "FireDiscoveryAge": 57
      }
    },
    {
      "type": "Feature",
      "id": 158,
      "geometry": {
        "type": "Point",
        "coordinates": [
          -120.742096,
          46.3665330000001
        ]
      },
      "properties": {
        "OBJECTID": 158,
        "IncidentName": "RANSIER",
        "IncidentTypeCategory": "WF",
        "UniqueFireIdentifier": "2026-WAYAA-000072",
        "DailyAcres": 1302,
        "CalculatedAcres": null,
        "PercentContained": 92,
        "ICS209ReportDateTime": 1786318475000,
        "FireDiscoveryDateTime": 1785098866000,
        "DiscoveryAcres": 1,
        "POOCounty": "Yakima",
        "POOState": "US-WA",
        "FireCause": "Undetermined",
        "FireCauseGeneral": null,
        "GACC": "NWCC",
        "TotalIncidentPersonnel": 17,
        "IncidentManagementOrganization": "Type 5 IC",
        "FireMgmtComplexity": null,
        "ResidencesDestroyed": null,
        "OtherStructuresDestroyed": null,
        "Injuries": null,
        "Fatalities": null,
        "PredominantFuelGroup": null,
        "PredominantFuelModel": null,
        "PrimaryFuelModel": "Short Grass (1 foot)",
        "ContainmentDateTime": null,
        "ControlDateTime": null,
        "FinalAcres": null,
        "IsValid": 1,
        "FireOutDateTime": null,
        "ModifiedOnDateTime": 1786656131000,
        "IncidentTypeKind": "FI",
        "IrwinID": "d292483b-a236-4fc2-a52d-771a0edb115b",
        "GlobalID": "38f4afb7-21a4-4904-87b2-3559611070f4",
        "ModifiedOnAge": 4,
        "FireDiscoveryAge": 22
      }
    },
    {
      "type": "Feature",
      "id": 109,
      "geometry": {
        "type": "Point",
        "coordinates": [
          -107.9994,
          45.8802000000001
        ]
      },
      "properties": {
        "OBJECTID": 109,
        "IncidentName": "FLY CREEK 2",
        "IncidentTypeCategory": "WF",
        "UniqueFireIdentifier": "2026-MTLG22-260818",
        "DailyAcres": 20,
        "CalculatedAcres": null,
        "PercentContained": null,
        "ICS209ReportDateTime": null,
        "FireDiscoveryDateTime": 1784488878000,
        "DiscoveryAcres": 20,
        "POOCounty": "Big Horn",
        "POOState": "US-MT",
        "FireCause": "Undetermined",
        "FireCauseGeneral": null,
        "GACC": "NRCC",
        "TotalIncidentPersonnel": null,
        "IncidentManagementOrganization": null,
        "FireMgmtComplexity": null,
        "ResidencesDestroyed": null,
        "OtherStructuresDestroyed": null,
        "Injuries": null,
        "Fatalities": null,
        "PredominantFuelGroup": null,
        "PredominantFuelModel": null,
        "PrimaryFuelModel": null,
        "ContainmentDateTime": null,
        "ControlDateTime": null,
        "FinalAcres": null,
        "IsValid": 1,
        "FireOutDateTime": null,
        "ModifiedOnDateTime": 1786999436000,
        "IncidentTypeKind": "FI",
        "IrwinID": "c88f2c7d-6a6c-4c7d-ba73-932badc26330",
        "GlobalID": "f840cc28-fea5-4c25-a2ba-44fe0b03d3b3",
        "ModifiedOnAge": 0,
        "FireDiscoveryAge": 29
      }
    },
    {
      "type": "Feature",
      "id": 556,
      "geometry": {
        "type": "Point",
        "coordinates": [
          -112.166833,
          41.8525000000001
        ]
      },
      "properties": {
        "OBJECTID": 556,
        "IncidentName": "Marlow Canyon",
        "IncidentTypeCategory": "WF",
        "UniqueFireIdentifier": "2026-UTBRS-200612",
        "DailyAcres": 5.5,
        "CalculatedAcres": null,
        "PercentContained": null,
        "ICS209ReportDateTime": null,
        "FireDiscoveryDateTime": 1787017557000,
        "DiscoveryAcres": 5.5,
        "POOCounty": "Box Elder",
        "POOState": "US-UT",
        "FireCause": "Human",
        "FireCauseGeneral": null,
        "GACC": "GBCC",
        "TotalIncidentPersonnel": null,
        "IncidentManagementOrganization": null,
        "FireMgmtComplexity": null,
        "ResidencesDestroyed": null,
        "OtherStructuresDestroyed": null,
        "Injuries": null,
        "Fatalities": null,
        "PredominantFuelGroup": null,
        "PredominantFuelModel": null,
        "PrimaryFuelModel": null,
        "ContainmentDateTime": null,
        "ControlDateTime": null,
        "FinalAcres": null,
        "IsValid": 1,
        "FireOutDateTime": null,
        "ModifiedOnDateTime": 1787017980000,
        "IncidentTypeKind": "FI",
        "IrwinID": "cea72434-b8b4-478b-8708-5187465d1794",
        "GlobalID": "4d26d521-ab67-400c-83f6-3f565761bd41",
        "ModifiedOnAge": 0,
        "FireDiscoveryAge": 0
      }
    },
    {
      "type": "Feature",
      "id": 458,
      "geometry": {
        "type": "Point",
        "coordinates": [
          -116.65255,
          43.0203330000001
        ]
      },
      "properties": {
        "OBJECTID": 458,
        "IncidentName": "GERDIE",
        "IncidentTypeCategory": "WF",
        "UniqueFireIdentifier": "2026-IDBOD-000950",
        "DailyAcres": 34.6,
        "CalculatedAcres": null,
        "PercentContained": null,
        "ICS209ReportDateTime": null,
        "FireDiscoveryDateTime": 1786908720000,
        "DiscoveryAcres": 0.1,
        "POOCounty": "Owyhee",
        "POOState": "US-ID",
        "FireCause": "Natural",
        "FireCauseGeneral": null,
        "GACC": "GBCC",
        "TotalIncidentPersonnel": null,
        "IncidentManagementOrganization": null,
        "FireMgmtComplexity": null,
        "ResidencesDestroyed": null,
        "OtherStructuresDestroyed": null,
        "Injuries": null,
        "Fatalities": null,
        "PredominantFuelGroup": null,
        "PredominantFuelModel": null,
        "PrimaryFuelModel": null,
        "ContainmentDateTime": null,
        "ControlDateTime": null,
        "FinalAcres": null,
        "IsValid": 1,
        "FireOutDateTime": null,
        "ModifiedOnDateTime": 1786925584000,
        "IncidentTypeKind": "FI",
        "IrwinID": "329236b3-867c-4cdc-996b-adb5946e9e1d",
        "GlobalID": "274589e9-536b-4013-9173-26a774dee72a",
        "ModifiedOnAge": 1,
        "FireDiscoveryAge": 1
      }
    },
    {
      "type": "Feature",
      "id": 530,
      "geometry": {
        "type": "Point",
        "coordinates": [
          -105.75378,
          33.4327970000001
        ]
      },
      "properties": {
        "OBJECTID": 530,
        "IncidentName": "WALT SMITH",
        "IncidentTypeCategory": "WF",
        "UniqueFireIdentifier": "2026-NMLNF-000647",
        "DailyAcres": 0.1,
        "CalculatedAcres": null,
        "PercentContained": null,
        "ICS209ReportDateTime": null,
        "FireDiscoveryDateTime": 1786998720000,
        "DiscoveryAcres": 0.1,
        "POOCounty": "Lincoln",
        "POOState": "US-NM",
        "FireCause": "Undetermined",
        "FireCauseGeneral": null,
        "GACC": "SWCC",
        "TotalIncidentPersonnel": null,
        "IncidentManagementOrganization": null,
        "FireMgmtComplexity": null,
        "ResidencesDestroyed": null,
        "OtherStructuresDestroyed": null,
        "Injuries": null,
        "Fatalities": null,
        "PredominantFuelGroup": null,
        "PredominantFuelModel": null,
        "PrimaryFuelModel": null,
        "ContainmentDateTime": null,
        "ControlDateTime": null,
        "FinalAcres": null,
        "IsValid": 1,
        "FireOutDateTime": null,
        "ModifiedOnDateTime": 1787004566000,
        "IncidentTypeKind": "FI",
        "IrwinID": "c7cab00c-c58e-4e4e-86fb-004fd685e495",
        "GlobalID": "0d8d21ed-0b17-4367-abca-7b5e3983d6d1",
        "ModifiedOnAge": 0,
        "FireDiscoveryAge": 0
      }
    },
    {
      "type": "Feature",
      "id": 481,
      "geometry": {
        "type": "Point",
        "coordinates": [
          -105.08593,
          36.2438700000001
        ]
      },
      "properties": {
        "OBJECTID": 481,
        "IncidentName": "Canal Bon",
        "IncidentTypeCategory": "WF",
        "UniqueFireIdentifier": "2026-NMN4S-000475",
        "DailyAcres": 0.2,
        "CalculatedAcres": null,
        "PercentContained": null,
        "ICS209ReportDateTime": null,
        "FireDiscoveryDateTime": 1786921200000,
        "DiscoveryAcres": 0.2,
        "POOCounty": "Mora",
        "POOState": "US-NM",
        "FireCause": "Undetermined",
        "FireCauseGeneral": null,
        "GACC": "SWCC",
        "TotalIncidentPersonnel": null,
        "IncidentManagementOrganization": null,
        "FireMgmtComplexity": null,
        "ResidencesDestroyed": null,
        "OtherStructuresDestroyed": null,
        "Injuries": null,
        "Fatalities": null,
        "PredominantFuelGroup": null,
        "PredominantFuelModel": null,
        "PrimaryFuelModel": null,
        "ContainmentDateTime": null,
        "ControlDateTime": null,
        "FinalAcres": null,
        "IsValid": 1,
        "FireOutDateTime": null,
        "ModifiedOnDateTime": 1786930081000,
        "IncidentTypeKind": "FI",
        "IrwinID": "139dc4f8-9938-4ca0-82e3-d05f0211f0db",
        "GlobalID": "24abb545-8d9f-4175-bb73-ef2f57059cdf",
        "ModifiedOnAge": 1,
        "FireDiscoveryAge": 1
      }
    },
    {
      "type": "Feature",
      "id": 89,
      "geometry": {
        "type": "Point",
        "coordinates": [
          -119.8475,
          44.7323210000001
        ]
      },
      "properties": {
        "OBJECTID": 89,
        "IncidentName": "0489 PARRISH",
        "IncidentTypeCategory": "WF",
        "UniqueFireIdentifier": "2026-OR953S-000489",
        "DailyAcres": 404,
        "CalculatedAcres": null,
        "PercentContained": 100,
        "ICS209ReportDateTime": 1787014560000,
        "FireDiscoveryDateTime": 1784231160000,
        "DiscoveryAcres": 0.1,
        "POOCounty": "Wheeler",
        "POOState": "US-OR",
        "FireCause": "Natural",
        "FireCauseGeneral": null,
        "GACC": "NWCC",
        "TotalIncidentPersonnel": 9,
        "IncidentManagementOrganization": "Type 4 IC",
        "FireMgmtComplexity": null,
        "ResidencesDestroyed": null,
        "OtherStructuresDestroyed": null,
        "Injuries": null,
        "Fatalities": null,
        "PredominantFuelGroup": null,
        "PredominantFuelModel": null,
        "PrimaryFuelModel": "Short Grass (1 foot)",
        "ContainmentDateTime": null,
        "ControlDateTime": null,
        "FinalAcres": null,
        "IsValid": 1,
        "FireOutDateTime": null,
        "ModifiedOnDateTime": 1787014560000,
        "IncidentTypeKind": "FI",
        "IrwinID": "4809f4ac-3b2c-4919-b7fe-706768e03b93",
        "GlobalID": "d1b725bf-98f6-48d1-be88-333ab053b222",
        "ModifiedOnAge": 0,
        "FireDiscoveryAge": 32
      }
    },
    {
      "type": "Feature",
      "id": 195,
      "geometry": {
        "type": "Point",
        "coordinates": [
          -121.224778,
          44.600111
        ]
      },
      "properties": {
        "OBJECTID": 195,
        "IncidentName": "0658 ROUND BUTTE",
        "IncidentTypeCategory": "WF",
        "UniqueFireIdentifier": "2026-OROCF-000658",
        "DailyAcres": 1163,
        "CalculatedAcres": null,
        "PercentContained": 98,
        "ICS209ReportDateTime": 1786648874000,
        "FireDiscoveryDateTime": 1785621360000,
        "DiscoveryAcres": 0.1,
        "POOCounty": "Jefferson",
        "POOState": "US-OR",
        "FireCause": "Human",
        "FireCauseGeneral": null,
        "GACC": "NWCC",
        "TotalIncidentPersonnel": 16,
        "IncidentManagementOrganization": "Type 4 IC",
        "FireMgmtComplexity": null,
        "ResidencesDestroyed": null,
        "OtherStructuresDestroyed": null,
        "Injuries": 0,
        "Fatalities": null,
        "PredominantFuelGroup": null,
        "PredominantFuelModel": null,
        "PrimaryFuelModel": "Timber (Grass and Understory)",
        "ContainmentDateTime": null,
        "ControlDateTime": null,
        "FinalAcres": null,
        "IsValid": 1,
        "FireOutDateTime": null,
        "ModifiedOnDateTime": 1786648874000,
        "IncidentTypeKind": "FI",
        "IrwinID": "8020ac2e-5380-4e44-9079-06d3612d01dd",
        "GlobalID": "e0813faa-d7e6-493e-b2b7-53180319df05",
        "ModifiedOnAge": 4,
        "FireDiscoveryAge": 16
      }
    },
    {
      "type": "Feature",
      "id": 244,
      "geometry": {
        "type": "Point",
        "coordinates": [
          -109.29976,
          45.6010900000001
        ]
      },
      "properties": {
        "OBJECTID": 244,
        "IncidentName": "Stone Henge",
        "IncidentTypeCategory": "WF",
        "UniqueFireIdentifier": "2026-MTLG32-261052",
        "DailyAcres": 2.5,
        "CalculatedAcres": null,
        "PercentContained": null,
        "ICS209ReportDateTime": null,
        "FireDiscoveryDateTime": 1786053018000,
        "DiscoveryAcres": 2.5,
        "POOCounty": "Stillwater",
        "POOState": "US-MT",
        "FireCause": "Undetermined",
        "FireCauseGeneral": null,
        "GACC": "NRCC",
        "TotalIncidentPersonnel": null,
        "IncidentManagementOrganization": null,
        "FireMgmtComplexity": null,
        "ResidencesDestroyed": null,
        "OtherStructuresDestroyed": null,
        "Injuries": null,
        "Fatalities": null,
        "PredominantFuelGroup": null,
        "PredominantFuelModel": null,
        "PrimaryFuelModel": null,
        "ContainmentDateTime": null,
        "ControlDateTime": null,
        "FinalAcres": null,
        "IsValid": 1,
        "FireOutDateTime": null,
        "ModifiedOnDateTime": 1786995400000,
        "IncidentTypeKind": "FI",
        "IrwinID": "234655a2-5d4b-4569-8915-4dc211588df0",
        "GlobalID": "12c1e0b7-885a-4fa8-bfbc-c4124d8fee0b",
        "ModifiedOnAge": 0,
        "FireDiscoveryAge": 11
      }
    },
    {
      "type": "Feature",
      "id": 252,
      "geometry": {
        "type": "Point",
        "coordinates": [
          -121.152033,
          43.9073670000001
        ]
      },
      "properties": {
        "OBJECTID": 252,
        "IncidentName": "HIDDEN FOREST",
        "IncidentTypeCategory": "WF",
        "UniqueFireIdentifier": "2026-ORDEF-000685",
        "DailyAcres": 297,
        "CalculatedAcres": null,
        "PercentContained": 80,
        "ICS209ReportDateTime": 1786649114000,
        "FireDiscoveryDateTime": 1786118040000,
        "DiscoveryAcres": 0.1,
        "POOCounty": "Deschutes",
        "POOState": "US-OR",
        "FireCause": "Human",
        "FireCauseGeneral": null,
        "GACC": "NWCC",
        "TotalIncidentPersonnel": 30,
        "IncidentManagementOrganization": "Type 4 IC",
        "FireMgmtComplexity": null,
        "ResidencesDestroyed": 0,
        "OtherStructuresDestroyed": 0,
        "Injuries": null,
        "Fatalities": null,
        "PredominantFuelGroup": null,
        "PredominantFuelModel": null,
        "PrimaryFuelModel": "Timber (Grass and Understory)",
        "ContainmentDateTime": 1786414020000,
        "ControlDateTime": null,
        "FinalAcres": null,
        "IsValid": 1,
        "FireOutDateTime": null,
        "ModifiedOnDateTime": 1786649114000,
        "IncidentTypeKind": "FI",
        "IrwinID": "2a4b47b4-f27b-48cf-b7ef-f15e5747a4c6",
        "GlobalID": "30c07387-be0e-47ef-8ad8-3f63c03d9bbc",
        "ModifiedOnAge": 4,
        "FireDiscoveryAge": 10
      }
    },
    {
      "type": "Feature",
      "id": 152,
      "geometry": {
        "type": "Point",
        "coordinates": [
          -115.260002,
          40.8964540000001
        ]
      },
      "properties": {
        "OBJECTID": 152,
        "IncidentName": "Secret Pass",
        "IncidentTypeCategory": "WF",
        "UniqueFireIdentifier": "2026-NVECFX-010343",
        "DailyAcres": 3300,
        "CalculatedAcres": 3121.52,
        "PercentContained": 100,
        "ICS209ReportDateTime": 1785971454000,
        "FireDiscoveryDateTime": 1785026700000,
        "DiscoveryAcres": 50,
        "POOCounty": "Elko",
        "POOState": "US-NV",
        "FireCause": "Natural",
        "FireCauseGeneral": null,
        "GACC": "GBCC",
        "TotalIncidentPersonnel": 3,
        "IncidentManagementOrganization": "Type 5 IC",
        "FireMgmtComplexity": null,
        "ResidencesDestroyed": 0,
        "OtherStructuresDestroyed": 0,
        "Injuries": null,
        "Fatalities": null,
        "PredominantFuelGroup": null,
        "PredominantFuelModel": null,
        "PrimaryFuelModel": "Timber (Litter and Understory)",
        "ContainmentDateTime": 1785970800000,
        "ControlDateTime": null,
        "FinalAcres": null,
        "IsValid": 1,
        "FireOutDateTime": null,
        "ModifiedOnDateTime": 1785971786000,
        "IncidentTypeKind": "FI",
        "IrwinID": "e9b0f34f-3fc7-4c60-8214-f11327522e71",
        "GlobalID": "0fbe5f0d-3a9f-4817-8b25-5eef8a51b0f0",
        "ModifiedOnAge": 12,
        "FireDiscoveryAge": 23
      }
    },
    {
      "type": "Feature",
      "id": 146,
      "geometry": {
        "type": "Point",
        "coordinates": [
          -115.39805,
          46.4873000000001
        ]
      },
      "properties": {
        "OBJECTID": 146,
        "IncidentName": "Little Weitas",
        "IncidentTypeCategory": "WF",
        "UniqueFireIdentifier": "2026-IDNCF-000333",
        "DailyAcres": 400,
        "CalculatedAcres": null,
        "PercentContained": 0,
        "ICS209ReportDateTime": 1786841723000,
        "FireDiscoveryDateTime": 1785007970000,
        "DiscoveryAcres": 0.5,
        "POOCounty": "Idaho",
        "POOState": "US-ID",
        "FireCause": "Natural",
        "FireCauseGeneral": null,
        "GACC": "NRCC",
        "TotalIncidentPersonnel": null,
        "IncidentManagementOrganization": "Type 4 IC",
        "FireMgmtComplexity": null,
        "ResidencesDestroyed": null,
        "OtherStructuresDestroyed": null,
        "Injuries": null,
        "Fatalities": null,
        "PredominantFuelGroup": null,
        "PredominantFuelModel": null,
        "PrimaryFuelModel": "Timber (Litter and Understory)",
        "ContainmentDateTime": null,
        "ControlDateTime": null,
        "FinalAcres": null,
        "IsValid": 1,
        "FireOutDateTime": null,
        "ModifiedOnDateTime": 1786841722000,
        "IncidentTypeKind": "FI",
        "IrwinID": "2847b83b-9843-4b6f-9594-3dc04456e177",
        "GlobalID": "ac80be38-4814-42bd-9b4d-c8b97ec0d9ee",
        "ModifiedOnAge": 2,
        "FireDiscoveryAge": 23
      }
    },
    {
      "type": "Feature",
      "id": 52,
      "geometry": {
        "type": "Point",
        "coordinates": [
          -108.66774,
          45.89878
        ]
      },
      "properties": {
        "OBJECTID": 52,
        "IncidentName": "Clab",
        "IncidentTypeCategory": "WF",
        "UniqueFireIdentifier": "2026-MTLG03-260693",
        "DailyAcres": 0.72,
        "CalculatedAcres": null,
        "PercentContained": null,
        "ICS209ReportDateTime": null,
        "FireDiscoveryDateTime": 1783701371000,
        "DiscoveryAcres": 0.72,
        "POOCounty": "Yellowstone",
        "POOState": "US-MT",
        "FireCause": "Undetermined",
        "FireCauseGeneral": null,
        "GACC": "NRCC",
        "TotalIncidentPersonnel": null,
        "IncidentManagementOrganization": null,
        "FireMgmtComplexity": null,
        "ResidencesDestroyed": null,
        "OtherStructuresDestroyed": null,
        "Injuries": null,
        "Fatalities": null,
        "PredominantFuelGroup": null,
        "PredominantFuelModel": null,
        "PrimaryFuelModel": null,
        "ContainmentDateTime": null,
        "ControlDateTime": null,
        "FinalAcres": null,
        "IsValid": 1,
        "FireOutDateTime": null,
        "ModifiedOnDateTime": 1787001359000,
        "IncidentTypeKind": "FI",
        "IrwinID": "27413b39-c85d-4b83-981a-1589a7073566",
        "GlobalID": "a94d876e-7744-4d5f-b8dc-9e09b75b9a48",
        "ModifiedOnAge": 0,
        "FireDiscoveryAge": 38
      }
    },
    {
      "type": "Feature",
      "id": 544,
      "geometry": {
        "type": "Point",
        "coordinates": [
          -107.4745,
          45.7188330000001
        ]
      },
      "properties": {
        "OBJECTID": 544,
        "IncidentName": "Sarpy",
        "IncidentTypeCategory": "WF",
        "UniqueFireIdentifier": "2026-MTCRA-261132",
        "DailyAcres": 900,
        "CalculatedAcres": null,
        "PercentContained": 0,
        "ICS209ReportDateTime": 1787018964000,
        "FireDiscoveryDateTime": 1787008620000,
        "DiscoveryAcres": 100,
        "POOCounty": "Big Horn",
        "POOState": "US-MT",
        "FireCause": "Undetermined",
        "FireCauseGeneral": null,
        "GACC": "NRCC",
        "TotalIncidentPersonnel": null,
        "IncidentManagementOrganization": "Type 4 IC",
        "FireMgmtComplexity": null,
        "ResidencesDestroyed": null,
        "OtherStructuresDestroyed": null,
        "Injuries": null,
        "Fatalities": null,
        "PredominantFuelGroup": null,
        "PredominantFuelModel": null,
        "PrimaryFuelModel": "Short Grass (1 foot)",
        "ContainmentDateTime": null,
        "ControlDateTime": null,
        "FinalAcres": null,
        "IsValid": 1,
        "FireOutDateTime": null,
        "ModifiedOnDateTime": 1787018964000,
        "IncidentTypeKind": "FI",
        "IrwinID": "56758ab5-a8f4-486a-b26b-487557aa52e7",
        "GlobalID": "83c89a15-1db0-48e4-b1c1-da0a93dbc9a3",
        "ModifiedOnAge": 0,
        "FireDiscoveryAge": 0
      }
    },
    {
      "type": "Feature",
      "id": 427,
      "geometry": {
        "type": "Point",
        "coordinates": [
          -118.41681,
          34.3253100000001
        ]
      },
      "properties": {
        "OBJECTID": 427,
        "IncidentName": "VICTOR",
        "IncidentTypeCategory": "WF",
        "UniqueFireIdentifier": "2026-CALAC-289825",
        "DailyAcres": null,
        "CalculatedAcres": null,
        "PercentContained": null,
        "ICS209ReportDateTime": null,
        "FireDiscoveryDateTime": 1786849095000,
        "DiscoveryAcres": 0.01,
        "POOCounty": "Los Angeles",
        "POOState": "US-CA",
        "FireCause": "Undetermined",
        "FireCauseGeneral": null,
        "GACC": "OSCC",
        "TotalIncidentPersonnel": null,
        "IncidentManagementOrganization": null,
        "FireMgmtComplexity": null,
        "ResidencesDestroyed": null,
        "OtherStructuresDestroyed": null,
        "Injuries": null,
        "Fatalities": null,
        "PredominantFuelGroup": null,
        "PredominantFuelModel": null,
        "PrimaryFuelModel": null,
        "ContainmentDateTime": null,
        "ControlDateTime": null,
        "FinalAcres": null,
        "IsValid": 1,
        "FireOutDateTime": null,
        "ModifiedOnDateTime": 1786849302000,
        "IncidentTypeKind": "FI",
        "IrwinID": "efcc899a-f7a0-4301-81f8-c336e66ee3f2",
        "GlobalID": "117c9072-e455-4a18-86a4-15048a337fbf",
        "ModifiedOnAge": 1,
        "FireDiscoveryAge": 1
      }
    },
    {
      "type": "Feature",
      "id": 95,
      "geometry": {
        "type": "Point",
        "coordinates": [
          -120.33328,
          44.72533
        ]
      },
      "properties": {
        "OBJECTID": 95,
        "IncidentName": "0501 PAT'S CABIN",
        "IncidentTypeCategory": "WF",
        "UniqueFireIdentifier": "2026-ORPRD-000501",
        "DailyAcres": 772,
        "CalculatedAcres": null,
        "PercentContained": 100,
        "ICS209ReportDateTime": 1787014621000,
        "FireDiscoveryDateTime": 1784244435000,
        "DiscoveryAcres": 1,
        "POOCounty": "Wheeler",
        "POOState": "US-OR",
        "FireCause": "Natural",
        "FireCauseGeneral": null,
        "GACC": "NWCC",
        "TotalIncidentPersonnel": null,
        "IncidentManagementOrganization": "Type 5 IC",
        "FireMgmtComplexity": null,
        "ResidencesDestroyed": null,
        "OtherStructuresDestroyed": null,
        "Injuries": null,
        "Fatalities": null,
        "PredominantFuelGroup": null,
        "PredominantFuelModel": null,
        "PrimaryFuelModel": "Timber (Grass and Understory)",
        "ContainmentDateTime": null,
        "ControlDateTime": null,
        "FinalAcres": null,
        "IsValid": 1,
        "FireOutDateTime": null,
        "ModifiedOnDateTime": 1787014621000,
        "IncidentTypeKind": "FI",
        "IrwinID": "6c455132-8cc9-4c80-8f08-4f734a489d03",
        "GlobalID": "aa965177-7a3a-45f3-887d-b40857a74740",
        "ModifiedOnAge": 0,
        "FireDiscoveryAge": 32
      }
    },
    {
      "type": "Feature",
      "id": 404,
      "geometry": {
        "type": "Point",
        "coordinates": [
          -119.443783,
          38.448333
        ]
      },
      "properties": {
        "OBJECTID": 404,
        "IncidentName": "Cottonwood Creek",
        "IncidentTypeCategory": "WF",
        "UniqueFireIdentifier": "2026-NVHTF-030723",
        "DailyAcres": 7.12,
        "CalculatedAcres": null,
        "PercentContained": null,
        "ICS209ReportDateTime": null,
        "FireDiscoveryDateTime": 1786832328000,
        "DiscoveryAcres": 0.1,
        "POOCounty": "Mono",
        "POOState": "US-CA",
        "FireCause": "Natural",
        "FireCauseGeneral": null,
        "GACC": "GBCC",
        "TotalIncidentPersonnel": null,
        "IncidentManagementOrganization": null,
        "FireMgmtComplexity": null,
        "ResidencesDestroyed": null,
        "OtherStructuresDestroyed": null,
        "Injuries": null,
        "Fatalities": null,
        "PredominantFuelGroup": null,
        "PredominantFuelModel": null,
        "PrimaryFuelModel": null,
        "ContainmentDateTime": null,
        "ControlDateTime": null,
        "FinalAcres": null,
        "IsValid": 1,
        "FireOutDateTime": null,
        "ModifiedOnDateTime": 1786907792000,
        "IncidentTypeKind": "FI",
        "IrwinID": "28cc9c1b-c528-4dc9-a383-59c19cbf4a91",
        "GlobalID": "30d02db8-eed7-40be-9406-1f86b12af72a",
        "ModifiedOnAge": 1,
        "FireDiscoveryAge": 2
      }
    },
    {
      "type": "Feature",
      "id": 72,
      "geometry": {
        "type": "Point",
        "coordinates": [
          -120.24295,
          45.3363330000001
        ]
      },
      "properties": {
        "OBJECTID": 72,
        "IncidentName": "0460 HOPKIN",
        "IncidentTypeCategory": "WF",
        "UniqueFireIdentifier": "2026-ORPRD-000460",
        "DailyAcres": 11366,
        "CalculatedAcres": null,
        "PercentContained": 100,
        "ICS209ReportDateTime": 1786648637000,
        "FireDiscoveryDateTime": 1784168820000,
        "DiscoveryAcres": 0.1,
        "POOCounty": "Gilliam",
        "POOState": "US-OR",
        "FireCause": "Natural",
        "FireCauseGeneral": null,
        "GACC": "NWCC",
        "TotalIncidentPersonnel": 24,
        "IncidentManagementOrganization": "Type 3 IC",
        "FireMgmtComplexity": null,
        "ResidencesDestroyed": null,
        "OtherStructuresDestroyed": null,
        "Injuries": null,
        "Fatalities": null,
        "PredominantFuelGroup": null,
        "PredominantFuelModel": null,
        "PrimaryFuelModel": "Short Grass (1 foot)",
        "ContainmentDateTime": null,
        "ControlDateTime": null,
        "FinalAcres": null,
        "IsValid": 1,
        "FireOutDateTime": null,
        "ModifiedOnDateTime": 1786648637000,
        "IncidentTypeKind": "FI",
        "IrwinID": "14e08b9c-1f24-40b2-ac5e-ba04112f33d0",
        "GlobalID": "2064b252-5e4a-4a30-b99f-9d125cf61a08",
        "ModifiedOnAge": 4,
        "FireDiscoveryAge": 33
      }
    },
    {
      "type": "Feature",
      "id": 118,
      "geometry": {
        "type": "Point",
        "coordinates": [
          -117.30335,
          42.6498
        ]
      },
      "properties": {
        "OBJECTID": 118,
        "IncidentName": "BIG GRASS",
        "IncidentTypeCategory": "WF",
        "UniqueFireIdentifier": "2026-ORVAD-260201",
        "DailyAcres": 579134,
        "CalculatedAcres": 21321.74,
        "PercentContained": 82,
        "ICS209ReportDateTime": 1787014962000,
        "FireDiscoveryDateTime": 1784838600000,
        "DiscoveryAcres": 1,
        "POOCounty": "Malheur",
        "POOState": "US-OR",
        "FireCause": "Natural",
        "FireCauseGeneral": null,
        "GACC": "NWCC",
        "TotalIncidentPersonnel": 975,
        "IncidentManagementOrganization": "Complex Incident Management Team",
        "FireMgmtComplexity": null,
        "ResidencesDestroyed": 0,
        "OtherStructuresDestroyed": 0,
        "Injuries": 9,
        "Fatalities": null,
        "PredominantFuelGroup": null,
        "PredominantFuelModel": null,
        "PrimaryFuelModel": "Short Grass (1 foot)",
        "ContainmentDateTime": null,
        "ControlDateTime": null,
        "FinalAcres": null,
        "IsValid": 1,
        "FireOutDateTime": null,
        "ModifiedOnDateTime": 1787019375000,
        "IncidentTypeKind": "FI",
        "IrwinID": "6b0c72b3-0e12-4695-9022-e1113c0aa8d1",
        "GlobalID": "71048d14-5c2b-48ec-b7d3-2df9bd02fc86",
        "ModifiedOnAge": 0,
        "FireDiscoveryAge": 25
      }
    },
    {
      "type": "Feature",
      "id": 258,
      "geometry": {
        "type": "Point",
        "coordinates": [
          -123.685,
          41.1330556
        ]
      },
      "properties": {
        "OBJECTID": 258,
        "IncidentName": "MP18",
        "IncidentTypeCategory": "WF",
        "UniqueFireIdentifier": "2026-CAHVT-000753",
        "DailyAcres": 6914,
        "CalculatedAcres": 1567.54492349,
        "PercentContained": 19,
        "ICS209ReportDateTime": 1787015234000,
        "FireDiscoveryDateTime": 1786146300000,
        "DiscoveryAcres": null,
        "POOCounty": "Humboldt",
        "POOState": "US-CA",
        "FireCause": "Human",
        "FireCauseGeneral": null,
        "GACC": "ONCC",
        "TotalIncidentPersonnel": 1910,
        "IncidentManagementOrganization": "Complex Incident Management Team",
        "FireMgmtComplexity": null,
        "ResidencesDestroyed": 0,
        "OtherStructuresDestroyed": 0,
        "Injuries": 9,
        "Fatalities": null,
        "PredominantFuelGroup": null,
        "PredominantFuelModel": null,
        "PrimaryFuelModel": "Timber (Grass and Understory)",
        "ContainmentDateTime": null,
        "ControlDateTime": null,
        "FinalAcres": null,
        "IsValid": 1,
        "FireOutDateTime": null,
        "ModifiedOnDateTime": 1787015233000,
        "IncidentTypeKind": "FI",
        "IrwinID": "3bf54e17-87d6-40e1-b913-81b97515e1d5",
        "GlobalID": "01570047-4f52-4846-ad16-c594bcdc987c",
        "ModifiedOnAge": 0,
        "FireDiscoveryAge": 10
      }
    },
    {
      "type": "Feature",
      "id": 264,
      "geometry": {
        "type": "Point",
        "coordinates": [
          -118.4075,
          46.5942000000001
        ]
      },
      "properties": {
        "OBJECTID": 264,
        "IncidentName": "NUNAMAKER ROAD",
        "IncidentTypeCategory": "WF",
        "UniqueFireIdentifier": "2026-WASPD-260605",
        "DailyAcres": 20870,
        "CalculatedAcres": null,
        "PercentContained": 80,
        "ICS209ReportDateTime": 1786326853000,
        "FireDiscoveryDateTime": 1786199520000,
        "DiscoveryAcres": 1,
        "POOCounty": "Franklin",
        "POOState": "US-WA",
        "FireCause": "Human",
        "FireCauseGeneral": null,
        "GACC": "NWCC",
        "TotalIncidentPersonnel": 1,
        "IncidentManagementOrganization": "Type 3 IC",
        "FireMgmtComplexity": null,
        "ResidencesDestroyed": null,
        "OtherStructuresDestroyed": null,
        "Injuries": null,
        "Fatalities": null,
        "PredominantFuelGroup": null,
        "PredominantFuelModel": null,
        "PrimaryFuelModel": "Brush (2 feet)",
        "ContainmentDateTime": null,
        "ControlDateTime": null,
        "FinalAcres": null,
        "IsValid": 1,
        "FireOutDateTime": null,
        "ModifiedOnDateTime": 1787009782000,
        "IncidentTypeKind": "FI",
        "IrwinID": "cd376195-62c5-4722-80b7-dcaa9d628ecc",
        "GlobalID": "9d5df2cb-b6a3-4536-b3f4-a13fb88542f7",
        "ModifiedOnAge": 0,
        "FireDiscoveryAge": 9
      }
    },
    {
      "type": "Feature",
      "id": 281,
      "geometry": {
        "type": "Point",
        "coordinates": [
          -119.525167,
          39.8228330000001
        ]
      },
      "properties": {
        "OBJECTID": 281,
        "IncidentName": "Stallion",
        "IncidentTypeCategory": "WF",
        "UniqueFireIdentifier": "2026-NVTMFX-030698",
        "DailyAcres": 40691,
        "CalculatedAcres": null,
        "PercentContained": 85,
        "ICS209ReportDateTime": 1787011527000,
        "FireDiscoveryDateTime": 1786377743000,
        "DiscoveryAcres": 5,
        "POOCounty": "Washoe",
        "POOState": "US-NV",
        "FireCause": "Human",
        "FireCauseGeneral": null,
        "GACC": "GBCC",
        "TotalIncidentPersonnel": 27,
        "IncidentManagementOrganization": "Complex Incident Management Team",
        "FireMgmtComplexity": null,
        "ResidencesDestroyed": null,
        "OtherStructuresDestroyed": null,
        "Injuries": null,
        "Fatalities": null,
        "PredominantFuelGroup": null,
        "PredominantFuelModel": null,
        "PrimaryFuelModel": "Short Grass (1 foot)",
        "ContainmentDateTime": null,
        "ControlDateTime": null,
        "FinalAcres": null,
        "IsValid": 1,
        "FireOutDateTime": null,
        "ModifiedOnDateTime": 1787011527000,
        "IncidentTypeKind": "FI",
        "IrwinID": "75b0c6d7-10d4-476a-b691-3d78231b4997",
        "GlobalID": "330646f5-3f59-4bc9-87d1-7da60ca2e8de",
        "ModifiedOnAge": 0,
        "FireDiscoveryAge": 7
      }
    },
    {
      "type": "Feature",
      "id": 381,
      "geometry": {
        "type": "Point",
        "coordinates": [
          -104.67544,
          36.16308
        ]
      },
      "properties": {
        "OBJECTID": 381,
        "IncidentName": "Dash",
        "IncidentTypeCategory": "WF",
        "UniqueFireIdentifier": "2026-NMSNF-000472",
        "DailyAcres": 55,
        "CalculatedAcres": null,
        "PercentContained": null,
        "ICS209ReportDateTime": null,
        "FireDiscoveryDateTime": 1786735800000,
        "DiscoveryAcres": 55,
        "POOCounty": "Mora",
        "POOState": "US-NM",
        "FireCause": "Undetermined",
        "FireCauseGeneral": null,
        "GACC": "SWCC",
        "TotalIncidentPersonnel": null,
        "IncidentManagementOrganization": null,
        "FireMgmtComplexity": null,
        "ResidencesDestroyed": null,
        "OtherStructuresDestroyed": null,
        "Injuries": null,
        "Fatalities": null,
        "PredominantFuelGroup": null,
        "PredominantFuelModel": null,
        "PrimaryFuelModel": null,
        "ContainmentDateTime": null,
        "ControlDateTime": null,
        "FinalAcres": null,
        "IsValid": 1,
        "FireOutDateTime": null,
        "ModifiedOnDateTime": 1786803069000,
        "IncidentTypeKind": "FI",
        "IrwinID": "4bbb6d3b-9acc-4f49-9a2b-278d4cb12d57",
        "GlobalID": "b522f01a-2d16-4041-9b8c-2bb183239162",
        "ModifiedOnAge": 2,
        "FireDiscoveryAge": 3
      }
    },
    {
      "type": "Feature",
      "id": 358,
      "geometry": {
        "type": "Point",
        "coordinates": [
          -116.889317,
          33.627419
        ]
      },
      "properties": {
        "OBJECTID": 358,
        "IncidentName": "TAFFLE",
        "IncidentTypeCategory": "WF",
        "UniqueFireIdentifier": "2026-CARRU-131347",
        "DailyAcres": 77,
        "CalculatedAcres": null,
        "PercentContained": null,
        "ICS209ReportDateTime": null,
        "FireDiscoveryDateTime": 1786736804000,
        "DiscoveryAcres": 0.01,
        "POOCounty": "Riverside",
        "POOState": "US-CA",
        "FireCause": "Undetermined",
        "FireCauseGeneral": null,
        "GACC": "OSCC",
        "TotalIncidentPersonnel": null,
        "IncidentManagementOrganization": null,
        "FireMgmtComplexity": null,
        "ResidencesDestroyed": null,
        "OtherStructuresDestroyed": null,
        "Injuries": null,
        "Fatalities": null,
        "PredominantFuelGroup": null,
        "PredominantFuelModel": null,
        "PrimaryFuelModel": null,
        "ContainmentDateTime": null,
        "ControlDateTime": null,
        "FinalAcres": null,
        "IsValid": 1,
        "FireOutDateTime": null,
        "ModifiedOnDateTime": 1786815050000,
        "IncidentTypeKind": "FI",
        "IrwinID": "65cf035a-9537-4b28-b364-ab50f7fa5d7c",
        "GlobalID": "b2c1932f-bfae-43da-aef1-0124040f7841",
        "ModifiedOnAge": 2,
        "FireDiscoveryAge": 3
      }
    },
    {
      "type": "Feature",
      "id": 421,
      "geometry": {
        "type": "Point",
        "coordinates": [
          -118.32154,
          34.7616200000001
        ]
      },
      "properties": {
        "OBJECTID": 421,
        "IncidentName": "LAC-289729",
        "IncidentTypeCategory": "WF",
        "UniqueFireIdentifier": "2026-CALAC-289729",
        "DailyAcres": null,
        "CalculatedAcres": null,
        "PercentContained": null,
        "ICS209ReportDateTime": null,
        "FireDiscoveryDateTime": 1786843942000,
        "DiscoveryAcres": 0.01,
        "POOCounty": "Los Angeles",
        "POOState": "US-CA",
        "FireCause": "Undetermined",
        "FireCauseGeneral": null,
        "GACC": "OSCC",
        "TotalIncidentPersonnel": null,
        "IncidentManagementOrganization": null,
        "FireMgmtComplexity": null,
        "ResidencesDestroyed": null,
        "OtherStructuresDestroyed": null,
        "Injuries": null,
        "Fatalities": null,
        "PredominantFuelGroup": null,
        "PredominantFuelModel": null,
        "PrimaryFuelModel": null,
        "ContainmentDateTime": null,
        "ControlDateTime": null,
        "FinalAcres": null,
        "IsValid": 1,
        "FireOutDateTime": null,
        "ModifiedOnDateTime": 1786843979000,
        "IncidentTypeKind": "FI",
        "IrwinID": "93d5342f-ee93-4bf3-a982-2aeeb64417ef",
        "GlobalID": "7f918031-27fa-449c-af49-2e585e4e5cd7",
        "ModifiedOnAge": 2,
        "FireDiscoveryAge": 2
      }
    },
    {
      "type": "Feature",
      "id": 410,
      "geometry": {
        "type": "Point",
        "coordinates": [
          -118.14817,
          34.70759
        ]
      },
      "properties": {
        "OBJECTID": 410,
        "IncidentName": "LAC-289580",
        "IncidentTypeCategory": "WF",
        "UniqueFireIdentifier": "2026-CALAC-289580",
        "DailyAcres": null,
        "CalculatedAcres": null,
        "PercentContained": null,
        "ICS209ReportDateTime": null,
        "FireDiscoveryDateTime": 1786836195000,
        "DiscoveryAcres": 0.01,
        "POOCounty": "Los Angeles",
        "POOState": "US-CA",
        "FireCause": "Undetermined",
        "FireCauseGeneral": null,
        "GACC": "OSCC",
        "TotalIncidentPersonnel": null,
        "IncidentManagementOrganization": null,
        "FireMgmtComplexity": null,
        "ResidencesDestroyed": null,
        "OtherStructuresDestroyed": null,
        "Injuries": null,
        "Fatalities": null,
        "PredominantFuelGroup": null,
        "PredominantFuelModel": null,
        "PrimaryFuelModel": null,
        "ContainmentDateTime": null,
        "ControlDateTime": null,
        "FinalAcres": null,
        "IsValid": 1,
        "FireOutDateTime": null,
        "ModifiedOnDateTime": 1786836239000,
        "IncidentTypeKind": "FI",
        "IrwinID": "3a714d8b-51d1-4e64-bb71-50c6e7c111d6",
        "GlobalID": "36d473a4-0580-4b3f-98dd-e4677d136eae",
        "ModifiedOnAge": 2,
        "FireDiscoveryAge": 2
      }
    },
    {
      "type": "Feature",
      "id": 66,
      "geometry": {
        "type": "Point",
        "coordinates": [
          -120.179833,
          44.7585
        ]
      },
      "properties": {
        "OBJECTID": 66,
        "IncidentName": "0444 TWICKENHAM",
        "IncidentTypeCategory": "WF",
        "UniqueFireIdentifier": "2026-ORPRD-000444",
        "DailyAcres": 254,
        "CalculatedAcres": null,
        "PercentContained": 100,
        "ICS209ReportDateTime": 1787014576000,
        "FireDiscoveryDateTime": 1784163072000,
        "DiscoveryAcres": 0.1,
        "POOCounty": "Wheeler",
        "POOState": "US-OR",
        "FireCause": "Natural",
        "FireCauseGeneral": null,
        "GACC": "NWCC",
        "TotalIncidentPersonnel": 10,
        "IncidentManagementOrganization": "Type 3 IC",
        "FireMgmtComplexity": null,
        "ResidencesDestroyed": null,
        "OtherStructuresDestroyed": null,
        "Injuries": null,
        "Fatalities": null,
        "PredominantFuelGroup": null,
        "PredominantFuelModel": null,
        "PrimaryFuelModel": "Timber (Litter and Understory)",
        "ContainmentDateTime": null,
        "ControlDateTime": null,
        "FinalAcres": null,
        "IsValid": 1,
        "FireOutDateTime": null,
        "ModifiedOnDateTime": 1787014575000,
        "IncidentTypeKind": "FI",
        "IrwinID": "28a994d6-89e3-4460-9a36-d7df4d839df2",
        "GlobalID": "1afd105b-c888-456b-a10c-7704827a129e",
        "ModifiedOnAge": 0,
        "FireDiscoveryAge": 33
      }
    },
    {
      "type": "Feature",
      "id": 78,
      "geometry": {
        "type": "Point",
        "coordinates": [
          -119.598,
          44.8611670000001
        ]
      },
      "properties": {
        "OBJECTID": 78,
        "IncidentName": "Bologna",
        "IncidentTypeCategory": "WF",
        "UniqueFireIdentifier": "2026-ORUMF-000298",
        "DailyAcres": 4509,
        "CalculatedAcres": 4436.30489257,
        "PercentContained": 83,
        "ICS209ReportDateTime": 1787020971000,
        "FireDiscoveryDateTime": 1784229000000,
        "DiscoveryAcres": 0.5,
        "POOCounty": "Grant",
        "POOState": "US-OR",
        "FireCause": "Natural",
        "FireCauseGeneral": null,
        "GACC": "NWCC",
        "TotalIncidentPersonnel": 334,
        "IncidentManagementOrganization": "Complex Incident Management Team",
        "FireMgmtComplexity": null,
        "ResidencesDestroyed": 1,
        "OtherStructuresDestroyed": null,
        "Injuries": 2,
        "Fatalities": null,
        "PredominantFuelGroup": null,
        "PredominantFuelModel": null,
        "PrimaryFuelModel": "Timber (Grass and Understory)",
        "ContainmentDateTime": null,
        "ControlDateTime": null,
        "FinalAcres": null,
        "IsValid": 1,
        "FireOutDateTime": null,
        "ModifiedOnDateTime": 1787020970000,
        "IncidentTypeKind": "FI",
        "IrwinID": "bbb22c77-2f2d-419e-a930-9b75a0a55f83",
        "GlobalID": "0e7ad5e7-2ee4-4b77-a416-af07053b3203",
        "ModifiedOnAge": 0,
        "FireDiscoveryAge": 32
      }
    },
    {
      "type": "Feature",
      "id": 527,
      "geometry": {
        "type": "Point",
        "coordinates": [
          -114.56575,
          45.8073670000001
        ]
      },
      "properties": {
        "OBJECTID": 527,
        "IncidentName": "Indian Hill",
        "IncidentTypeCategory": "WF",
        "UniqueFireIdentifier": "2026-MTBRF-000323",
        "DailyAcres": 0.1,
        "CalculatedAcres": null,
        "PercentContained": null,
        "ICS209ReportDateTime": null,
        "FireDiscoveryDateTime": 1786989433000,
        "DiscoveryAcres": 0.1,
        "POOCounty": "Idaho",
        "POOState": "US-ID",
        "FireCause": "Natural",
        "FireCauseGeneral": null,
        "GACC": "NRCC",
        "TotalIncidentPersonnel": null,
        "IncidentManagementOrganization": null,
        "FireMgmtComplexity": null,
        "ResidencesDestroyed": null,
        "OtherStructuresDestroyed": null,
        "Injuries": null,
        "Fatalities": null,
        "PredominantFuelGroup": null,
        "PredominantFuelModel": null,
        "PrimaryFuelModel": null,
        "ContainmentDateTime": null,
        "ControlDateTime": null,
        "FinalAcres": null,
        "IsValid": 1,
        "FireOutDateTime": null,
        "ModifiedOnDateTime": 1787003953000,
        "IncidentTypeKind": "FI",
        "IrwinID": "32fdf456-2087-4634-924b-64bfe5e8e029",
        "GlobalID": "af4bbbf9-85af-4905-bf88-b23d6d2578c9",
        "ModifiedOnAge": 0,
        "FireDiscoveryAge": 0
      }
    },
    {
      "type": "Feature",
      "id": 375,
      "geometry": {
        "type": "Point",
        "coordinates": [
          -117.66134793,
          33.75998214
        ]
      },
      "properties": {
        "OBJECTID": 375,
        "IncidentName": "BAKER",
        "IncidentTypeCategory": "WF",
        "UniqueFireIdentifier": "2026-CAORC-114972",
        "DailyAcres": null,
        "CalculatedAcres": null,
        "PercentContained": null,
        "ICS209ReportDateTime": null,
        "FireDiscoveryDateTime": 1786781109000,
        "DiscoveryAcres": 0.1,
        "POOCounty": "Orange",
        "POOState": "US-CA",
        "FireCause": "Undetermined",
        "FireCauseGeneral": null,
        "GACC": "OSCC",
        "TotalIncidentPersonnel": null,
        "IncidentManagementOrganization": null,
        "FireMgmtComplexity": null,
        "ResidencesDestroyed": null,
        "OtherStructuresDestroyed": null,
        "Injuries": null,
        "Fatalities": null,
        "PredominantFuelGroup": null,
        "PredominantFuelModel": null,
        "PrimaryFuelModel": null,
        "ContainmentDateTime": null,
        "ControlDateTime": null,
        "FinalAcres": null,
        "IsValid": 1,
        "FireOutDateTime": null,
        "ModifiedOnDateTime": 1786816056000,
        "IncidentTypeKind": "FI",
        "IrwinID": "e970461a-6054-4ef1-bab3-9d11fd39815c",
        "GlobalID": "bc90b34e-1357-4d1d-b002-5cf454a9b33a",
        "ModifiedOnAge": 2,
        "FireDiscoveryAge": 2
      }
    },
    {
      "type": "Feature",
      "id": 218,
      "geometry": {
        "type": "Point",
        "coordinates": [
          -105.0781,
          36.9837200000001
        ]
      },
      "properties": {
        "OBJECTID": 218,
        "IncidentName": "Gonzales",
        "IncidentTypeCategory": "WF",
        "UniqueFireIdentifier": "2026-NMN2S-000627",
        "DailyAcres": 3,
        "CalculatedAcres": null,
        "PercentContained": null,
        "ICS209ReportDateTime": null,
        "FireDiscoveryDateTime": 1785715200000,
        "DiscoveryAcres": 3,
        "POOCounty": "Colfax",
        "POOState": "US-NM",
        "FireCause": "Natural",
        "FireCauseGeneral": null,
        "GACC": "SWCC",
        "TotalIncidentPersonnel": null,
        "IncidentManagementOrganization": null,
        "FireMgmtComplexity": null,
        "ResidencesDestroyed": null,
        "OtherStructuresDestroyed": null,
        "Injuries": null,
        "Fatalities": null,
        "PredominantFuelGroup": null,
        "PredominantFuelModel": null,
        "PrimaryFuelModel": null,
        "ContainmentDateTime": null,
        "ControlDateTime": null,
        "FinalAcres": null,
        "IsValid": 1,
        "FireOutDateTime": null,
        "ModifiedOnDateTime": 1786999776000,
        "IncidentTypeKind": "FI",
        "IrwinID": "c5174b48-d04f-422b-8c2c-a8e50ab8dbda",
        "GlobalID": "6ab6158d-91d3-4e95-839d-0ef437fa41a4",
        "ModifiedOnAge": 0,
        "FireDiscoveryAge": 15
      }
    },
    {
      "type": "Feature",
      "id": 229,
      "geometry": {
        "type": "Point",
        "coordinates": [
          -121.728667,
          42.4695
        ]
      },
      "properties": {
        "OBJECTID": 229,
        "IncidentName": "Wrights Spring",
        "IncidentTypeCategory": "WF",
        "UniqueFireIdentifier": "2026-ORFWF-260286",
        "DailyAcres": 53941,
        "CalculatedAcres": null,
        "PercentContained": 53,
        "ICS209ReportDateTime": 1787014743000,
        "FireDiscoveryDateTime": 1785966960000,
        "DiscoveryAcres": 0.1,
        "POOCounty": "Klamath",
        "POOState": "US-OR",
        "FireCause": "Undetermined",
        "FireCauseGeneral": null,
        "GACC": "NWCC",
        "TotalIncidentPersonnel": 973,
        "IncidentManagementOrganization": "Complex Incident Management Team",
        "FireMgmtComplexity": null,
        "ResidencesDestroyed": 1,
        "OtherStructuresDestroyed": 6,
        "Injuries": 2,
        "Fatalities": 1,
        "PredominantFuelGroup": null,
        "PredominantFuelModel": null,
        "PrimaryFuelModel": "Timber (Grass and Understory)",
        "ContainmentDateTime": null,
        "ControlDateTime": null,
        "FinalAcres": null,
        "IsValid": 1,
        "FireOutDateTime": null,
        "ModifiedOnDateTime": 1787014743000,
        "IncidentTypeKind": "FI",
        "IrwinID": "808808d2-f485-44fb-8819-f3c8c32138b8",
        "GlobalID": "9e1e2237-a56f-44c1-a095-24241393f41e",
        "ModifiedOnAge": 0,
        "FireDiscoveryAge": 12
      }
    },
    {
      "type": "Feature",
      "id": 364,
      "geometry": {
        "type": "Point",
        "coordinates": [
          -102.77434416,
          31.6866453000001
        ]
      },
      "properties": {
        "OBJECTID": 364,
        "IncidentName": "Glenwood",
        "IncidentTypeCategory": "WF",
        "UniqueFireIdentifier": "2026-TXTXS-266996",
        "DailyAcres": 150,
        "CalculatedAcres": null,
        "PercentContained": 100,
        "ICS209ReportDateTime": null,
        "FireDiscoveryDateTime": 1786743961000,
        "DiscoveryAcres": 150,
        "POOCounty": "Ector",
        "POOState": "US-TX",
        "FireCause": "Undetermined",
        "FireCauseGeneral": null,
        "GACC": "SACC",
        "TotalIncidentPersonnel": null,
        "IncidentManagementOrganization": null,
        "FireMgmtComplexity": "Type 5 Incident",
        "ResidencesDestroyed": 0,
        "OtherStructuresDestroyed": 0,
        "Injuries": 0,
        "Fatalities": 0,
        "PredominantFuelGroup": null,
        "PredominantFuelModel": null,
        "PrimaryFuelModel": null,
        "ContainmentDateTime": 1786765024000,
        "ControlDateTime": null,
        "FinalAcres": null,
        "IsValid": 1,
        "FireOutDateTime": null,
        "ModifiedOnDateTime": 1786765047000,
        "IncidentTypeKind": "FI",
        "IrwinID": "f2a836c8-05dc-4071-9a05-0839992a11bd",
        "GlobalID": "01c68b0f-6c58-450f-a9e5-b4b70e80b52b",
        "ModifiedOnAge": 2,
        "FireDiscoveryAge": 3
      }
    },
    {
      "type": "Feature",
      "id": 32,
      "geometry": {
        "type": "Point",
        "coordinates": [
          -121.209693,
          48.8211370000001
        ]
      },
      "properties": {
        "OBJECTID": 32,
        "IncidentName": "Luna",
        "IncidentTypeCategory": "WF",
        "UniqueFireIdentifier": "2026-WANCP-000179",
        "DailyAcres": 4475,
        "CalculatedAcres": 4263.73,
        "PercentContained": 0,
        "ICS209ReportDateTime": 1787014943000,
        "FireDiscoveryDateTime": 1783019160000,
        "DiscoveryAcres": 0.1,
        "POOCounty": "Whatcom",
        "POOState": "US-WA",
        "FireCause": "Undetermined",
        "FireCauseGeneral": null,
        "GACC": "NWCC",
        "TotalIncidentPersonnel": 87,
        "IncidentManagementOrganization": "Type 3 Team",
        "FireMgmtComplexity": null,
        "ResidencesDestroyed": null,
        "OtherStructuresDestroyed": null,
        "Injuries": null,
        "Fatalities": null,
        "PredominantFuelGroup": null,
        "PredominantFuelModel": null,
        "PrimaryFuelModel": "Timber (Litter and Understory)",
        "ContainmentDateTime": null,
        "ControlDateTime": null,
        "FinalAcres": null,
        "IsValid": 1,
        "FireOutDateTime": null,
        "ModifiedOnDateTime": 1787014943000,
        "IncidentTypeKind": "FI",
        "IrwinID": "7d70e58c-3570-466c-86f7-8e5f828d0f7f",
        "GlobalID": "a7b3fc82-7ebf-4220-b52e-f3ee870859bb",
        "ModifiedOnAge": 0,
        "FireDiscoveryAge": 46
      }
    },
    {
      "type": "Feature",
      "id": 513,
      "geometry": {
        "type": "Point",
        "coordinates": [
          -104.389333,
          45.954167
        ]
      },
      "properties": {
        "OBJECTID": 513,
        "IncidentName": "Dutchman",
        "IncidentTypeCategory": "WF",
        "UniqueFireIdentifier": "2026-MTLG42-000708",
        "DailyAcres": 8,
        "CalculatedAcres": null,
        "PercentContained": null,
        "ICS209ReportDateTime": null,
        "FireDiscoveryDateTime": 1786994975000,
        "DiscoveryAcres": 8,
        "POOCounty": "Carter",
        "POOState": "US-MT",
        "FireCause": "Natural",
        "FireCauseGeneral": null,
        "GACC": "NRCC",
        "TotalIncidentPersonnel": null,
        "IncidentManagementOrganization": null,
        "FireMgmtComplexity": null,
        "ResidencesDestroyed": null,
        "OtherStructuresDestroyed": null,
        "Injuries": null,
        "Fatalities": null,
        "PredominantFuelGroup": null,
        "PredominantFuelModel": null,
        "PrimaryFuelModel": null,
        "ContainmentDateTime": null,
        "ControlDateTime": null,
        "FinalAcres": null,
        "IsValid": 1,
        "FireOutDateTime": null,
        "ModifiedOnDateTime": 1787004501000,
        "IncidentTypeKind": "FI",
        "IrwinID": "b6b1ffcd-c63b-4393-ac97-2732a4dbc21e",
        "GlobalID": "536295ba-fa6b-4e3a-9b1b-c241d2641f1f",
        "ModifiedOnAge": 0,
        "FireDiscoveryAge": 0
      }
    },
    {
      "type": "Feature",
      "id": 275,
      "geometry": {
        "type": "Point",
        "coordinates": [
          -121.944872,
          45.0252160000001
        ]
      },
      "properties": {
        "OBJECTID": 275,
        "IncidentName": "AUSTIN",
        "IncidentTypeCategory": "WF",
        "UniqueFireIdentifier": "2026-ORMHF-000863",
        "DailyAcres": 2653,
        "CalculatedAcres": null,
        "PercentContained": 0,
        "ICS209ReportDateTime": 1786937330000,
        "FireDiscoveryDateTime": 1786295579000,
        "DiscoveryAcres": 0.1,
        "POOCounty": "Clackamas",
        "POOState": "US-OR",
        "FireCause": "Human",
        "FireCauseGeneral": null,
        "GACC": "NWCC",
        "TotalIncidentPersonnel": 137,
        "IncidentManagementOrganization": "Complex Incident Management Team",
        "FireMgmtComplexity": null,
        "ResidencesDestroyed": null,
        "OtherStructuresDestroyed": null,
        "Injuries": null,
        "Fatalities": null,
        "PredominantFuelGroup": null,
        "PredominantFuelModel": null,
        "PrimaryFuelModel": "Timber (Grass and Understory)",
        "ContainmentDateTime": null,
        "ControlDateTime": null,
        "FinalAcres": null,
        "IsValid": 1,
        "FireOutDateTime": null,
        "ModifiedOnDateTime": 1786937330000,
        "IncidentTypeKind": "FI",
        "IrwinID": "49d1fb0b-74d1-4a95-b8df-066dcc5f06e1",
        "GlobalID": "8c136fec-be6d-4f32-9474-b4d1cba1fe83",
        "ModifiedOnAge": 0,
        "FireDiscoveryAge": 8
      }
    },
    {
      "type": "Feature",
      "id": 126,
      "geometry": {
        "type": "Point",
        "coordinates": [
          -122.116167,
          45.8805
        ]
      },
      "properties": {
        "OBJECTID": 126,
        "IncidentName": "HIGH LAVA",
        "IncidentTypeCategory": "WF",
        "UniqueFireIdentifier": "2026-WAGPF-000684",
        "DailyAcres": 1359,
        "CalculatedAcres": null,
        "PercentContained": 8,
        "ICS209ReportDateTime": 1787010389000,
        "FireDiscoveryDateTime": 1784850240000,
        "DiscoveryAcres": 0.1,
        "POOCounty": "Skamania",
        "POOState": "US-WA",
        "FireCause": "Natural",
        "FireCauseGeneral": null,
        "GACC": "NWCC",
        "TotalIncidentPersonnel": 304,
        "IncidentManagementOrganization": "Type 3 Team",
        "FireMgmtComplexity": null,
        "ResidencesDestroyed": null,
        "OtherStructuresDestroyed": null,
        "Injuries": 2,
        "Fatalities": null,
        "PredominantFuelGroup": null,
        "PredominantFuelModel": null,
        "PrimaryFuelModel": "Timber (Litter and Understory)",
        "ContainmentDateTime": null,
        "ControlDateTime": null,
        "FinalAcres": null,
        "IsValid": 1,
        "FireOutDateTime": null,
        "ModifiedOnDateTime": 1787010389000,
        "IncidentTypeKind": "FI",
        "IrwinID": "0b15d818-66c9-4225-b4be-86a858cad8e8",
        "GlobalID": "520e119b-78db-47f6-881f-648bf4fe7185",
        "ModifiedOnAge": 0,
        "FireDiscoveryAge": 25
      }
    },
    {
      "type": "Feature",
      "id": 272,
      "geometry": {
        "type": "Point",
        "coordinates": [
          -121.717508,
          36.215894
        ]
      },
      "properties": {
        "OBJECTID": 272,
        "IncidentName": "Timber",
        "IncidentTypeCategory": "WF",
        "UniqueFireIdentifier": "2026-CALPF-002271",
        "DailyAcres": 5189,
        "CalculatedAcres": null,
        "PercentContained": 21,
        "ICS209ReportDateTime": 1787013211000,
        "FireDiscoveryDateTime": 1786246500000,
        "DiscoveryAcres": 0.01,
        "POOCounty": "Monterey",
        "POOState": "US-CA",
        "FireCause": "Undetermined",
        "FireCauseGeneral": null,
        "GACC": "OSCC",
        "TotalIncidentPersonnel": 1995,
        "IncidentManagementOrganization": "Type 1 Team",
        "FireMgmtComplexity": null,
        "ResidencesDestroyed": null,
        "OtherStructuresDestroyed": null,
        "Injuries": null,
        "Fatalities": null,
        "PredominantFuelGroup": null,
        "PredominantFuelModel": null,
        "PrimaryFuelModel": "Short Grass (1 foot)",
        "ContainmentDateTime": null,
        "ControlDateTime": null,
        "FinalAcres": null,
        "IsValid": 1,
        "FireOutDateTime": null,
        "ModifiedOnDateTime": 1787013211000,
        "IncidentTypeKind": "FI",
        "IrwinID": "51374d2c-d96b-40f7-940b-6cb8e0a483a2",
        "GlobalID": "02104f62-3d5e-4d7a-bf5d-c790d684ff6d",
        "ModifiedOnAge": 0,
        "FireDiscoveryAge": 8
      }
    },
    {
      "type": "Feature",
      "id": 26,
      "geometry": {
        "type": "Point",
        "coordinates": [
          -108.67098,
          37.6292290000001
        ]
      },
      "properties": {
        "OBJECTID": 26,
        "IncidentName": "Ferris",
        "IncidentTypeCategory": "WF",
        "UniqueFireIdentifier": "2026-COSJF-000536",
        "DailyAcres": 64881,
        "CalculatedAcres": null,
        "PercentContained": 100,
        "ICS209ReportDateTime": 1786047641000,
        "FireDiscoveryDateTime": 1782594240000,
        "DiscoveryAcres": 0.1,
        "POOCounty": "Montezuma",
        "POOState": "US-CO",
        "FireCause": "Natural",
        "FireCauseGeneral": null,
        "GACC": "RMCC",
        "TotalIncidentPersonnel": 20,
        "IncidentManagementOrganization": "Type 4 IC",
        "FireMgmtComplexity": null,
        "ResidencesDestroyed": null,
        "OtherStructuresDestroyed": null,
        "Injuries": 8,
        "Fatalities": null,
        "PredominantFuelGroup": null,
        "PredominantFuelModel": null,
        "PrimaryFuelModel": "Timber (Grass and Understory)",
        "ContainmentDateTime": null,
        "ControlDateTime": null,
        "FinalAcres": null,
        "IsValid": 1,
        "FireOutDateTime": null,
        "ModifiedOnDateTime": 1786807135000,
        "IncidentTypeKind": "FI",
        "IrwinID": "0fd7f0e1-d93c-47c9-9f6a-0ba8bfbc3d94",
        "GlobalID": "533f611d-6ee0-4950-99c8-e98c0c70a5e7",
        "ModifiedOnAge": 2,
        "FireDiscoveryAge": 51
      }
    },
    {
      "type": "Feature",
      "id": 321,
      "geometry": {
        "type": "Point",
        "coordinates": [
          -121.262111,
          46.255252
        ]
      },
      "properties": {
        "OBJECTID": 321,
        "IncidentName": "Buck Camp",
        "IncidentTypeCategory": "WF",
        "UniqueFireIdentifier": "2026-WAYAA-000083",
        "DailyAcres": 50,
        "CalculatedAcres": null,
        "PercentContained": 94,
        "ICS209ReportDateTime": 1787002654000,
        "FireDiscoveryDateTime": 1786543500000,
        "DiscoveryAcres": 0.5,
        "POOCounty": "Yakima",
        "POOState": "US-WA",
        "FireCause": "Undetermined",
        "FireCauseGeneral": null,
        "GACC": "NWCC",
        "TotalIncidentPersonnel": 47,
        "IncidentManagementOrganization": "Type 4 IC",
        "FireMgmtComplexity": null,
        "ResidencesDestroyed": null,
        "OtherStructuresDestroyed": null,
        "Injuries": null,
        "Fatalities": null,
        "PredominantFuelGroup": null,
        "PredominantFuelModel": null,
        "PrimaryFuelModel": "Tall Grass (2.5 feet)",
        "ContainmentDateTime": null,
        "ControlDateTime": null,
        "FinalAcres": null,
        "IsValid": 1,
        "FireOutDateTime": null,
        "ModifiedOnDateTime": 1787002655000,
        "IncidentTypeKind": "FI",
        "IrwinID": "96e213f2-ce39-41e9-97be-29ed81e75e38",
        "GlobalID": "363a0e49-15cb-4e93-bac8-f5e0d6cea193",
        "ModifiedOnAge": 0,
        "FireDiscoveryAge": 5
      }
    },
    {
      "type": "Feature",
      "id": 533,
      "geometry": {
        "type": "Point",
        "coordinates": [
          -116.317383,
          48.4806170000001
        ]
      },
      "properties": {
        "OBJECTID": 533,
        "IncidentName": "Wylie Knob",
        "IncidentTypeCategory": "WF",
        "UniqueFireIdentifier": "2026-IDIPF-000658",
        "DailyAcres": 0.25,
        "CalculatedAcres": null,
        "PercentContained": null,
        "ICS209ReportDateTime": null,
        "FireDiscoveryDateTime": 1786974900000,
        "DiscoveryAcres": 0.25,
        "POOCounty": "Bonner",
        "POOState": "US-ID",
        "FireCause": "Natural",
        "FireCauseGeneral": null,
        "GACC": "NRCC",
        "TotalIncidentPersonnel": null,
        "IncidentManagementOrganization": null,
        "FireMgmtComplexity": null,
        "ResidencesDestroyed": null,
        "OtherStructuresDestroyed": null,
        "Injuries": null,
        "Fatalities": null,
        "PredominantFuelGroup": null,
        "PredominantFuelModel": null,
        "PrimaryFuelModel": null,
        "ContainmentDateTime": null,
        "ControlDateTime": null,
        "FinalAcres": null,
        "IsValid": 1,
        "FireOutDateTime": null,
        "ModifiedOnDateTime": 1787008447000,
        "IncidentTypeKind": "FI",
        "IrwinID": "ccd5a6c7-de8d-4b61-87b7-9f7ee2f94135",
        "GlobalID": "78aa2f57-9f4d-49e9-b74c-95f95d9d8fe6",
        "ModifiedOnAge": 0,
        "FireDiscoveryAge": 0
      }
    },
    {
      "type": "Feature",
      "id": 129,
      "geometry": {
        "type": "Point",
        "coordinates": [
          -120.145117,
          44.701267
        ]
      },
      "properties": {
        "OBJECTID": 129,
        "IncidentName": "0594",
        "IncidentTypeCategory": "WF",
        "UniqueFireIdentifier": "2026-ORPRD-000594",
        "DailyAcres": 298,
        "CalculatedAcres": null,
        "PercentContained": 100,
        "ICS209ReportDateTime": 1785894155000,
        "FireDiscoveryDateTime": 1784842832000,
        "DiscoveryAcres": 100,
        "POOCounty": "Wheeler",
        "POOState": "US-OR",
        "FireCause": "Undetermined",
        "FireCauseGeneral": null,
        "GACC": "NWCC",
        "TotalIncidentPersonnel": null,
        "IncidentManagementOrganization": "Type 1 Team",
        "FireMgmtComplexity": null,
        "ResidencesDestroyed": null,
        "OtherStructuresDestroyed": null,
        "Injuries": null,
        "Fatalities": null,
        "PredominantFuelGroup": null,
        "PredominantFuelModel": null,
        "PrimaryFuelModel": "Tall Grass (2.5 feet)",
        "ContainmentDateTime": null,
        "ControlDateTime": null,
        "FinalAcres": null,
        "IsValid": 1,
        "FireOutDateTime": null,
        "ModifiedOnDateTime": 1785894155000,
        "IncidentTypeKind": "FI",
        "IrwinID": "169e5076-6fcb-42d3-8612-ee474eadf943",
        "GlobalID": "fa5410e8-29ce-4fe5-8459-41c47fa7dfe9",
        "ModifiedOnAge": 13,
        "FireDiscoveryAge": 25
      }
    },
    {
      "type": "Feature",
      "id": 390,
      "geometry": {
        "type": "Point",
        "coordinates": [
          -115.423967,
          43.865867
        ]
      },
      "properties": {
        "OBJECTID": 390,
        "IncidentName": "TRAPPER",
        "IncidentTypeCategory": "WF",
        "UniqueFireIdentifier": "2026-IDBOF-000937",
        "DailyAcres": 0.1,
        "CalculatedAcres": null,
        "PercentContained": null,
        "ICS209ReportDateTime": null,
        "FireDiscoveryDateTime": 1786822627000,
        "DiscoveryAcres": 0.1,
        "POOCounty": "Elmore",
        "POOState": "US-ID",
        "FireCause": "Natural",
        "FireCauseGeneral": null,
        "GACC": "GBCC",
        "TotalIncidentPersonnel": null,
        "IncidentManagementOrganization": null,
        "FireMgmtComplexity": null,
        "ResidencesDestroyed": null,
        "OtherStructuresDestroyed": null,
        "Injuries": null,
        "Fatalities": null,
        "PredominantFuelGroup": null,
        "PredominantFuelModel": null,
        "PrimaryFuelModel": null,
        "ContainmentDateTime": null,
        "ControlDateTime": null,
        "FinalAcres": null,
        "IsValid": 1,
        "FireOutDateTime": null,
        "ModifiedOnDateTime": 1786829020000,
        "IncidentTypeKind": "FI",
        "IrwinID": "517168fc-54ed-4a03-a5cc-4673477628ee",
        "GlobalID": "1b7bdb4d-c76d-44c5-8271-33c18f494e62",
        "ModifiedOnAge": 2,
        "FireDiscoveryAge": 2
      }
    },
    {
      "type": "Feature",
      "id": 461,
      "geometry": {
        "type": "Point",
        "coordinates": [
          -113.584872,
          46.4533950000001
        ]
      },
      "properties": {
        "OBJECTID": 461,
        "IncidentName": "Sandstone Ridge",
        "IncidentTypeCategory": "WF",
        "UniqueFireIdentifier": "2026-MTLNF-260368",
        "DailyAcres": 0.1,
        "CalculatedAcres": null,
        "PercentContained": null,
        "ICS209ReportDateTime": null,
        "FireDiscoveryDateTime": 1786901713000,
        "DiscoveryAcres": 0.1,
        "POOCounty": "Granite",
        "POOState": "US-MT",
        "FireCause": "Natural",
        "FireCauseGeneral": null,
        "GACC": "NRCC",
        "TotalIncidentPersonnel": null,
        "IncidentManagementOrganization": null,
        "FireMgmtComplexity": null,
        "ResidencesDestroyed": null,
        "OtherStructuresDestroyed": null,
        "Injuries": null,
        "Fatalities": null,
        "PredominantFuelGroup": null,
        "PredominantFuelModel": null,
        "PrimaryFuelModel": null,
        "ContainmentDateTime": null,
        "ControlDateTime": null,
        "FinalAcres": null,
        "IsValid": 1,
        "FireOutDateTime": null,
        "ModifiedOnDateTime": 1786938129000,
        "IncidentTypeKind": "FI",
        "IrwinID": "a3bfe6fc-23c8-4ddb-ba26-ec6dfc6edfca",
        "GlobalID": "1fe2a4ec-8e7b-4bbb-b6da-380a8b224e00",
        "ModifiedOnAge": 0,
        "FireDiscoveryAge": 1
      }
    },
    {
      "type": "Feature",
      "id": 106,
      "geometry": {
        "type": "Point",
        "coordinates": [
          -120.43117,
          44.7315300000001
        ]
      },
      "properties": {
        "OBJECTID": 106,
        "IncidentName": "0482 CHERRY CREEK",
        "IncidentTypeCategory": "WF",
        "UniqueFireIdentifier": "2026-ORPRD-000482",
        "DailyAcres": 16,
        "CalculatedAcres": null,
        "PercentContained": 100,
        "ICS209ReportDateTime": 1787014586000,
        "FireDiscoveryDateTime": 1784227209000,
        "DiscoveryAcres": 1,
        "POOCounty": "Jefferson",
        "POOState": "US-OR",
        "FireCause": "Natural",
        "FireCauseGeneral": null,
        "GACC": "NWCC",
        "TotalIncidentPersonnel": null,
        "IncidentManagementOrganization": null,
        "FireMgmtComplexity": null,
        "ResidencesDestroyed": 0,
        "OtherStructuresDestroyed": 0,
        "Injuries": 0,
        "Fatalities": 0,
        "PredominantFuelGroup": null,
        "PredominantFuelModel": null,
        "PrimaryFuelModel": null,
        "ContainmentDateTime": null,
        "ControlDateTime": null,
        "FinalAcres": null,
        "IsValid": 1,
        "FireOutDateTime": null,
        "ModifiedOnDateTime": 1787014586000,
        "IncidentTypeKind": "FI",
        "IrwinID": "3acbd250-d9c7-43ef-b29d-0477ac2d47fa",
        "GlobalID": "2bfaf443-7ae9-4e2c-850e-ef20a1f62c98",
        "ModifiedOnAge": 0,
        "FireDiscoveryAge": 32
      }
    },
    {
      "type": "Feature",
      "id": 155,
      "geometry": {
        "type": "Point",
        "coordinates": [
          -106.320165,
          44.792721
        ]
      },
      "properties": {
        "OBJECTID": 155,
        "IncidentName": "SR - Buffalo",
        "IncidentTypeCategory": "WF",
        "UniqueFireIdentifier": "2026-WYSHX-000328",
        "DailyAcres": 1200,
        "CalculatedAcres": null,
        "PercentContained": 100,
        "ICS209ReportDateTime": 1785163729000,
        "FireDiscoveryDateTime": 1785049920000,
        "DiscoveryAcres": 0.1,
        "POOCounty": "Sheridan",
        "POOState": "US-WY",
        "FireCause": "Undetermined",
        "FireCauseGeneral": null,
        "GACC": "RMCC",
        "TotalIncidentPersonnel": null,
        "IncidentManagementOrganization": "Type 4 IC",
        "FireMgmtComplexity": null,
        "ResidencesDestroyed": null,
        "OtherStructuresDestroyed": null,
        "Injuries": null,
        "Fatalities": null,
        "PredominantFuelGroup": null,
        "PredominantFuelModel": null,
        "PrimaryFuelModel": "Tall Grass (2.5 feet)",
        "ContainmentDateTime": null,
        "ControlDateTime": null,
        "FinalAcres": null,
        "IsValid": 1,
        "FireOutDateTime": null,
        "ModifiedOnDateTime": 1786216149000,
        "IncidentTypeKind": "FI",
        "IrwinID": "85732e71-7502-4680-8fd5-93af9bb764c8",
        "GlobalID": "1233d162-a429-4864-b605-da15c4d2b2cc",
        "ModifiedOnAge": 9,
        "FireDiscoveryAge": 22
      }
    },
    {
      "type": "Feature",
      "id": 86,
      "geometry": {
        "type": "Point",
        "coordinates": [
          -119.947717,
          44.121117
        ]
      },
      "properties": {
        "OBJECTID": 86,
        "IncidentName": "0497 HENRY",
        "IncidentTypeCategory": "WF",
        "UniqueFireIdentifier": "2026-ORPRD-000497",
        "DailyAcres": 29850,
        "CalculatedAcres": 22806.49,
        "PercentContained": 97,
        "ICS209ReportDateTime": 1787013563000,
        "FireDiscoveryDateTime": 1784236500000,
        "DiscoveryAcres": 300,
        "POOCounty": "Crook",
        "POOState": "US-OR",
        "FireCause": "Natural",
        "FireCauseGeneral": null,
        "GACC": "NWCC",
        "TotalIncidentPersonnel": 8,
        "IncidentManagementOrganization": "Type 3 Team",
        "FireMgmtComplexity": null,
        "ResidencesDestroyed": null,
        "OtherStructuresDestroyed": null,
        "Injuries": 3,
        "Fatalities": null,
        "PredominantFuelGroup": null,
        "PredominantFuelModel": null,
        "PrimaryFuelModel": "Short Grass (1 foot)",
        "ContainmentDateTime": null,
        "ControlDateTime": null,
        "FinalAcres": null,
        "IsValid": 1,
        "FireOutDateTime": null,
        "ModifiedOnDateTime": 1787013562000,
        "IncidentTypeKind": "FI",
        "IrwinID": "f756826a-6a0b-4256-a3ec-311b5a56b2a3",
        "GlobalID": "de5da134-fda3-4055-bcfe-989fc3bb2e67",
        "ModifiedOnAge": 0,
        "FireDiscoveryAge": 32
      }
    },
    {
      "type": "Feature",
      "id": 484,
      "geometry": {
        "type": "Point",
        "coordinates": [
          -122.236917,
          46.141667
        ]
      },
      "properties": {
        "OBJECTID": 484,
        "IncidentName": "CINNAMON",
        "IncidentTypeCategory": "WF",
        "UniqueFireIdentifier": "2026-WAGPF-000911",
        "DailyAcres": 0.25,
        "CalculatedAcres": null,
        "PercentContained": null,
        "ICS209ReportDateTime": null,
        "FireDiscoveryDateTime": 1786913192000,
        "DiscoveryAcres": 0.1,
        "POOCounty": "Skamania",
        "POOState": "US-WA",
        "FireCause": "Natural",
        "FireCauseGeneral": null,
        "GACC": "NWCC",
        "TotalIncidentPersonnel": null,
        "IncidentManagementOrganization": null,
        "FireMgmtComplexity": null,
        "ResidencesDestroyed": null,
        "OtherStructuresDestroyed": null,
        "Injuries": null,
        "Fatalities": null,
        "PredominantFuelGroup": null,
        "PredominantFuelModel": null,
        "PrimaryFuelModel": null,
        "ContainmentDateTime": null,
        "ControlDateTime": null,
        "FinalAcres": null,
        "IsValid": 1,
        "FireOutDateTime": null,
        "ModifiedOnDateTime": 1786936764000,
        "IncidentTypeKind": "FI",
        "IrwinID": "9bb79adf-dbfe-466f-b7fc-796f5c570940",
        "GlobalID": "4e37b9c1-a844-488a-9fe9-8e6212ad3b62",
        "ModifiedOnAge": 0,
        "FireDiscoveryAge": 1
      }
    },
    {
      "type": "Feature",
      "id": 553,
      "geometry": {
        "type": "Point",
        "coordinates": [
          -107.033583,
          40.1683170000001
        ]
      },
      "properties": {
        "OBJECTID": 553,
        "IncidentName": "Middle Hunt",
        "IncidentTypeCategory": "WF",
        "UniqueFireIdentifier": "2026-COLSD-001178",
        "DailyAcres": 0.1,
        "CalculatedAcres": null,
        "PercentContained": null,
        "ICS209ReportDateTime": null,
        "FireDiscoveryDateTime": 1787009640000,
        "DiscoveryAcres": 0.1,
        "POOCounty": "Routt",
        "POOState": "US-CO",
        "FireCause": "Undetermined",
        "FireCauseGeneral": null,
        "GACC": "RMCC",
        "TotalIncidentPersonnel": null,
        "IncidentManagementOrganization": null,
        "FireMgmtComplexity": null,
        "ResidencesDestroyed": null,
        "OtherStructuresDestroyed": null,
        "Injuries": null,
        "Fatalities": null,
        "PredominantFuelGroup": null,
        "PredominantFuelModel": null,
        "PrimaryFuelModel": null,
        "ContainmentDateTime": null,
        "ControlDateTime": null,
        "FinalAcres": null,
        "IsValid": 1,
        "FireOutDateTime": null,
        "ModifiedOnDateTime": 1787016830000,
        "IncidentTypeKind": "FI",
        "IrwinID": "1b61d295-b522-42f7-a5d9-1b3e596e4339",
        "GlobalID": "f6a063b1-7940-488f-8910-6d08e300662a",
        "ModifiedOnAge": 0,
        "FireDiscoveryAge": 0
      }
    },
    {
      "type": "Feature",
      "id": 135,
      "geometry": {
        "type": "Point",
        "coordinates": [
          -115.117667,
          46.1498330000001
        ]
      },
      "properties": {
        "OBJECTID": 135,
        "IncidentName": "Three Links",
        "IncidentTypeCategory": "WF",
        "UniqueFireIdentifier": "2026-IDNCF-000330",
        "DailyAcres": 410,
        "CalculatedAcres": null,
        "PercentContained": 0,
        "ICS209ReportDateTime": 1786027328000,
        "FireDiscoveryDateTime": 1784930243000,
        "DiscoveryAcres": 0.1,
        "POOCounty": "Idaho",
        "POOState": "US-ID",
        "FireCause": "Natural",
        "FireCauseGeneral": null,
        "GACC": "NRCC",
        "TotalIncidentPersonnel": null,
        "IncidentManagementOrganization": "Type 4 IC",
        "FireMgmtComplexity": null,
        "ResidencesDestroyed": null,
        "OtherStructuresDestroyed": null,
        "Injuries": null,
        "Fatalities": null,
        "PredominantFuelGroup": null,
        "PredominantFuelModel": null,
        "PrimaryFuelModel": "Timber (Grass and Understory)",
        "ContainmentDateTime": null,
        "ControlDateTime": null,
        "FinalAcres": null,
        "IsValid": 1,
        "FireOutDateTime": null,
        "ModifiedOnDateTime": 1786642090000,
        "IncidentTypeKind": "FI",
        "IrwinID": "a4a8958d-1a03-43bf-9c5b-acda39a2cd96",
        "GlobalID": "ab699649-0ac5-4349-952c-5f86ccb64ca2",
        "ModifiedOnAge": 4,
        "FireDiscoveryAge": 24
      }
    },
    {
      "type": "Feature",
      "id": 112,
      "geometry": {
        "type": "Point",
        "coordinates": [
          -122.563283,
          43.1140330000001
        ]
      },
      "properties": {
        "OBJECTID": 112,
        "IncidentName": "Castle",
        "IncidentTypeCategory": "WF",
        "UniqueFireIdentifier": "2026-ORUPF-260297",
        "DailyAcres": 3615,
        "CalculatedAcres": null,
        "PercentContained": 97,
        "ICS209ReportDateTime": 1787014864000,
        "FireDiscoveryDateTime": 1784768040000,
        "DiscoveryAcres": 0.25,
        "POOCounty": "Douglas",
        "POOState": "US-OR",
        "FireCause": "Natural",
        "FireCauseGeneral": null,
        "GACC": "NWCC",
        "TotalIncidentPersonnel": 114,
        "IncidentManagementOrganization": "Type 3 IC",
        "FireMgmtComplexity": null,
        "ResidencesDestroyed": null,
        "OtherStructuresDestroyed": null,
        "Injuries": 1,
        "Fatalities": null,
        "PredominantFuelGroup": null,
        "PredominantFuelModel": null,
        "PrimaryFuelModel": "Short Grass (1 foot)",
        "ContainmentDateTime": null,
        "ControlDateTime": null,
        "FinalAcres": null,
        "IsValid": 1,
        "FireOutDateTime": null,
        "ModifiedOnDateTime": 1787014864000,
        "IncidentTypeKind": "FI",
        "IrwinID": "24a02c51-652f-4eb2-b210-c277c62e7498",
        "GlobalID": "9ab220ba-6475-4be9-854a-06599730ac7e",
        "ModifiedOnAge": 0,
        "FireDiscoveryAge": 26
      }
    },
    {
      "type": "Feature",
      "id": 63,
      "geometry": {
        "type": "Point",
        "coordinates": [
          -107.72756,
          46.07491
        ]
      },
      "properties": {
        "OBJECTID": 63,
        "IncidentName": "Captain",
        "IncidentTypeCategory": "WF",
        "UniqueFireIdentifier": "2026-MTLG03-260757",
        "DailyAcres": 0.1,
        "CalculatedAcres": null,
        "PercentContained": null,
        "ICS209ReportDateTime": null,
        "FireDiscoveryDateTime": 1784138520000,
        "DiscoveryAcres": 0.1,
        "POOCounty": "Yellowstone",
        "POOState": "US-MT",
        "FireCause": "Undetermined",
        "FireCauseGeneral": null,
        "GACC": "NRCC",
        "TotalIncidentPersonnel": null,
        "IncidentManagementOrganization": null,
        "FireMgmtComplexity": null,
        "ResidencesDestroyed": null,
        "OtherStructuresDestroyed": null,
        "Injuries": null,
        "Fatalities": null,
        "PredominantFuelGroup": null,
        "PredominantFuelModel": null,
        "PrimaryFuelModel": null,
        "ContainmentDateTime": null,
        "ControlDateTime": null,
        "FinalAcres": null,
        "IsValid": 1,
        "FireOutDateTime": null,
        "ModifiedOnDateTime": 1787000491000,
        "IncidentTypeKind": "FI",
        "IrwinID": "b50ee679-c9cf-4304-83f0-e4a0a2a6426c",
        "GlobalID": "b52dd5e8-bd08-44bb-838a-07f6e28e6429",
        "ModifiedOnAge": 0,
        "FireDiscoveryAge": 33
      }
    },
    {
      "type": "Feature",
      "id": 504,
      "geometry": {
        "type": "Point",
        "coordinates": [
          -118.53438,
          34.46004
        ]
      },
      "properties": {
        "OBJECTID": 504,
        "IncidentName": "COPPER",
        "IncidentTypeCategory": "WF",
        "UniqueFireIdentifier": "2026-CALAC-291797",
        "DailyAcres": null,
        "CalculatedAcres": null,
        "PercentContained": null,
        "ICS209ReportDateTime": null,
        "FireDiscoveryDateTime": 1786988153000,
        "DiscoveryAcres": 0.01,
        "POOCounty": "Los Angeles",
        "POOState": "US-CA",
        "FireCause": "Undetermined",
        "FireCauseGeneral": null,
        "GACC": "OSCC",
        "TotalIncidentPersonnel": null,
        "IncidentManagementOrganization": null,
        "FireMgmtComplexity": null,
        "ResidencesDestroyed": null,
        "OtherStructuresDestroyed": null,
        "Injuries": null,
        "Fatalities": null,
        "PredominantFuelGroup": null,
        "PredominantFuelModel": null,
        "PrimaryFuelModel": null,
        "ContainmentDateTime": null,
        "ControlDateTime": null,
        "FinalAcres": null,
        "IsValid": 1,
        "FireOutDateTime": null,
        "ModifiedOnDateTime": 1786988327000,
        "IncidentTypeKind": "FI",
        "IrwinID": "d2d256fa-86f5-4833-a0a1-ef32e60a486d",
        "GlobalID": "cb301bf2-9341-4087-ada4-b8d22cdfbb47",
        "ModifiedOnAge": 0,
        "FireDiscoveryAge": 0
      }
    },
    {
      "type": "Feature",
      "id": 255,
      "geometry": {
        "type": "Point",
        "coordinates": [
          -115.447008,
          43.30195
        ]
      },
      "properties": {
        "OBJECTID": 255,
        "IncidentName": "MM115 HWY 20",
        "IncidentTypeCategory": "WF",
        "UniqueFireIdentifier": "2026-IDSWS-000901",
        "DailyAcres": 5070.4,
        "CalculatedAcres": null,
        "PercentContained": 100,
        "ICS209ReportDateTime": 1786636835000,
        "FireDiscoveryDateTime": 1786136376000,
        "DiscoveryAcres": 0.1,
        "POOCounty": "Elmore",
        "POOState": "US-ID",
        "FireCause": "Human",
        "FireCauseGeneral": null,
        "GACC": "GBCC",
        "TotalIncidentPersonnel": 252,
        "IncidentManagementOrganization": "Type 3 IC",
        "FireMgmtComplexity": null,
        "ResidencesDestroyed": null,
        "OtherStructuresDestroyed": null,
        "Injuries": null,
        "Fatalities": null,
        "PredominantFuelGroup": null,
        "PredominantFuelModel": null,
        "PrimaryFuelModel": "Short Grass (1 foot)",
        "ContainmentDateTime": 1786586400000,
        "ControlDateTime": null,
        "FinalAcres": null,
        "IsValid": 1,
        "FireOutDateTime": null,
        "ModifiedOnDateTime": 1786648468000,
        "IncidentTypeKind": "FI",
        "IrwinID": "deef5557-eddb-4387-aac1-0f4f16dd2169",
        "GlobalID": "d9edbc26-2566-4652-97f7-eb21e2684003",
        "ModifiedOnAge": 4,
        "FireDiscoveryAge": 10
      }
    },
    {
      "type": "Feature",
      "id": 398,
      "geometry": {
        "type": "Point",
        "coordinates": [
          -117.74799,
          34.0234600000001
        ]
      },
      "properties": {
        "OBJECTID": 398,
        "IncidentName": "LAC-289448",
        "IncidentTypeCategory": "WF",
        "UniqueFireIdentifier": "2026-CALAC-289448",
        "DailyAcres": null,
        "CalculatedAcres": null,
        "PercentContained": null,
        "ICS209ReportDateTime": null,
        "FireDiscoveryDateTime": 1786830206000,
        "DiscoveryAcres": 0.01,
        "POOCounty": "Los Angeles",
        "POOState": "US-CA",
        "FireCause": "Undetermined",
        "FireCauseGeneral": null,
        "GACC": "OSCC",
        "TotalIncidentPersonnel": null,
        "IncidentManagementOrganization": null,
        "FireMgmtComplexity": null,
        "ResidencesDestroyed": null,
        "OtherStructuresDestroyed": null,
        "Injuries": null,
        "Fatalities": null,
        "PredominantFuelGroup": null,
        "PredominantFuelModel": null,
        "PrimaryFuelModel": null,
        "ContainmentDateTime": null,
        "ControlDateTime": null,
        "FinalAcres": null,
        "IsValid": 1,
        "FireOutDateTime": null,
        "ModifiedOnDateTime": 1786830232000,
        "IncidentTypeKind": "FI",
        "IrwinID": "018ce2d4-8264-4b39-8c38-8a12a2ed8b00",
        "GlobalID": "390a876a-0111-42e5-a63b-901b92fbf5ba",
        "ModifiedOnAge": 2,
        "FireDiscoveryAge": 2
      }
    },
    {
      "type": "Feature",
      "id": 292,
      "geometry": {
        "type": "Point",
        "coordinates": [
          -121.0725,
          47.564333
        ]
      },
      "properties": {
        "OBJECTID": 292,
        "IncidentName": "PADDY GO",
        "IncidentTypeCategory": "WF",
        "UniqueFireIdentifier": "2026-WAOWF-260622",
        "DailyAcres": 15,
        "CalculatedAcres": null,
        "PercentContained": null,
        "ICS209ReportDateTime": null,
        "FireDiscoveryDateTime": 1786388186000,
        "DiscoveryAcres": 0.1,
        "POOCounty": "Chelan",
        "POOState": "US-WA",
        "FireCause": "Undetermined",
        "FireCauseGeneral": null,
        "GACC": "NWCC",
        "TotalIncidentPersonnel": null,
        "IncidentManagementOrganization": null,
        "FireMgmtComplexity": null,
        "ResidencesDestroyed": null,
        "OtherStructuresDestroyed": null,
        "Injuries": null,
        "Fatalities": null,
        "PredominantFuelGroup": null,
        "PredominantFuelModel": null,
        "PrimaryFuelModel": null,
        "ContainmentDateTime": null,
        "ControlDateTime": null,
        "FinalAcres": null,
        "IsValid": 1,
        "FireOutDateTime": null,
        "ModifiedOnDateTime": 1787020457000,
        "IncidentTypeKind": "FI",
        "IrwinID": "625639e4-88a0-4e4c-be1d-4bf256b25d02",
        "GlobalID": "630c5ce1-7238-428d-8690-b879ee6c9a95",
        "ModifiedOnAge": 0,
        "FireDiscoveryAge": 7
      }
    },
    {
      "type": "Feature",
      "id": 304,
      "geometry": {
        "type": "Point",
        "coordinates": [
          -117.24742,
          46.40578
        ]
      },
      "properties": {
        "OBJECTID": 304,
        "IncidentName": "ALPOWA",
        "IncidentTypeCategory": "WF",
        "UniqueFireIdentifier": "2026-WAWFS-001959",
        "DailyAcres": 1363,
        "CalculatedAcres": null,
        "PercentContained": 100,
        "ICS209ReportDateTime": 1786754248000,
        "FireDiscoveryDateTime": 1786485461000,
        "DiscoveryAcres": 0.1,
        "POOCounty": "Asotin",
        "POOState": "US-WA",
        "FireCause": "Human",
        "FireCauseGeneral": null,
        "GACC": "NWCC",
        "TotalIncidentPersonnel": 90,
        "IncidentManagementOrganization": "Type 3 IC",
        "FireMgmtComplexity": null,
        "ResidencesDestroyed": null,
        "OtherStructuresDestroyed": null,
        "Injuries": null,
        "Fatalities": null,
        "PredominantFuelGroup": null,
        "PredominantFuelModel": null,
        "PrimaryFuelModel": "Tall Grass (2.5 feet)",
        "ContainmentDateTime": 1786753800000,
        "ControlDateTime": null,
        "FinalAcres": null,
        "IsValid": 1,
        "FireOutDateTime": null,
        "ModifiedOnDateTime": 1786820715000,
        "IncidentTypeKind": "FI",
        "IrwinID": "09928c90-8de6-43bb-a7c9-8a1dff6d489f",
        "GlobalID": "89ad1aa0-1a1c-4b54-8bbe-0552b2b988d4",
        "ModifiedOnAge": 2,
        "FireDiscoveryAge": 6
      }
    },
    {
      "type": "Feature",
      "id": 241,
      "geometry": {
        "type": "Point",
        "coordinates": [
          -115.909333,
          45.2130000000001
        ]
      },
      "properties": {
        "OBJECTID": 241,
        "IncidentName": "Lake",
        "IncidentTypeCategory": "WF",
        "UniqueFireIdentifier": "2026-IDPAF-265532",
        "DailyAcres": 161,
        "CalculatedAcres": null,
        "PercentContained": 100,
        "ICS209ReportDateTime": 1786833267000,
        "FireDiscoveryDateTime": 1786046940000,
        "DiscoveryAcres": 0.5,
        "POOCounty": "Idaho",
        "POOState": "US-ID",
        "FireCause": "Natural",
        "FireCauseGeneral": null,
        "GACC": "GBCC",
        "TotalIncidentPersonnel": 31,
        "IncidentManagementOrganization": "Type 3 IC",
        "FireMgmtComplexity": null,
        "ResidencesDestroyed": null,
        "OtherStructuresDestroyed": null,
        "Injuries": 2,
        "Fatalities": null,
        "PredominantFuelGroup": null,
        "PredominantFuelModel": null,
        "PrimaryFuelModel": "Closed Timber Litter",
        "ContainmentDateTime": 1786752000000,
        "ControlDateTime": null,
        "FinalAcres": null,
        "IsValid": 1,
        "FireOutDateTime": null,
        "ModifiedOnDateTime": 1786887573000,
        "IncidentTypeKind": "FI",
        "IrwinID": "806ed953-d02b-46e9-b1c9-af7f3bb8f3ef",
        "GlobalID": "de9e99b0-2122-4e4c-baca-6e23936da399",
        "ModifiedOnAge": 1,
        "FireDiscoveryAge": 11
      }
    },
    {
      "type": "Feature",
      "id": 98,
      "geometry": {
        "type": "Point",
        "coordinates": [
          -118.65817,
          46.45851
        ]
      },
      "properties": {
        "OBJECTID": 98,
        "IncidentName": "NEFF JONES",
        "IncidentTypeCategory": "WF",
        "UniqueFireIdentifier": "2026-WAWFS-260423",
        "DailyAcres": 7276,
        "CalculatedAcres": null,
        "PercentContained": 100,
        "ICS209ReportDateTime": 1784681133000,
        "FireDiscoveryDateTime": 1784198382000,
        "DiscoveryAcres": 0.1,
        "POOCounty": "Franklin",
        "POOState": "US-WA",
        "FireCause": "Undetermined",
        "FireCauseGeneral": null,
        "GACC": "NWCC",
        "TotalIncidentPersonnel": null,
        "IncidentManagementOrganization": "Type 3 Team",
        "FireMgmtComplexity": null,
        "ResidencesDestroyed": null,
        "OtherStructuresDestroyed": null,
        "Injuries": null,
        "Fatalities": null,
        "PredominantFuelGroup": null,
        "PredominantFuelModel": null,
        "PrimaryFuelModel": "Tall Grass (2.5 feet)",
        "ContainmentDateTime": null,
        "ControlDateTime": null,
        "FinalAcres": null,
        "IsValid": 1,
        "FireOutDateTime": null,
        "ModifiedOnDateTime": 1786403401000,
        "IncidentTypeKind": "FI",
        "IrwinID": "0c414cf4-270a-43c2-b34f-e087b5a625f8",
        "GlobalID": "a81eb970-de49-474a-86f8-f19cdb803f50",
        "ModifiedOnAge": 7,
        "FireDiscoveryAge": 32
      }
    },
    {
      "type": "Feature",
      "id": 490,
      "geometry": {
        "type": "Point",
        "coordinates": [
          -119.017776,
          36.6922520000001
        ]
      },
      "properties": {
        "OBJECTID": 490,
        "IncidentName": "BADGER",
        "IncidentTypeCategory": "WF",
        "UniqueFireIdentifier": "2026-CAFKU-018178",
        "DailyAcres": 3,
        "CalculatedAcres": null,
        "PercentContained": null,
        "ICS209ReportDateTime": null,
        "FireDiscoveryDateTime": 1786949254000,
        "DiscoveryAcres": 0.01,
        "POOCounty": "Fresno",
        "POOState": "US-CA",
        "FireCause": "Undetermined",
        "FireCauseGeneral": null,
        "GACC": "OSCC",
        "TotalIncidentPersonnel": null,
        "IncidentManagementOrganization": null,
        "FireMgmtComplexity": null,
        "ResidencesDestroyed": null,
        "OtherStructuresDestroyed": null,
        "Injuries": null,
        "Fatalities": null,
        "PredominantFuelGroup": null,
        "PredominantFuelModel": null,
        "PrimaryFuelModel": null,
        "ContainmentDateTime": null,
        "ControlDateTime": null,
        "FinalAcres": null,
        "IsValid": 1,
        "FireOutDateTime": null,
        "ModifiedOnDateTime": 1787002984000,
        "IncidentTypeKind": "FI",
        "IrwinID": "9fd3d7ec-fe95-438f-adc0-bbe387b7b093",
        "GlobalID": "61a95b91-4684-4ec7-b506-f5a331c7f087",
        "ModifiedOnAge": 0,
        "FireDiscoveryAge": 0
      }
    },
    {
      "type": "Feature",
      "id": 441,
      "geometry": {
        "type": "Point",
        "coordinates": [
          -121.43891,
          46.05078
        ]
      },
      "properties": {
        "OBJECTID": 441,
        "IncidentName": "KING MOUNTAIN CWC 260659",
        "IncidentTypeCategory": "WF",
        "UniqueFireIdentifier": "2026-WAGPF-000899",
        "DailyAcres": 0.5,
        "CalculatedAcres": null,
        "PercentContained": null,
        "ICS209ReportDateTime": null,
        "FireDiscoveryDateTime": 1786720636000,
        "DiscoveryAcres": 0.5,
        "POOCounty": "Yakima",
        "POOState": "US-WA",
        "FireCause": "Undetermined",
        "FireCauseGeneral": null,
        "GACC": "NWCC",
        "TotalIncidentPersonnel": null,
        "IncidentManagementOrganization": null,
        "FireMgmtComplexity": null,
        "ResidencesDestroyed": null,
        "OtherStructuresDestroyed": null,
        "Injuries": null,
        "Fatalities": null,
        "PredominantFuelGroup": null,
        "PredominantFuelModel": null,
        "PrimaryFuelModel": null,
        "ContainmentDateTime": null,
        "ControlDateTime": null,
        "FinalAcres": null,
        "IsValid": 1,
        "FireOutDateTime": null,
        "ModifiedOnDateTime": 1786891589000,
        "IncidentTypeKind": "FI",
        "IrwinID": "b1e492c0-2822-4b56-9914-42181a9a42e8",
        "GlobalID": "d05d807f-bb07-430a-baec-f53945dad863",
        "ModifiedOnAge": 1,
        "FireDiscoveryAge": 3
      }
    },
    {
      "type": "Feature",
      "id": 49,
      "geometry": {
        "type": "Point",
        "coordinates": [
          -107.354823,
          38.1241880000001
        ]
      },
      "properties": {
        "OBJECTID": 49,
        "IncidentName": "Elk",
        "IncidentTypeCategory": "WF",
        "UniqueFireIdentifier": "2026-COGMF-000114",
        "DailyAcres": 7337,
        "CalculatedAcres": 7404.82,
        "PercentContained": 35,
        "ICS209ReportDateTime": 1787011392000,
        "FireDiscoveryDateTime": 1783611972000,
        "DiscoveryAcres": 0.1,
        "POOCounty": "Hinsdale",
        "POOState": "US-CO",
        "FireCause": "Undetermined",
        "FireCauseGeneral": null,
        "GACC": "RMCC",
        "TotalIncidentPersonnel": 249,
        "IncidentManagementOrganization": "Complex Incident Management Team",
        "FireMgmtComplexity": null,
        "ResidencesDestroyed": 0,
        "OtherStructuresDestroyed": null,
        "Injuries": 1,
        "Fatalities": null,
        "PredominantFuelGroup": null,
        "PredominantFuelModel": null,
        "PrimaryFuelModel": "Timber (Grass and Understory)",
        "ContainmentDateTime": null,
        "ControlDateTime": null,
        "FinalAcres": null,
        "IsValid": 1,
        "FireOutDateTime": null,
        "ModifiedOnDateTime": 1787011392000,
        "IncidentTypeKind": "FI",
        "IrwinID": "48a23460-97e0-47b3-bda1-be5b747a0b24",
        "GlobalID": "0b4550c3-b014-43f5-9e70-fd9b4c8a1f0c",
        "ModifiedOnAge": 0,
        "FireDiscoveryAge": 39
      }
    },
    {
      "type": "Feature",
      "id": 198,
      "geometry": {
        "type": "Point",
        "coordinates": [
          -123.29588333,
          42.44636667
        ]
      },
      "properties": {
        "OBJECTID": 198,
        "IncidentName": "I5 MM 57 NB",
        "IncidentTypeCategory": "WF",
        "UniqueFireIdentifier": "2026-OR712S-020327",
        "DailyAcres": 100,
        "CalculatedAcres": null,
        "PercentContained": 100,
        "ICS209ReportDateTime": 1786404667000,
        "FireDiscoveryDateTime": 1785623700000,
        "DiscoveryAcres": 1,
        "POOCounty": "Josephine",
        "POOState": "US-OR",
        "FireCause": "Undetermined",
        "FireCauseGeneral": "Undetermined (remarks required)",
        "GACC": "NWCC",
        "TotalIncidentPersonnel": 43,
        "IncidentManagementOrganization": "Type 5 IC",
        "FireMgmtComplexity": null,
        "ResidencesDestroyed": 1,
        "OtherStructuresDestroyed": null,
        "Injuries": 1,
        "Fatalities": null,
        "PredominantFuelGroup": null,
        "PredominantFuelModel": null,
        "PrimaryFuelModel": "Timber (Grass and Understory)",
        "ContainmentDateTime": null,
        "ControlDateTime": null,
        "FinalAcres": null,
        "IsValid": 1,
        "FireOutDateTime": null,
        "ModifiedOnDateTime": 1786404667000,
        "IncidentTypeKind": "FI",
        "IrwinID": "81497b9c-a925-4419-a016-27d42b969357",
        "GlobalID": "3c73bbf4-1d2e-470d-81ae-8e9e22491edb",
        "ModifiedOnAge": 7,
        "FireDiscoveryAge": 16
      }
    },
    {
      "type": "Feature",
      "id": 149,
      "geometry": {
        "type": "Point",
        "coordinates": [
          -104.1168,
          36.9371800000001
        ]
      },
      "properties": {
        "OBJECTID": 149,
        "IncidentName": "BUHR",
        "IncidentTypeCategory": "WF",
        "UniqueFireIdentifier": "2026-NMN2S-000537",
        "DailyAcres": 1.5,
        "CalculatedAcres": null,
        "PercentContained": null,
        "ICS209ReportDateTime": null,
        "FireDiscoveryDateTime": 1785006000000,
        "DiscoveryAcres": 3,
        "POOCounty": "Colfax",
        "POOState": "US-NM",
        "FireCause": "Natural",
        "FireCauseGeneral": null,
        "GACC": "SWCC",
        "TotalIncidentPersonnel": null,
        "IncidentManagementOrganization": null,
        "FireMgmtComplexity": null,
        "ResidencesDestroyed": null,
        "OtherStructuresDestroyed": null,
        "Injuries": null,
        "Fatalities": null,
        "PredominantFuelGroup": null,
        "PredominantFuelModel": null,
        "PrimaryFuelModel": null,
        "ContainmentDateTime": null,
        "ControlDateTime": null,
        "FinalAcres": null,
        "IsValid": 1,
        "FireOutDateTime": null,
        "ModifiedOnDateTime": 1786999610000,
        "IncidentTypeKind": "FI",
        "IrwinID": "19da9544-79b0-4f56-9aa3-742b9b6d8eb5",
        "GlobalID": "00e151b1-f639-4d76-89fe-52337123b37b",
        "ModifiedOnAge": 0,
        "FireDiscoveryAge": 23
      }
    },
    {
      "type": "Feature",
      "id": 190,
      "geometry": {
        "type": "Point",
        "coordinates": [
          -106.4358,
          34.6757670000001
        ]
      },
      "properties": {
        "OBJECTID": 190,
        "IncidentName": "SAND SPRINGS",
        "IncidentTypeCategory": "WF",
        "UniqueFireIdentifier": "2026-NMCIF-000501",
        "DailyAcres": 15,
        "CalculatedAcres": null,
        "PercentContained": null,
        "ICS209ReportDateTime": null,
        "FireDiscoveryDateTime": 1785526680000,
        "DiscoveryAcres": 0.1,
        "POOCounty": "Torrance",
        "POOState": "US-NM",
        "FireCause": "Natural",
        "FireCauseGeneral": null,
        "GACC": "SWCC",
        "TotalIncidentPersonnel": null,
        "IncidentManagementOrganization": null,
        "FireMgmtComplexity": null,
        "ResidencesDestroyed": null,
        "OtherStructuresDestroyed": null,
        "Injuries": null,
        "Fatalities": null,
        "PredominantFuelGroup": null,
        "PredominantFuelModel": null,
        "PrimaryFuelModel": null,
        "ContainmentDateTime": null,
        "ControlDateTime": null,
        "FinalAcres": null,
        "IsValid": 1,
        "FireOutDateTime": null,
        "ModifiedOnDateTime": 1786576797000,
        "IncidentTypeKind": "FI",
        "IrwinID": "51bc3f61-447b-4996-9ca0-c126ce8eaf71",
        "GlobalID": "618fbd09-27b3-43f1-a371-b1aa77d31e5b",
        "ModifiedOnAge": 5,
        "FireDiscoveryAge": 17
      }
    },
    {
      "type": "Feature",
      "id": 545,
      "geometry": {
        "type": "Point",
        "coordinates": [
          -117.1280867,
          32.8430983000001
        ]
      },
      "properties": {
        "OBJECTID": 545,
        "IncidentName": "52",
        "IncidentTypeCategory": "WF",
        "UniqueFireIdentifier": "2026-CASND-26151452",
        "DailyAcres": null,
        "CalculatedAcres": null,
        "PercentContained": null,
        "ICS209ReportDateTime": null,
        "FireDiscoveryDateTime": 1787010900000,
        "DiscoveryAcres": null,
        "POOCounty": "San Diego",
        "POOState": "US-CA",
        "FireCause": null,
        "FireCauseGeneral": null,
        "GACC": "OSCC",
        "TotalIncidentPersonnel": null,
        "IncidentManagementOrganization": null,
        "FireMgmtComplexity": null,
        "ResidencesDestroyed": null,
        "OtherStructuresDestroyed": null,
        "Injuries": null,
        "Fatalities": null,
        "PredominantFuelGroup": null,
        "PredominantFuelModel": null,
        "PrimaryFuelModel": null,
        "ContainmentDateTime": null,
        "ControlDateTime": null,
        "FinalAcres": null,
        "IsValid": 1,
        "FireOutDateTime": null,
        "ModifiedOnDateTime": 1787011030000,
        "IncidentTypeKind": "FI",
        "IrwinID": "d157c5b8-7249-4ea3-87f6-46dcbedfbc5c",
        "GlobalID": "0753d516-a930-4d4f-ad98-d3d98bc9eda0",
        "ModifiedOnAge": 0,
        "FireDiscoveryAge": 0
      }
    },
    {
      "type": "Feature",
      "id": 213,
      "geometry": {
        "type": "Point",
        "coordinates": [
          -108.3925,
          45.465833
        ]
      },
      "properties": {
        "OBJECTID": 213,
        "IncidentName": "East Fork Creek",
        "IncidentTypeCategory": "WF",
        "UniqueFireIdentifier": "2026-MTLG03-261030",
        "DailyAcres": 248,
        "CalculatedAcres": null,
        "PercentContained": null,
        "ICS209ReportDateTime": null,
        "FireDiscoveryDateTime": 1785787020000,
        "DiscoveryAcres": 0.1,
        "POOCounty": "Yellowstone",
        "POOState": "US-MT",
        "FireCause": "Undetermined",
        "FireCauseGeneral": null,
        "GACC": "NRCC",
        "TotalIncidentPersonnel": null,
        "IncidentManagementOrganization": null,
        "FireMgmtComplexity": null,
        "ResidencesDestroyed": null,
        "OtherStructuresDestroyed": null,
        "Injuries": null,
        "Fatalities": null,
        "PredominantFuelGroup": null,
        "PredominantFuelModel": null,
        "PrimaryFuelModel": null,
        "ContainmentDateTime": null,
        "ControlDateTime": null,
        "FinalAcres": null,
        "IsValid": 1,
        "FireOutDateTime": null,
        "ModifiedOnDateTime": 1786995858000,
        "IncidentTypeKind": "FI",
        "IrwinID": "879c02e6-fe09-4ed5-a9b8-f10ee2c9ba01",
        "GlobalID": "ed972806-3f51-4543-bb9f-b74be6abf200",
        "ModifiedOnAge": 0,
        "FireDiscoveryAge": 14
      }
    },
    {
      "type": "Feature",
      "id": 144,
      "geometry": {
        "type": "Point",
        "coordinates": [
          -118.303917,
          43.5897330000001
        ]
      },
      "properties": {
        "OBJECTID": 144,
        "IncidentName": "Coleman Creek",
        "IncidentTypeCategory": "WF",
        "UniqueFireIdentifier": "2026-ORBUD-002696",
        "DailyAcres": 308721,
        "CalculatedAcres": 212189.05132469,
        "PercentContained": 95,
        "ICS209ReportDateTime": 1787016913000,
        "FireDiscoveryDateTime": 1784983200000,
        "DiscoveryAcres": 0.1,
        "POOCounty": "Harney",
        "POOState": "US-OR",
        "FireCause": "Natural",
        "FireCauseGeneral": null,
        "GACC": "NWCC",
        "TotalIncidentPersonnel": 52,
        "IncidentManagementOrganization": "Type 3 Team",
        "FireMgmtComplexity": null,
        "ResidencesDestroyed": null,
        "OtherStructuresDestroyed": null,
        "Injuries": 0,
        "Fatalities": null,
        "PredominantFuelGroup": null,
        "PredominantFuelModel": null,
        "PrimaryFuelModel": "Short Grass (1 foot)",
        "ContainmentDateTime": null,
        "ControlDateTime": null,
        "FinalAcres": null,
        "IsValid": 1,
        "FireOutDateTime": null,
        "ModifiedOnDateTime": 1787016912000,
        "IncidentTypeKind": "FI",
        "IrwinID": "79bbb8a2-e93c-4514-9dd2-55a7de7f260c",
        "GlobalID": "f372ff32-5776-46eb-8cff-8c5228b06a3d",
        "ModifiedOnAge": 0,
        "FireDiscoveryAge": 23
      }
    },
    {
      "type": "Feature",
      "id": 476,
      "geometry": {
        "type": "Point",
        "coordinates": [
          -105.38802,
          44.416025
        ]
      },
      "properties": {
        "OBJECTID": 476,
        "IncidentName": "Cook Dam",
        "IncidentTypeCategory": "WF",
        "UniqueFireIdentifier": "2026-WYCMX-000417",
        "DailyAcres": 4.4,
        "CalculatedAcres": null,
        "PercentContained": null,
        "ICS209ReportDateTime": null,
        "FireDiscoveryDateTime": 1786920116000,
        "DiscoveryAcres": 4.4,
        "POOCounty": "Campbell",
        "POOState": "US-WY",
        "FireCause": "Natural",
        "FireCauseGeneral": null,
        "GACC": "RMCC",
        "TotalIncidentPersonnel": null,
        "IncidentManagementOrganization": null,
        "FireMgmtComplexity": null,
        "ResidencesDestroyed": null,
        "OtherStructuresDestroyed": null,
        "Injuries": null,
        "Fatalities": null,
        "PredominantFuelGroup": null,
        "PredominantFuelModel": null,
        "PrimaryFuelModel": null,
        "ContainmentDateTime": null,
        "ControlDateTime": null,
        "FinalAcres": null,
        "IsValid": 1,
        "FireOutDateTime": null,
        "ModifiedOnDateTime": 1786980875000,
        "IncidentTypeKind": "FI",
        "IrwinID": "9c1b1d4e-d5b1-440b-884f-e148d18e02b8",
        "GlobalID": "0bb86143-edc0-4e77-98da-0a292bec1892",
        "ModifiedOnAge": 0,
        "FireDiscoveryAge": 1
      }
    },
    {
      "type": "Feature",
      "id": 167,
      "geometry": {
        "type": "Point",
        "coordinates": [
          -102.07302989,
          43.5633564300001
        ]
      },
      "properties": {
        "OBJECTID": 167,
        "IncidentName": "Potato Creek",
        "IncidentTypeCategory": "WF",
        "UniqueFireIdentifier": "2026-SDPRA-000126",
        "DailyAcres": 10944.33,
        "CalculatedAcres": 10994.33,
        "PercentContained": 100,
        "ICS209ReportDateTime": 1786051450000,
        "FireDiscoveryDateTime": 1785180060000,
        "DiscoveryAcres": null,
        "POOCounty": "Jackson",
        "POOState": "US-SD",
        "FireCause": "Natural",
        "FireCauseGeneral": "Natural",
        "GACC": "RMCC",
        "TotalIncidentPersonnel": 32,
        "IncidentManagementOrganization": "Type 3 IC",
        "FireMgmtComplexity": null,
        "ResidencesDestroyed": 0,
        "OtherStructuresDestroyed": 1,
        "Injuries": null,
        "Fatalities": null,
        "PredominantFuelGroup": null,
        "PredominantFuelModel": null,
        "PrimaryFuelModel": "Short Grass (1 foot)",
        "ContainmentDateTime": null,
        "ControlDateTime": null,
        "FinalAcres": null,
        "IsValid": 1,
        "FireOutDateTime": null,
        "ModifiedOnDateTime": 1786388216000,
        "IncidentTypeKind": "FI",
        "IrwinID": "ddbd3fee-02cb-43e5-b9a9-4b62c9f6f3ba",
        "GlobalID": "f8a9192a-f5c3-4723-b232-3477b511bbb5",
        "ModifiedOnAge": 7,
        "FireDiscoveryAge": 21
      }
    },
    {
      "type": "Feature",
      "id": 330,
      "geometry": {
        "type": "Point",
        "coordinates": [
          -106.578967,
          47.482383
        ]
      },
      "properties": {
        "OBJECTID": 330,
        "IncidentName": "Door",
        "IncidentTypeCategory": "WF",
        "UniqueFireIdentifier": "2026-MTLG50-000691",
        "DailyAcres": 22,
        "CalculatedAcres": null,
        "PercentContained": null,
        "ICS209ReportDateTime": null,
        "FireDiscoveryDateTime": 1786578460000,
        "DiscoveryAcres": 15,
        "POOCounty": "Garfield",
        "POOState": "US-MT",
        "FireCause": "Undetermined",
        "FireCauseGeneral": null,
        "GACC": "NRCC",
        "TotalIncidentPersonnel": null,
        "IncidentManagementOrganization": null,
        "FireMgmtComplexity": null,
        "ResidencesDestroyed": null,
        "OtherStructuresDestroyed": null,
        "Injuries": null,
        "Fatalities": null,
        "PredominantFuelGroup": null,
        "PredominantFuelModel": null,
        "PrimaryFuelModel": null,
        "ContainmentDateTime": null,
        "ControlDateTime": null,
        "FinalAcres": null,
        "IsValid": 1,
        "FireOutDateTime": null,
        "ModifiedOnDateTime": 1786582030000,
        "IncidentTypeKind": "FI",
        "IrwinID": "79f77ef4-cf07-4b04-a805-586f44e98168",
        "GlobalID": "c62184b1-3b98-4fb4-b157-95c794aff2ca",
        "ModifiedOnAge": 5,
        "FireDiscoveryAge": 5
      }
    },
    {
      "type": "Feature",
      "id": 307,
      "geometry": {
        "type": "Point",
        "coordinates": [
          -106.81566,
          36.9754100000001
        ]
      },
      "properties": {
        "OBJECTID": 307,
        "IncidentName": "Diamante",
        "IncidentTypeCategory": "WF",
        "UniqueFireIdentifier": "2026-NMTAD-000664",
        "DailyAcres": 89,
        "CalculatedAcres": null,
        "PercentContained": 0,
        "ICS209ReportDateTime": 1786923023000,
        "FireDiscoveryDateTime": 1786483684000,
        "DiscoveryAcres": 0.1,
        "POOCounty": "Rio Arriba",
        "POOState": "US-NM",
        "FireCause": "Natural",
        "FireCauseGeneral": null,
        "GACC": "SWCC",
        "TotalIncidentPersonnel": 70,
        "IncidentManagementOrganization": "Type 4 IC",
        "FireMgmtComplexity": null,
        "ResidencesDestroyed": null,
        "OtherStructuresDestroyed": null,
        "Injuries": null,
        "Fatalities": null,
        "PredominantFuelGroup": null,
        "PredominantFuelModel": null,
        "PrimaryFuelModel": "Timber (Litter and Understory)",
        "ContainmentDateTime": null,
        "ControlDateTime": null,
        "FinalAcres": null,
        "IsValid": 1,
        "FireOutDateTime": null,
        "ModifiedOnDateTime": 1786923024000,
        "IncidentTypeKind": "FI",
        "IrwinID": "7507807a-2c5e-4dac-b4e0-d635a2079266",
        "GlobalID": "e997deb0-35f6-4d5e-a0b9-af44e251f3fa",
        "ModifiedOnAge": 1,
        "FireDiscoveryAge": 6
      }
    },
    {
      "type": "Feature",
      "id": 382,
      "geometry": {
        "type": "Point",
        "coordinates": [
          -118.1586,
          34.0088900000001
        ]
      },
      "properties": {
        "OBJECTID": 382,
        "IncidentName": "LAC-288969",
        "IncidentTypeCategory": "WF",
        "UniqueFireIdentifier": "2026-CALAC-288969",
        "DailyAcres": null,
        "CalculatedAcres": null,
        "PercentContained": null,
        "ICS209ReportDateTime": null,
        "FireDiscoveryDateTime": 1786802938000,
        "DiscoveryAcres": 0.01,
        "POOCounty": "Los Angeles",
        "POOState": "US-CA",
        "FireCause": "Undetermined",
        "FireCauseGeneral": null,
        "GACC": "OSCC",
        "TotalIncidentPersonnel": null,
        "IncidentManagementOrganization": null,
        "FireMgmtComplexity": null,
        "ResidencesDestroyed": null,
        "OtherStructuresDestroyed": null,
        "Injuries": null,
        "Fatalities": null,
        "PredominantFuelGroup": null,
        "PredominantFuelModel": null,
        "PrimaryFuelModel": null,
        "ContainmentDateTime": null,
        "ControlDateTime": null,
        "FinalAcres": null,
        "IsValid": 1,
        "FireOutDateTime": null,
        "ModifiedOnDateTime": 1786802955000,
        "IncidentTypeKind": "FI",
        "IrwinID": "8abb9828-5d2e-4591-b6c8-62ab55140651",
        "GlobalID": "e62622a1-821a-48a9-ae66-cd80d5d02b40",
        "ModifiedOnAge": 2,
        "FireDiscoveryAge": 2
      }
    },
    {
      "type": "Feature",
      "id": 259,
      "geometry": {
        "type": "Point",
        "coordinates": [
          -118.09,
          46.5360000000001
        ]
      },
      "properties": {
        "OBJECTID": 259,
        "IncidentName": "LITTLE GOOSE",
        "IncidentTypeCategory": "WF",
        "UniqueFireIdentifier": "2026-WAWFS-001924",
        "DailyAcres": 8524,
        "CalculatedAcres": null,
        "PercentContained": 100,
        "ICS209ReportDateTime": 1786404394000,
        "FireDiscoveryDateTime": 1786147380000,
        "DiscoveryAcres": 10,
        "POOCounty": "Columbia",
        "POOState": "US-WA",
        "FireCause": "Human",
        "FireCauseGeneral": null,
        "GACC": "NWCC",
        "TotalIncidentPersonnel": 26,
        "IncidentManagementOrganization": "Type 3 IC",
        "FireMgmtComplexity": null,
        "ResidencesDestroyed": null,
        "OtherStructuresDestroyed": null,
        "Injuries": null,
        "Fatalities": null,
        "PredominantFuelGroup": null,
        "PredominantFuelModel": null,
        "PrimaryFuelModel": "Tall Grass (2.5 feet)",
        "ContainmentDateTime": 1786403700000,
        "ControlDateTime": null,
        "FinalAcres": null,
        "IsValid": 1,
        "FireOutDateTime": null,
        "ModifiedOnDateTime": 1786466597000,
        "IncidentTypeKind": "FI",
        "IrwinID": "51c36fa7-cc5b-446b-82ce-384a0a20eb2a",
        "GlobalID": "f5c754fa-4276-44c6-90cb-fda1e82def32",
        "ModifiedOnAge": 6,
        "FireDiscoveryAge": 10
      }
    },
    {
      "type": "Feature",
      "id": 113,
      "geometry": {
        "type": "Point",
        "coordinates": [
          -118.803383,
          43.1199500000001
        ]
      },
      "properties": {
        "OBJECTID": 113,
        "IncidentName": "Crater",
        "IncidentTypeCategory": "WF",
        "UniqueFireIdentifier": "2026-ORBUD-002680",
        "DailyAcres": 705,
        "CalculatedAcres": null,
        "PercentContained": 100,
        "ICS209ReportDateTime": 1786408932000,
        "FireDiscoveryDateTime": 1784796420000,
        "DiscoveryAcres": 0.1,
        "POOCounty": "Harney",
        "POOState": "US-OR",
        "FireCause": "Natural",
        "FireCauseGeneral": null,
        "GACC": "NWCC",
        "TotalIncidentPersonnel": 36,
        "IncidentManagementOrganization": "Type 5 IC",
        "FireMgmtComplexity": null,
        "ResidencesDestroyed": null,
        "OtherStructuresDestroyed": null,
        "Injuries": null,
        "Fatalities": null,
        "PredominantFuelGroup": null,
        "PredominantFuelModel": null,
        "PrimaryFuelModel": "Short Grass (1 foot)",
        "ContainmentDateTime": null,
        "ControlDateTime": null,
        "FinalAcres": null,
        "IsValid": 1,
        "FireOutDateTime": null,
        "ModifiedOnDateTime": 1786408932000,
        "IncidentTypeKind": "FI",
        "IrwinID": "2a7ac1c8-1b10-4a39-ba7d-83a44d029def",
        "GlobalID": "4015ed71-35e8-4d89-9f52-7095e6181f5d",
        "ModifiedOnAge": 7,
        "FireDiscoveryAge": 25
      }
    },
    {
      "type": "Feature",
      "id": 184,
      "geometry": {
        "type": "Point",
        "coordinates": [
          -106.559472,
          44.826847
        ]
      },
      "properties": {
        "OBJECTID": 184,
        "IncidentName": "South Fork Badger",
        "IncidentTypeCategory": "WF",
        "UniqueFireIdentifier": "2026-WYSHX-000362",
        "DailyAcres": 30,
        "CalculatedAcres": null,
        "PercentContained": null,
        "ICS209ReportDateTime": null,
        "FireDiscoveryDateTime": 1785520140000,
        "DiscoveryAcres": 0.1,
        "POOCounty": "Sheridan",
        "POOState": "US-WY",
        "FireCause": "Natural",
        "FireCauseGeneral": null,
        "GACC": "RMCC",
        "TotalIncidentPersonnel": null,
        "IncidentManagementOrganization": null,
        "FireMgmtComplexity": null,
        "ResidencesDestroyed": null,
        "OtherStructuresDestroyed": null,
        "Injuries": null,
        "Fatalities": null,
        "PredominantFuelGroup": null,
        "PredominantFuelModel": null,
        "PrimaryFuelModel": null,
        "ContainmentDateTime": null,
        "ControlDateTime": null,
        "FinalAcres": null,
        "IsValid": 1,
        "FireOutDateTime": null,
        "ModifiedOnDateTime": 1786482411000,
        "IncidentTypeKind": "FI",
        "IrwinID": "b28fc152-f70d-484e-81c9-f8c7a1aec820",
        "GlobalID": "72c68a23-e9b7-4308-80f5-a925f63aba72",
        "ModifiedOnAge": 6,
        "FireDiscoveryAge": 17
      }
    },
    {
      "type": "Feature",
      "id": 516,
      "geometry": {
        "type": "Point",
        "coordinates": [
          -117.753167,
          45.8398330000001
        ]
      },
      "properties": {
        "OBJECTID": 516,
        "IncidentName": "Alder",
        "IncidentTypeCategory": "WF",
        "UniqueFireIdentifier": "2026-ORUMF-000499",
        "DailyAcres": 0.1,
        "CalculatedAcres": null,
        "PercentContained": null,
        "ICS209ReportDateTime": null,
        "FireDiscoveryDateTime": 1786994175000,
        "DiscoveryAcres": 0.1,
        "POOCounty": "Union",
        "POOState": "US-OR",
        "FireCause": "Natural",
        "FireCauseGeneral": null,
        "GACC": "NWCC",
        "TotalIncidentPersonnel": null,
        "IncidentManagementOrganization": null,
        "FireMgmtComplexity": null,
        "ResidencesDestroyed": null,
        "OtherStructuresDestroyed": null,
        "Injuries": null,
        "Fatalities": null,
        "PredominantFuelGroup": null,
        "PredominantFuelModel": null,
        "PrimaryFuelModel": null,
        "ContainmentDateTime": null,
        "ControlDateTime": null,
        "FinalAcres": null,
        "IsValid": 1,
        "FireOutDateTime": null,
        "ModifiedOnDateTime": 1787002406000,
        "IncidentTypeKind": "FI",
        "IrwinID": "978937b5-faf4-4ce2-ad72-5d7fe390b6d6",
        "GlobalID": "a98ac4ad-ea41-488b-b090-f04dffa25b2c",
        "ModifiedOnAge": 0,
        "FireDiscoveryAge": 0
      }
    },
    {
      "type": "Feature",
      "id": 267,
      "geometry": {
        "type": "Point",
        "coordinates": [
          -117.51,
          47.2400000000001
        ]
      },
      "properties": {
        "OBJECTID": 267,
        "IncidentName": "WELLS ROAD",
        "IncidentTypeCategory": "WF",
        "UniqueFireIdentifier": "2026-WAWFS-001933",
        "DailyAcres": 1865,
        "CalculatedAcres": null,
        "PercentContained": 100,
        "ICS209ReportDateTime": 1786594929000,
        "FireDiscoveryDateTime": 1786228200000,
        "DiscoveryAcres": 200,
        "POOCounty": "Whitman",
        "POOState": "US-WA",
        "FireCause": "Human",
        "FireCauseGeneral": null,
        "GACC": "NWCC",
        "TotalIncidentPersonnel": 99,
        "IncidentManagementOrganization": "Type 3 Team",
        "FireMgmtComplexity": null,
        "ResidencesDestroyed": 1,
        "OtherStructuresDestroyed": 3,
        "Injuries": 1,
        "Fatalities": null,
        "PredominantFuelGroup": null,
        "PredominantFuelModel": null,
        "PrimaryFuelModel": "Short Grass (1 foot)",
        "ContainmentDateTime": null,
        "ControlDateTime": null,
        "FinalAcres": null,
        "IsValid": 1,
        "FireOutDateTime": null,
        "ModifiedOnDateTime": 1786594930000,
        "IncidentTypeKind": "FI",
        "IrwinID": "57ab54cb-8a77-4c42-8757-f60dd953c1bc",
        "GlobalID": "5be61a96-aeb4-4a5b-8561-0ed0ce25318f",
        "ModifiedOnAge": 4,
        "FireDiscoveryAge": 9
      }
    },
    {
      "type": "Feature",
      "id": 422,
      "geometry": {
        "type": "Point",
        "coordinates": [
          -123.34708333,
          43.2392166700001
        ]
      },
      "properties": {
        "OBJECTID": 422,
        "IncidentName": "Vine St",
        "IncidentTypeCategory": "WF",
        "UniqueFireIdentifier": "2026-OR733S-000169",
        "DailyAcres": 0.1,
        "CalculatedAcres": null,
        "PercentContained": null,
        "ICS209ReportDateTime": null,
        "FireDiscoveryDateTime": 1786834380000,
        "DiscoveryAcres": 0.1,
        "POOCounty": "Douglas",
        "POOState": "US-OR",
        "FireCause": "Human",
        "FireCauseGeneral": null,
        "GACC": "NWCC",
        "TotalIncidentPersonnel": null,
        "IncidentManagementOrganization": null,
        "FireMgmtComplexity": null,
        "ResidencesDestroyed": null,
        "OtherStructuresDestroyed": null,
        "Injuries": null,
        "Fatalities": null,
        "PredominantFuelGroup": null,
        "PredominantFuelModel": null,
        "PrimaryFuelModel": null,
        "ContainmentDateTime": null,
        "ControlDateTime": null,
        "FinalAcres": 0.1,
        "IsValid": 1,
        "FireOutDateTime": null,
        "ModifiedOnDateTime": 1786844082000,
        "IncidentTypeKind": "FI",
        "IrwinID": "1ec2c220-e0da-4412-bb60-def40ab92d06",
        "GlobalID": "825b2d98-3498-4222-84e9-91388d733421",
        "ModifiedOnAge": 2,
        "FireDiscoveryAge": 2
      }
    },
    {
      "type": "Feature",
      "id": 67,
      "geometry": {
        "type": "Point",
        "coordinates": [
          -120.2025,
          44.7618330000001
        ]
      },
      "properties": {
        "OBJECTID": 67,
        "IncidentName": "0442 REDROCK",
        "IncidentTypeCategory": "WF",
        "UniqueFireIdentifier": "2026-ORPRD-000442",
        "DailyAcres": 256,
        "CalculatedAcres": null,
        "PercentContained": 100,
        "ICS209ReportDateTime": 1787014619000,
        "FireDiscoveryDateTime": 1784162460000,
        "DiscoveryAcres": 0.1,
        "POOCounty": "Wheeler",
        "POOState": "US-OR",
        "FireCause": "Natural",
        "FireCauseGeneral": null,
        "GACC": "NWCC",
        "TotalIncidentPersonnel": null,
        "IncidentManagementOrganization": "Type 3 Team",
        "FireMgmtComplexity": null,
        "ResidencesDestroyed": null,
        "OtherStructuresDestroyed": null,
        "Injuries": null,
        "Fatalities": null,
        "PredominantFuelGroup": null,
        "PredominantFuelModel": null,
        "PrimaryFuelModel": "Timber (Grass and Understory)",
        "ContainmentDateTime": null,
        "ControlDateTime": null,
        "FinalAcres": null,
        "IsValid": 1,
        "FireOutDateTime": null,
        "ModifiedOnDateTime": 1787014619000,
        "IncidentTypeKind": "FI",
        "IrwinID": "75a59419-a9f2-4169-aaea-5f794a4f3200",
        "GlobalID": "454758fe-38ac-44b2-be92-968c55818a38",
        "ModifiedOnAge": 0,
        "FireDiscoveryAge": 33
      }
    },
    {
      "type": "Feature",
      "id": 313,
      "geometry": {
        "type": "Point",
        "coordinates": [
          -102.3366778,
          43.3196147200001
        ]
      },
      "properties": {
        "OBJECTID": 313,
        "IncidentName": "Rancher",
        "IncidentTypeCategory": "WF",
        "UniqueFireIdentifier": "2026-SDPRA-000134",
        "DailyAcres": 698,
        "CalculatedAcres": 532.85,
        "PercentContained": 75,
        "ICS209ReportDateTime": 1786998209000,
        "FireDiscoveryDateTime": 1786493700000,
        "DiscoveryAcres": null,
        "POOCounty": "Oglala Lakota",
        "POOState": "US-SD",
        "FireCause": "Natural",
        "FireCauseGeneral": "Natural",
        "GACC": "RMCC",
        "TotalIncidentPersonnel": 21,
        "IncidentManagementOrganization": "Type 4 IC",
        "FireMgmtComplexity": null,
        "ResidencesDestroyed": 0,
        "OtherStructuresDestroyed": 0,
        "Injuries": null,
        "Fatalities": null,
        "PredominantFuelGroup": "Timber",
        "PredominantFuelModel": "TU2",
        "PrimaryFuelModel": "Timber (Grass and Understory)",
        "ContainmentDateTime": null,
        "ControlDateTime": null,
        "FinalAcres": null,
        "IsValid": 1,
        "FireOutDateTime": null,
        "ModifiedOnDateTime": 1786998209000,
        "IncidentTypeKind": "FI",
        "IrwinID": "38c5c8bc-0931-4c94-af79-6f56b6f91026",
        "GlobalID": "481758ce-d398-46f8-9321-471bb123f5a8",
        "ModifiedOnAge": 0,
        "FireDiscoveryAge": 6
      }
    },
    {
      "type": "Feature",
      "id": 376,
      "geometry": {
        "type": "Point",
        "coordinates": [
          -118.1696,
          33.9108200000001
        ]
      },
      "properties": {
        "OBJECTID": 376,
        "IncidentName": "LAC-288895",
        "IncidentTypeCategory": "WF",
        "UniqueFireIdentifier": "2026-CALAC-288895",
        "DailyAcres": null,
        "CalculatedAcres": null,
        "PercentContained": null,
        "ICS209ReportDateTime": null,
        "FireDiscoveryDateTime": 1786791891000,
        "DiscoveryAcres": 0.01,
        "POOCounty": "Los Angeles",
        "POOState": "US-CA",
        "FireCause": "Undetermined",
        "FireCauseGeneral": null,
        "GACC": "OSCC",
        "TotalIncidentPersonnel": null,
        "IncidentManagementOrganization": null,
        "FireMgmtComplexity": null,
        "ResidencesDestroyed": null,
        "OtherStructuresDestroyed": null,
        "Injuries": null,
        "Fatalities": null,
        "PredominantFuelGroup": null,
        "PredominantFuelModel": null,
        "PrimaryFuelModel": null,
        "ContainmentDateTime": null,
        "ControlDateTime": null,
        "FinalAcres": null,
        "IsValid": 1,
        "FireOutDateTime": null,
        "ModifiedOnDateTime": 1786792565000,
        "IncidentTypeKind": "FI",
        "IrwinID": "e57945fe-f8dc-474d-8a26-375065e40440",
        "GlobalID": "f45de14b-77e0-48f4-bbaa-c6f664607703",
        "ModifiedOnAge": 2,
        "FireDiscoveryAge": 2
      }
    },
    {
      "type": "Feature",
      "id": 27,
      "geometry": {
        "type": "Point",
        "coordinates": [
          -107.682124,
          38.051567
        ]
      },
      "properties": {
        "OBJECTID": 27,
        "IncidentName": "Gold Mountain",
        "IncidentTypeCategory": "WF",
        "UniqueFireIdentifier": "2026-COGMF-000099",
        "DailyAcres": 39691,
        "CalculatedAcres": 39674.91,
        "PercentContained": 87,
        "ICS209ReportDateTime": 1787011262000,
        "FireDiscoveryDateTime": 1782603228000,
        "DiscoveryAcres": 0.1,
        "POOCounty": "Ouray",
        "POOState": "US-CO",
        "FireCause": "Undetermined",
        "FireCauseGeneral": null,
        "GACC": "RMCC",
        "TotalIncidentPersonnel": 95,
        "IncidentManagementOrganization": "Complex Incident Management Team",
        "FireMgmtComplexity": null,
        "ResidencesDestroyed": 0,
        "OtherStructuresDestroyed": 5,
        "Injuries": 22,
        "Fatalities": 1,
        "PredominantFuelGroup": null,
        "PredominantFuelModel": null,
        "PrimaryFuelModel": "Short Grass (1 foot)",
        "ContainmentDateTime": null,
        "ControlDateTime": null,
        "FinalAcres": null,
        "IsValid": 1,
        "FireOutDateTime": null,
        "ModifiedOnDateTime": 1787011262000,
        "IncidentTypeKind": "FI",
        "IrwinID": "2ed6c776-d2c7-49e5-8004-27cea40d5d79",
        "GlobalID": "2d633b2f-07cb-43cb-9498-36287f3d6091",
        "ModifiedOnAge": 0,
        "FireDiscoveryAge": 51
      }
    },
    {
      "type": "Feature",
      "id": 276,
      "geometry": {
        "type": "Point",
        "coordinates": [
          -108.607547,
          42.6364370000001
        ]
      },
      "properties": {
        "OBJECTID": 276,
        "IncidentName": "WEISER KNOLL",
        "IncidentTypeCategory": "WF",
        "UniqueFireIdentifier": "2026-WYWBD-000294",
        "DailyAcres": 15817,
        "CalculatedAcres": null,
        "PercentContained": 95,
        "ICS209ReportDateTime": 1786741938000,
        "FireDiscoveryDateTime": 1786306666000,
        "DiscoveryAcres": 0.1,
        "POOCounty": "Fremont",
        "POOState": "US-WY",
        "FireCause": "Undetermined",
        "FireCauseGeneral": null,
        "GACC": "RMCC",
        "TotalIncidentPersonnel": 69,
        "IncidentManagementOrganization": "Type 4 IC",
        "FireMgmtComplexity": null,
        "ResidencesDestroyed": null,
        "OtherStructuresDestroyed": 2,
        "Injuries": null,
        "Fatalities": null,
        "PredominantFuelGroup": null,
        "PredominantFuelModel": null,
        "PrimaryFuelModel": "Short Grass (1 foot)",
        "ContainmentDateTime": null,
        "ControlDateTime": null,
        "FinalAcres": null,
        "IsValid": 1,
        "FireOutDateTime": null,
        "ModifiedOnDateTime": 1787002180000,
        "IncidentTypeKind": "FI",
        "IrwinID": "f544ae86-cd8f-4c07-8d41-efa39315de48",
        "GlobalID": "441b629b-623f-42cc-8e1b-89dce7b0d399",
        "ModifiedOnAge": 0,
        "FireDiscoveryAge": 8
      }
    },
    {
      "type": "Feature",
      "id": 127,
      "geometry": {
        "type": "Point",
        "coordinates": [
          -117.212967,
          44.523917
        ]
      },
      "properties": {
        "OBJECTID": 127,
        "IncidentName": "FOX",
        "IncidentTypeCategory": "WF",
        "UniqueFireIdentifier": "2026-ORVAD-260204",
        "DailyAcres": 78903,
        "CalculatedAcres": 78903.31369673,
        "PercentContained": 95,
        "ICS209ReportDateTime": 1787015479000,
        "FireDiscoveryDateTime": 1784857860000,
        "DiscoveryAcres": 1,
        "POOCounty": "Baker",
        "POOState": "US-OR",
        "FireCause": "Natural",
        "FireCauseGeneral": null,
        "GACC": "NWCC",
        "TotalIncidentPersonnel": 10,
        "IncidentManagementOrganization": "Type 4 IC",
        "FireMgmtComplexity": null,
        "ResidencesDestroyed": 3,
        "OtherStructuresDestroyed": 5,
        "Injuries": 1,
        "Fatalities": null,
        "PredominantFuelGroup": null,
        "PredominantFuelModel": null,
        "PrimaryFuelModel": "Short Grass (1 foot)",
        "ContainmentDateTime": null,
        "ControlDateTime": null,
        "FinalAcres": null,
        "IsValid": 1,
        "FireOutDateTime": null,
        "ModifiedOnDateTime": 1787015479000,
        "IncidentTypeKind": "FI",
        "IrwinID": "53d5f141-2193-402b-8f97-2a49c3d85a55",
        "GlobalID": "1054c2e0-0cdb-42c2-9976-4af1977cefce",
        "ModifiedOnAge": 0,
        "FireDiscoveryAge": 25
      }
    },
    {
      "type": "Feature",
      "id": 121,
      "geometry": {
        "type": "Point",
        "coordinates": [
          -118.92,
          43.1800000000001
        ]
      },
      "properties": {
        "OBJECTID": 121,
        "IncidentName": "Stubble",
        "IncidentTypeCategory": "WF",
        "UniqueFireIdentifier": "2026-ORMAR-002683",
        "DailyAcres": 15673,
        "CalculatedAcres": null,
        "PercentContained": 93,
        "ICS209ReportDateTime": 1786935379000,
        "FireDiscoveryDateTime": 1784832840000,
        "DiscoveryAcres": 0.1,
        "POOCounty": "Harney",
        "POOState": "US-OR",
        "FireCause": "Natural",
        "FireCauseGeneral": null,
        "GACC": "NWCC",
        "TotalIncidentPersonnel": 4,
        "IncidentManagementOrganization": "Type 4 IC",
        "FireMgmtComplexity": null,
        "ResidencesDestroyed": null,
        "OtherStructuresDestroyed": null,
        "Injuries": null,
        "Fatalities": null,
        "PredominantFuelGroup": null,
        "PredominantFuelModel": null,
        "PrimaryFuelModel": "Short Grass (1 foot)",
        "ContainmentDateTime": null,
        "ControlDateTime": null,
        "FinalAcres": null,
        "IsValid": 1,
        "FireOutDateTime": null,
        "ModifiedOnDateTime": 1786935379000,
        "IncidentTypeKind": "FI",
        "IrwinID": "2066cd11-1a6e-4437-94fc-715756e618ad",
        "GlobalID": "af7c5832-86c2-4aef-9318-d875521fd83c",
        "ModifiedOnAge": 1,
        "FireDiscoveryAge": 25
      }
    },
    {
      "type": "Feature",
      "id": 319,
      "geometry": {
        "type": "Point",
        "coordinates": [
          -103.285535,
          37.075637
        ]
      },
      "properties": {
        "OBJECTID": 319,
        "IncidentName": "Sheep Pen",
        "IncidentTypeCategory": "WF",
        "UniqueFireIdentifier": "2026-COLSX-001553",
        "DailyAcres": 712,
        "CalculatedAcres": null,
        "PercentContained": 100,
        "ICS209ReportDateTime": 1786915501000,
        "FireDiscoveryDateTime": 1786544298000,
        "DiscoveryAcres": 1,
        "POOCounty": "Las Animas",
        "POOState": "US-CO",
        "FireCause": "Natural",
        "FireCauseGeneral": null,
        "GACC": "RMCC",
        "TotalIncidentPersonnel": 2,
        "IncidentManagementOrganization": "Type 3 IC",
        "FireMgmtComplexity": null,
        "ResidencesDestroyed": null,
        "OtherStructuresDestroyed": null,
        "Injuries": null,
        "Fatalities": null,
        "PredominantFuelGroup": null,
        "PredominantFuelModel": null,
        "PrimaryFuelModel": "Short Grass (1 foot)",
        "ContainmentDateTime": null,
        "ControlDateTime": null,
        "FinalAcres": null,
        "IsValid": 1,
        "FireOutDateTime": null,
        "ModifiedOnDateTime": 1786915501000,
        "IncidentTypeKind": "FI",
        "IrwinID": "3c6707ca-75c5-48c1-9330-0b69c6a40dae",
        "GlobalID": "d6b950ae-97ce-493f-a764-87e8f182221e",
        "ModifiedOnAge": 1,
        "FireDiscoveryAge": 5
      }
    },
    {
      "type": "Feature",
      "id": 468,
      "geometry": {
        "type": "Point",
        "coordinates": [
          -118.23906,
          33.92717
        ]
      },
      "properties": {
        "OBJECTID": 468,
        "IncidentName": "LAC-290743",
        "IncidentTypeCategory": "WF",
        "UniqueFireIdentifier": "2026-CALAC-290743",
        "DailyAcres": null,
        "CalculatedAcres": null,
        "PercentContained": null,
        "ICS209ReportDateTime": null,
        "FireDiscoveryDateTime": 1786916902000,
        "DiscoveryAcres": 0.01,
        "POOCounty": "Los Angeles",
        "POOState": "US-CA",
        "FireCause": "Undetermined",
        "FireCauseGeneral": null,
        "GACC": "OSCC",
        "TotalIncidentPersonnel": null,
        "IncidentManagementOrganization": null,
        "FireMgmtComplexity": null,
        "ResidencesDestroyed": null,
        "OtherStructuresDestroyed": null,
        "Injuries": null,
        "Fatalities": null,
        "PredominantFuelGroup": null,
        "PredominantFuelModel": null,
        "PrimaryFuelModel": null,
        "ContainmentDateTime": null,
        "ControlDateTime": null,
        "FinalAcres": null,
        "IsValid": 1,
        "FireOutDateTime": null,
        "ModifiedOnDateTime": 1786916921000,
        "IncidentTypeKind": "FI",
        "IrwinID": "95cd002f-966f-4ba5-aa5f-9d189750569b",
        "GlobalID": "037f765c-1f02-45ca-a61f-e747c588fa5f",
        "ModifiedOnAge": 1,
        "FireDiscoveryAge": 1
      }
    },
    {
      "type": "Feature",
      "id": 370,
      "geometry": {
        "type": "Point",
        "coordinates": [
          -118.16069,
          34.6748700000001
        ]
      },
      "properties": {
        "OBJECTID": 370,
        "IncidentName": "LAC-288635",
        "IncidentTypeCategory": "WF",
        "UniqueFireIdentifier": "2026-CALAC-288635",
        "DailyAcres": null,
        "CalculatedAcres": null,
        "PercentContained": null,
        "ICS209ReportDateTime": null,
        "FireDiscoveryDateTime": 1786769077000,
        "DiscoveryAcres": 0.01,
        "POOCounty": "Los Angeles",
        "POOState": "US-CA",
        "FireCause": "Undetermined",
        "FireCauseGeneral": null,
        "GACC": "OSCC",
        "TotalIncidentPersonnel": null,
        "IncidentManagementOrganization": null,
        "FireMgmtComplexity": null,
        "ResidencesDestroyed": null,
        "OtherStructuresDestroyed": null,
        "Injuries": null,
        "Fatalities": null,
        "PredominantFuelGroup": null,
        "PredominantFuelModel": null,
        "PrimaryFuelModel": null,
        "ContainmentDateTime": null,
        "ControlDateTime": null,
        "FinalAcres": null,
        "IsValid": 1,
        "FireOutDateTime": null,
        "ModifiedOnDateTime": 1786769101000,
        "IncidentTypeKind": "FI",
        "IrwinID": "93468fa6-2c6f-42b0-84cf-e1055321db65",
        "GlobalID": "630ae207-d693-4603-a4b4-2605f0096a74",
        "ModifiedOnAge": 2,
        "FireDiscoveryAge": 2
      }
    },
    {
      "type": "Feature",
      "id": 173,
      "geometry": {
        "type": "Point",
        "coordinates": [
          -107.770833,
          45.3733330000001
        ]
      },
      "properties": {
        "OBJECTID": 173,
        "IncidentName": "Big Horn Canal",
        "IncidentTypeCategory": "WF",
        "UniqueFireIdentifier": "2026-MTLG22-260915",
        "DailyAcres": 3,
        "CalculatedAcres": null,
        "PercentContained": null,
        "ICS209ReportDateTime": null,
        "FireDiscoveryDateTime": 1785281311000,
        "DiscoveryAcres": 3,
        "POOCounty": "Big Horn",
        "POOState": "US-MT",
        "FireCause": "Human",
        "FireCauseGeneral": null,
        "GACC": "NRCC",
        "TotalIncidentPersonnel": null,
        "IncidentManagementOrganization": null,
        "FireMgmtComplexity": null,
        "ResidencesDestroyed": null,
        "OtherStructuresDestroyed": null,
        "Injuries": null,
        "Fatalities": null,
        "PredominantFuelGroup": null,
        "PredominantFuelModel": null,
        "PrimaryFuelModel": null,
        "ContainmentDateTime": null,
        "ControlDateTime": null,
        "FinalAcres": null,
        "IsValid": 1,
        "FireOutDateTime": null,
        "ModifiedOnDateTime": 1786998296000,
        "IncidentTypeKind": "FI",
        "IrwinID": "3caddc81-2042-4e39-a173-e33f94714c72",
        "GlobalID": "c07302b5-2bfc-4a17-ad77-9f842e7833bf",
        "ModifiedOnAge": 0,
        "FireDiscoveryAge": 20
      }
    },
    {
      "type": "Feature",
      "id": 273,
      "geometry": {
        "type": "Point",
        "coordinates": [
          -114.641344,
          32.7637530000001
        ]
      },
      "properties": {
        "OBJECTID": 273,
        "IncidentName": "Foster",
        "IncidentTypeCategory": "WF",
        "UniqueFireIdentifier": "2026-AZCRD-000895",
        "DailyAcres": 252,
        "CalculatedAcres": null,
        "PercentContained": 100,
        "ICS209ReportDateTime": 1786838651000,
        "FireDiscoveryDateTime": 1786281828000,
        "DiscoveryAcres": 3,
        "POOCounty": "Imperial",
        "POOState": "US-CA",
        "FireCause": "Human",
        "FireCauseGeneral": null,
        "GACC": "SWCC",
        "TotalIncidentPersonnel": 7,
        "IncidentManagementOrganization": "Type 4 IC",
        "FireMgmtComplexity": null,
        "ResidencesDestroyed": null,
        "OtherStructuresDestroyed": null,
        "Injuries": null,
        "Fatalities": null,
        "PredominantFuelGroup": null,
        "PredominantFuelModel": null,
        "PrimaryFuelModel": "Brush (2 feet)",
        "ContainmentDateTime": 1786835160000,
        "ControlDateTime": null,
        "FinalAcres": null,
        "IsValid": 1,
        "FireOutDateTime": null,
        "ModifiedOnDateTime": 1786986217000,
        "IncidentTypeKind": "FI",
        "IrwinID": "e5d1e6c8-bf1c-4f85-b31f-576389b9101d",
        "GlobalID": "db2981a3-1b68-4552-a7c9-f35fad7e063c",
        "ModifiedOnAge": 0,
        "FireDiscoveryAge": 8
      }
    },
    {
      "type": "Feature",
      "id": 107,
      "geometry": {
        "type": "Point",
        "coordinates": [
          -115.1353,
          46.0956330000001
        ]
      },
      "properties": {
        "OBJECTID": 107,
        "IncidentName": "Cascade",
        "IncidentTypeCategory": "WF",
        "UniqueFireIdentifier": "2026-IDNCF-000283",
        "DailyAcres": 3900,
        "CalculatedAcres": 460.5,
        "PercentContained": 50,
        "ICS209ReportDateTime": 1786026629000,
        "FireDiscoveryDateTime": 1784303160000,
        "DiscoveryAcres": 0.1,
        "POOCounty": "Idaho",
        "POOState": "US-ID",
        "FireCause": "Natural",
        "FireCauseGeneral": null,
        "GACC": "NRCC",
        "TotalIncidentPersonnel": null,
        "IncidentManagementOrganization": "Type 4 IC",
        "FireMgmtComplexity": null,
        "ResidencesDestroyed": null,
        "OtherStructuresDestroyed": null,
        "Injuries": null,
        "Fatalities": null,
        "PredominantFuelGroup": null,
        "PredominantFuelModel": null,
        "PrimaryFuelModel": "Timber (Litter and Understory)",
        "ContainmentDateTime": null,
        "ControlDateTime": null,
        "FinalAcres": null,
        "IsValid": 1,
        "FireOutDateTime": null,
        "ModifiedOnDateTime": 1786642020000,
        "IncidentTypeKind": "FI",
        "IrwinID": "61492789-ae0f-4274-8388-f0c89238ec3c",
        "GlobalID": "71a204de-c8de-4d70-b75d-cb4fb833a583",
        "ModifiedOnAge": 4,
        "FireDiscoveryAge": 31
      }
    },
    {
      "type": "Feature",
      "id": 250,
      "geometry": {
        "type": "Point",
        "coordinates": [
          -121.443917,
          48.3069170000001
        ]
      },
      "properties": {
        "OBJECTID": 250,
        "IncidentName": "PRAIRIE MOUNTAIN",
        "IncidentTypeCategory": "WF",
        "UniqueFireIdentifier": "2026-WANWS-000125",
        "DailyAcres": 142,
        "CalculatedAcres": null,
        "PercentContained": 90,
        "ICS209ReportDateTime": 1786740272000,
        "FireDiscoveryDateTime": 1786113720000,
        "DiscoveryAcres": 30,
        "POOCounty": "Skagit",
        "POOState": "US-WA",
        "FireCause": "Undetermined",
        "FireCauseGeneral": null,
        "GACC": "NWCC",
        "TotalIncidentPersonnel": 118,
        "IncidentManagementOrganization": "Type 3 IC",
        "FireMgmtComplexity": null,
        "ResidencesDestroyed": 0,
        "OtherStructuresDestroyed": 0,
        "Injuries": null,
        "Fatalities": null,
        "PredominantFuelGroup": null,
        "PredominantFuelModel": null,
        "PrimaryFuelModel": "Heavy Logging Slash",
        "ContainmentDateTime": null,
        "ControlDateTime": null,
        "FinalAcres": null,
        "IsValid": 1,
        "FireOutDateTime": null,
        "ModifiedOnDateTime": 1786740272000,
        "IncidentTypeKind": "FI",
        "IrwinID": "318a20ca-3335-4f7b-a6ff-fee177bcaafa",
        "GlobalID": "be60c023-a0cb-46be-a292-66f0b88ce5fd",
        "ModifiedOnAge": 3,
        "FireDiscoveryAge": 10
      }
    },
    {
      "type": "Feature",
      "id": 156,
      "geometry": {
        "type": "Point",
        "coordinates": [
          -117.486992,
          39.698784
        ]
      },
      "properties": {
        "OBJECTID": 156,
        "IncidentName": "New Pass",
        "IncidentTypeCategory": "WF",
        "UniqueFireIdentifier": "2026-NVCCD-030614",
        "DailyAcres": 37899,
        "CalculatedAcres": 16632.25414911,
        "PercentContained": 100,
        "ICS209ReportDateTime": 1786666520000,
        "FireDiscoveryDateTime": 1785079252000,
        "DiscoveryAcres": 0.1,
        "POOCounty": "Churchill",
        "POOState": "US-NV",
        "FireCause": "Natural",
        "FireCauseGeneral": null,
        "GACC": "GBCC",
        "TotalIncidentPersonnel": 114,
        "IncidentManagementOrganization": "Type 3 Team",
        "FireMgmtComplexity": null,
        "ResidencesDestroyed": 0,
        "OtherStructuresDestroyed": 26,
        "Injuries": 1,
        "Fatalities": null,
        "PredominantFuelGroup": null,
        "PredominantFuelModel": null,
        "PrimaryFuelModel": "Tall Grass (2.5 feet)",
        "ContainmentDateTime": null,
        "ControlDateTime": null,
        "FinalAcres": null,
        "IsValid": 1,
        "FireOutDateTime": null,
        "ModifiedOnDateTime": 1786666520000,
        "IncidentTypeKind": "FI",
        "IrwinID": "2f99b774-3e9b-4c4b-bed5-b40ad9f94602",
        "GlobalID": "a013c701-58cb-4a98-bbeb-4836b05f35b0",
        "ModifiedOnAge": 4,
        "FireDiscoveryAge": 22
      }
    },
    {
      "type": "Feature",
      "id": 130,
      "geometry": {
        "type": "Point",
        "coordinates": [
          -120.173574,
          41.5227160000001
        ]
      },
      "properties": {
        "OBJECTID": 130,
        "IncidentName": "CDV #4",
        "IncidentTypeCategory": "WF",
        "UniqueFireIdentifier": "2026-CANOD-004481",
        "DailyAcres": 0.01,
        "CalculatedAcres": null,
        "PercentContained": null,
        "ICS209ReportDateTime": null,
        "FireDiscoveryDateTime": 1784416487000,
        "DiscoveryAcres": 0.01,
        "POOCounty": "Modoc",
        "POOState": "US-CA",
        "FireCause": "Undetermined",
        "FireCauseGeneral": null,
        "GACC": "ONCC",
        "TotalIncidentPersonnel": null,
        "IncidentManagementOrganization": null,
        "FireMgmtComplexity": null,
        "ResidencesDestroyed": null,
        "OtherStructuresDestroyed": null,
        "Injuries": null,
        "Fatalities": null,
        "PredominantFuelGroup": null,
        "PredominantFuelModel": null,
        "PrimaryFuelModel": null,
        "ContainmentDateTime": null,
        "ControlDateTime": null,
        "FinalAcres": 0.01,
        "IsValid": 1,
        "FireOutDateTime": null,
        "ModifiedOnDateTime": 1787012021000,
        "IncidentTypeKind": "FI",
        "IrwinID": "1bb3f7f2-38b4-4194-a291-2eb708a00ef2",
        "GlobalID": "fc6ddbd5-13bb-4169-a46c-11c681fa57e0",
        "ModifiedOnAge": 0,
        "FireDiscoveryAge": 30
      }
    },
    {
      "type": "Feature",
      "id": 462,
      "geometry": {
        "type": "Point",
        "coordinates": [
          -123.59918333,
          42.1216833300001
        ]
      },
      "properties": {
        "OBJECTID": 462,
        "IncidentName": "Holland Loop Rd. 3833",
        "IncidentTypeCategory": "WF",
        "UniqueFireIdentifier": "2026-OR712S-032327",
        "DailyAcres": null,
        "CalculatedAcres": null,
        "PercentContained": null,
        "ICS209ReportDateTime": null,
        "FireDiscoveryDateTime": 1786909680000,
        "DiscoveryAcres": 0.25,
        "POOCounty": "Josephine",
        "POOState": "US-OR",
        "FireCause": "Undetermined",
        "FireCauseGeneral": "Undetermined (remarks required)",
        "GACC": "NWCC",
        "TotalIncidentPersonnel": null,
        "IncidentManagementOrganization": null,
        "FireMgmtComplexity": null,
        "ResidencesDestroyed": null,
        "OtherStructuresDestroyed": null,
        "Injuries": null,
        "Fatalities": null,
        "PredominantFuelGroup": null,
        "PredominantFuelModel": null,
        "PrimaryFuelModel": null,
        "ContainmentDateTime": null,
        "ControlDateTime": null,
        "FinalAcres": null,
        "IsValid": 1,
        "FireOutDateTime": null,
        "ModifiedOnDateTime": 1786920287000,
        "IncidentTypeKind": "FI",
        "IrwinID": "bae0cc5d-fe59-462e-8033-541f191e4fac",
        "GlobalID": "365e65b9-e600-4569-a3a9-dea609f95593",
        "ModifiedOnAge": 1,
        "FireDiscoveryAge": 1
      }
    },
    {
      "type": "Feature",
      "id": 81,
      "geometry": {
        "type": "Point",
        "coordinates": [
          -120.405117,
          45.5621830000001
        ]
      },
      "properties": {
        "OBJECTID": 81,
        "IncidentName": "0476 HOAG",
        "IncidentTypeCategory": "WF",
        "UniqueFireIdentifier": "2026-ORPRD-000476",
        "DailyAcres": 50224,
        "CalculatedAcres": null,
        "PercentContained": 100,
        "ICS209ReportDateTime": 1786648616000,
        "FireDiscoveryDateTime": 1784221200000,
        "DiscoveryAcres": 50,
        "POOCounty": "Gilliam",
        "POOState": "US-OR",
        "FireCause": "Natural",
        "FireCauseGeneral": null,
        "GACC": "NWCC",
        "TotalIncidentPersonnel": 24,
        "IncidentManagementOrganization": "Type 3 IC",
        "FireMgmtComplexity": null,
        "ResidencesDestroyed": 1,
        "OtherStructuresDestroyed": 1,
        "Injuries": null,
        "Fatalities": null,
        "PredominantFuelGroup": null,
        "PredominantFuelModel": null,
        "PrimaryFuelModel": "Short Grass (1 foot)",
        "ContainmentDateTime": null,
        "ControlDateTime": null,
        "FinalAcres": null,
        "IsValid": 1,
        "FireOutDateTime": null,
        "ModifiedOnDateTime": 1787000342000,
        "IncidentTypeKind": "FI",
        "IrwinID": "0bac8699-01a7-4d17-a418-4acb6c324e43",
        "GlobalID": "30b30aa2-e988-4c2e-8513-678857b0ba2e",
        "ModifiedOnAge": 0,
        "FireDiscoveryAge": 32
      }
    },
    {
      "type": "Feature",
      "id": 413,
      "geometry": {
        "type": "Point",
        "coordinates": [
          -121.14006,
          48.2011410000001
        ]
      },
      "properties": {
        "OBJECTID": 413,
        "IncidentName": "Grassy",
        "IncidentTypeCategory": "WF",
        "UniqueFireIdentifier": "2026-WAMSF-000448",
        "DailyAcres": 0.25,
        "CalculatedAcres": null,
        "PercentContained": null,
        "ICS209ReportDateTime": null,
        "FireDiscoveryDateTime": 1786838416000,
        "DiscoveryAcres": 0.25,
        "POOCounty": "Snohomish",
        "POOState": "US-WA",
        "FireCause": "Natural",
        "FireCauseGeneral": null,
        "GACC": "NWCC",
        "TotalIncidentPersonnel": null,
        "IncidentManagementOrganization": null,
        "FireMgmtComplexity": null,
        "ResidencesDestroyed": null,
        "OtherStructuresDestroyed": null,
        "Injuries": null,
        "Fatalities": null,
        "PredominantFuelGroup": null,
        "PredominantFuelModel": null,
        "PrimaryFuelModel": null,
        "ContainmentDateTime": null,
        "ControlDateTime": null,
        "FinalAcres": null,
        "IsValid": 1,
        "FireOutDateTime": null,
        "ModifiedOnDateTime": 1786910139000,
        "IncidentTypeKind": "FI",
        "IrwinID": "d3c0193d-7d66-4b5b-b514-3bd4baaa756e",
        "GlobalID": "95add231-93cd-48e8-a2a8-7100944b2542",
        "ModifiedOnAge": 1,
        "FireDiscoveryAge": 2
      }
    },
    {
      "type": "Feature",
      "id": 436,
      "geometry": {
        "type": "Point",
        "coordinates": [
          -117.92158,
          34.0154900000001
        ]
      },
      "properties": {
        "OBJECTID": 436,
        "IncidentName": "LAC-290202",
        "IncidentTypeCategory": "WF",
        "UniqueFireIdentifier": "2026-CALAC-290202",
        "DailyAcres": null,
        "CalculatedAcres": null,
        "PercentContained": null,
        "ICS209ReportDateTime": null,
        "FireDiscoveryDateTime": 1786876084000,
        "DiscoveryAcres": 0.01,
        "POOCounty": "Los Angeles",
        "POOState": "US-CA",
        "FireCause": "Undetermined",
        "FireCauseGeneral": null,
        "GACC": "OSCC",
        "TotalIncidentPersonnel": null,
        "IncidentManagementOrganization": null,
        "FireMgmtComplexity": null,
        "ResidencesDestroyed": null,
        "OtherStructuresDestroyed": null,
        "Injuries": null,
        "Fatalities": null,
        "PredominantFuelGroup": null,
        "PredominantFuelModel": null,
        "PrimaryFuelModel": null,
        "ContainmentDateTime": null,
        "ControlDateTime": null,
        "FinalAcres": null,
        "IsValid": 1,
        "FireOutDateTime": null,
        "ModifiedOnDateTime": 1786876112000,
        "IncidentTypeKind": "FI",
        "IrwinID": "0d548b06-3d78-4e1a-aa91-6cf5fbcdbc3e",
        "GlobalID": "6f1e59a3-2f4b-4c65-b9c2-bf0376ef7347",
        "ModifiedOnAge": 1,
        "FireDiscoveryAge": 1
      }
    },
    {
      "type": "Feature",
      "id": 64,
      "geometry": {
        "type": "Point",
        "coordinates": [
          -120.907094,
          44.5885680000001
        ]
      },
      "properties": {
        "OBJECTID": 64,
        "IncidentName": "0433 BREWER",
        "IncidentTypeCategory": "WF",
        "UniqueFireIdentifier": "2026-OR951S-000433",
        "DailyAcres": 70821,
        "CalculatedAcres": null,
        "PercentContained": 100,
        "ICS209ReportDateTime": 1787014598000,
        "FireDiscoveryDateTime": 1784158140000,
        "DiscoveryAcres": 0.1,
        "POOCounty": "Jefferson",
        "POOState": "US-OR",
        "FireCause": "Natural",
        "FireCauseGeneral": null,
        "GACC": "NWCC",
        "TotalIncidentPersonnel": 1111,
        "IncidentManagementOrganization": "Complex Incident Management Team",
        "FireMgmtComplexity": null,
        "ResidencesDestroyed": 4,
        "OtherStructuresDestroyed": 18,
        "Injuries": 1,
        "Fatalities": null,
        "PredominantFuelGroup": null,
        "PredominantFuelModel": null,
        "PrimaryFuelModel": "Short Grass (1 foot)",
        "ContainmentDateTime": null,
        "ControlDateTime": null,
        "FinalAcres": null,
        "IsValid": 1,
        "FireOutDateTime": null,
        "ModifiedOnDateTime": 1787014598000,
        "IncidentTypeKind": "FI",
        "IrwinID": "ccefd7d4-febd-496d-855e-ca0c9944bf0c",
        "GlobalID": "0000aa6b-ddf0-4c39-ba00-e142903beec1",
        "ModifiedOnAge": 0,
        "FireDiscoveryAge": 33
      }
    },
    {
      "type": "Feature",
      "id": 38,
      "geometry": {
        "type": "Point",
        "coordinates": [
          -121.2685,
          40.948833
        ]
      },
      "properties": {
        "OBJECTID": 38,
        "IncidentName": "3-1 PIT",
        "IncidentTypeCategory": "WF",
        "UniqueFireIdentifier": "2026-CALMU-004201",
        "DailyAcres": 1055,
        "CalculatedAcres": null,
        "PercentContained": 98,
        "ICS209ReportDateTime": 1786668988000,
        "FireDiscoveryDateTime": 1783456502000,
        "DiscoveryAcres": 0.01,
        "POOCounty": "Lassen",
        "POOState": "US-CA",
        "FireCause": "Undetermined",
        "FireCauseGeneral": null,
        "GACC": "ONCC",
        "TotalIncidentPersonnel": 1,
        "IncidentManagementOrganization": "Type 3 IC",
        "FireMgmtComplexity": null,
        "ResidencesDestroyed": 0,
        "OtherStructuresDestroyed": 0,
        "Injuries": null,
        "Fatalities": null,
        "PredominantFuelGroup": null,
        "PredominantFuelModel": null,
        "PrimaryFuelModel": "Timber (Grass and Understory)",
        "ContainmentDateTime": null,
        "ControlDateTime": null,
        "FinalAcres": null,
        "IsValid": 1,
        "FireOutDateTime": null,
        "ModifiedOnDateTime": 1786668988000,
        "IncidentTypeKind": "FI",
        "IrwinID": "69dd692f-9d85-4d69-91e9-ab82aeb5aeb5",
        "GlobalID": "0296bd17-5172-450f-95bb-3539f447de2c",
        "ModifiedOnAge": 4,
        "FireDiscoveryAge": 41
      }
    },
    {
      "type": "Feature",
      "id": 87,
      "geometry": {
        "type": "Point",
        "coordinates": [
          -121.027683,
          48.9982000000001
        ]
      },
      "properties": {
        "OBJECTID": 87,
        "IncidentName": "Border 2",
        "IncidentTypeCategory": "WF",
        "UniqueFireIdentifier": "2026-WANCP-000266",
        "DailyAcres": 7296.39,
        "CalculatedAcres": 10538.34,
        "PercentContained": 31,
        "ICS209ReportDateTime": 1787000227000,
        "FireDiscoveryDateTime": 1784250840000,
        "DiscoveryAcres": 0.1,
        "POOCounty": "Whatcom",
        "POOState": "US-WA",
        "FireCause": "Natural",
        "FireCauseGeneral": null,
        "GACC": "NWCC",
        "TotalIncidentPersonnel": 60,
        "IncidentManagementOrganization": "Type 3 IC",
        "FireMgmtComplexity": null,
        "ResidencesDestroyed": 0,
        "OtherStructuresDestroyed": 0,
        "Injuries": 2,
        "Fatalities": null,
        "PredominantFuelGroup": null,
        "PredominantFuelModel": null,
        "PrimaryFuelModel": "Timber (Litter and Understory)",
        "ContainmentDateTime": null,
        "ControlDateTime": null,
        "FinalAcres": null,
        "IsValid": 1,
        "FireOutDateTime": null,
        "ModifiedOnDateTime": 1787000227000,
        "IncidentTypeKind": "FI",
        "IrwinID": "a60ca689-bd59-4a2d-9bdc-cc551ceafca4",
        "GlobalID": "4026d343-5013-4e9f-ad84-e289f1183c3a",
        "ModifiedOnAge": 0,
        "FireDiscoveryAge": 32
      }
    },
    {
      "type": "Feature",
      "id": 101,
      "geometry": {
        "type": "Point",
        "coordinates": [
          -118.548791,
          46.6000030000001
        ]
      },
      "properties": {
        "OBJECTID": 101,
        "IncidentName": "DEVIL'S CANYON",
        "IncidentTypeCategory": "WF",
        "UniqueFireIdentifier": "2026-WAWFS-260454",
        "DailyAcres": 4766,
        "CalculatedAcres": null,
        "PercentContained": 100,
        "ICS209ReportDateTime": 1784681188000,
        "FireDiscoveryDateTime": 1784330933000,
        "DiscoveryAcres": 0.1,
        "POOCounty": "Franklin",
        "POOState": "US-WA",
        "FireCause": "Undetermined",
        "FireCauseGeneral": null,
        "GACC": "NWCC",
        "TotalIncidentPersonnel": null,
        "IncidentManagementOrganization": "Type 3 Team",
        "FireMgmtComplexity": null,
        "ResidencesDestroyed": null,
        "OtherStructuresDestroyed": null,
        "Injuries": null,
        "Fatalities": null,
        "PredominantFuelGroup": null,
        "PredominantFuelModel": null,
        "PrimaryFuelModel": "Tall Grass (2.5 feet)",
        "ContainmentDateTime": null,
        "ControlDateTime": null,
        "FinalAcres": null,
        "IsValid": 1,
        "FireOutDateTime": null,
        "ModifiedOnDateTime": 1786403347000,
        "IncidentTypeKind": "FI",
        "IrwinID": "23e897a7-535b-4a9d-a37e-7e33c07cadc9",
        "GlobalID": "140cd315-3679-4b93-99e1-71c029001a23",
        "ModifiedOnAge": 7,
        "FireDiscoveryAge": 31
      }
    },
    {
      "type": "Feature",
      "id": 256,
      "geometry": {
        "type": "Point",
        "coordinates": [
          -118.82999,
          34.7910800000001
        ]
      },
      "properties": {
        "OBJECTID": 256,
        "IncidentName": "RIDGE",
        "IncidentTypeCategory": "WF",
        "UniqueFireIdentifier": "2026-CALAC-278844",
        "DailyAcres": 1134,
        "CalculatedAcres": null,
        "PercentContained": 100,
        "ICS209ReportDateTime": 1786578837000,
        "FireDiscoveryDateTime": 1786138986000,
        "DiscoveryAcres": 0.01,
        "POOCounty": "Los Angeles",
        "POOState": "US-CA",
        "FireCause": "Undetermined",
        "FireCauseGeneral": null,
        "GACC": "OSCC",
        "TotalIncidentPersonnel": 6,
        "IncidentManagementOrganization": "Type 3 IC",
        "FireMgmtComplexity": null,
        "ResidencesDestroyed": null,
        "OtherStructuresDestroyed": null,
        "Injuries": 1,
        "Fatalities": null,
        "PredominantFuelGroup": null,
        "PredominantFuelModel": null,
        "PrimaryFuelModel": "Tall Grass (2.5 feet)",
        "ContainmentDateTime": null,
        "ControlDateTime": null,
        "FinalAcres": null,
        "IsValid": 1,
        "FireOutDateTime": null,
        "ModifiedOnDateTime": 1786578837000,
        "IncidentTypeKind": "FI",
        "IrwinID": "baf0d8b7-48fa-43f7-a249-349644693c63",
        "GlobalID": "345cf9ed-071f-4694-a774-42cc7ee2940e",
        "ModifiedOnAge": 5,
        "FireDiscoveryAge": 10
      }
    },
    {
      "type": "Feature",
      "id": 399,
      "geometry": {
        "type": "Point",
        "coordinates": [
          -117.67618,
          39.82989
        ]
      },
      "properties": {
        "OBJECTID": 399,
        "IncidentName": "Shoshone",
        "IncidentTypeCategory": "WF",
        "UniqueFireIdentifier": "2026-NVCCD-030721",
        "DailyAcres": 8000,
        "CalculatedAcres": null,
        "PercentContained": 0,
        "ICS209ReportDateTime": 1787007382000,
        "FireDiscoveryDateTime": 1786826980000,
        "DiscoveryAcres": 0.1,
        "POOCounty": "Churchill",
        "POOState": "US-NV",
        "FireCause": "Natural",
        "FireCauseGeneral": null,
        "GACC": "GBCC",
        "TotalIncidentPersonnel": 179,
        "IncidentManagementOrganization": "Type 3 IC",
        "FireMgmtComplexity": null,
        "ResidencesDestroyed": 0,
        "OtherStructuresDestroyed": 0,
        "Injuries": null,
        "Fatalities": null,
        "PredominantFuelGroup": null,
        "PredominantFuelModel": null,
        "PrimaryFuelModel": "Short Grass (1 foot)",
        "ContainmentDateTime": null,
        "ControlDateTime": null,
        "FinalAcres": null,
        "IsValid": 1,
        "FireOutDateTime": null,
        "ModifiedOnDateTime": 1787007382000,
        "IncidentTypeKind": "FI",
        "IrwinID": "977de644-6d44-44e1-93f6-b8d615edd5ae",
        "GlobalID": "89affaef-7360-4c4e-98bb-73d2bfa6f7e2",
        "ModifiedOnAge": 0,
        "FireDiscoveryAge": 2
      }
    },
    {
      "type": "Feature",
      "id": 44,
      "geometry": {
        "type": "Point",
        "coordinates": [
          -116.607783,
          48.9275000000001
        ]
      },
      "properties": {
        "OBJECTID": 44,
        "IncidentName": "Upper Smith",
        "IncidentTypeCategory": "WF",
        "UniqueFireIdentifier": "2026-IDIPF-000347",
        "DailyAcres": 3697,
        "CalculatedAcres": null,
        "PercentContained": 38,
        "ICS209ReportDateTime": 1787007595000,
        "FireDiscoveryDateTime": 1783524540000,
        "DiscoveryAcres": 1,
        "POOCounty": "Boundary",
        "POOState": "US-ID",
        "FireCause": "Natural",
        "FireCauseGeneral": null,
        "GACC": "NRCC",
        "TotalIncidentPersonnel": 146,
        "IncidentManagementOrganization": "Type 3 Team",
        "FireMgmtComplexity": null,
        "ResidencesDestroyed": null,
        "OtherStructuresDestroyed": null,
        "Injuries": 2,
        "Fatalities": null,
        "PredominantFuelGroup": null,
        "PredominantFuelModel": null,
        "PrimaryFuelModel": "Timber (Litter and Understory)",
        "ContainmentDateTime": null,
        "ControlDateTime": null,
        "FinalAcres": null,
        "IsValid": 1,
        "FireOutDateTime": null,
        "ModifiedOnDateTime": 1787007595000,
        "IncidentTypeKind": "FI",
        "IrwinID": "aa3df707-b3f6-41b8-a5ff-bf502a918ffc",
        "GlobalID": "77205b27-b8e3-4e5f-9413-7334c5f01de7",
        "ModifiedOnAge": 0,
        "FireDiscoveryAge": 40
      }
    },
    {
      "type": "Feature",
      "id": 193,
      "geometry": {
        "type": "Point",
        "coordinates": [
          -117.3577,
          47.750926
        ]
      },
      "properties": {
        "OBJECTID": 193,
        "IncidentName": "FAIRVIEW",
        "IncidentTypeCategory": "WF",
        "UniqueFireIdentifier": "2026-WANES-001852",
        "DailyAcres": 992,
        "CalculatedAcres": null,
        "PercentContained": 100,
        "ICS209ReportDateTime": 1786843273000,
        "FireDiscoveryDateTime": 1785618720000,
        "DiscoveryAcres": 5,
        "POOCounty": "Spokane",
        "POOState": "US-WA",
        "FireCause": "Human",
        "FireCauseGeneral": null,
        "GACC": "NWCC",
        "TotalIncidentPersonnel": 10,
        "IncidentManagementOrganization": "Type 5 IC",
        "FireMgmtComplexity": null,
        "ResidencesDestroyed": 31,
        "OtherStructuresDestroyed": 33,
        "Injuries": null,
        "Fatalities": null,
        "PredominantFuelGroup": null,
        "PredominantFuelModel": null,
        "PrimaryFuelModel": "Timber (Litter and Understory)",
        "ContainmentDateTime": null,
        "ControlDateTime": null,
        "FinalAcres": null,
        "IsValid": 1,
        "FireOutDateTime": null,
        "ModifiedOnDateTime": 1786843273000,
        "IncidentTypeKind": "FI",
        "IrwinID": "1c524fe5-7f69-4030-a197-9200ba919915",
        "GlobalID": "e73d8dff-36b7-46aa-aa68-66224490aed5",
        "ModifiedOnAge": 2,
        "FireDiscoveryAge": 16
      }
    },
    {
      "type": "Feature",
      "id": 293,
      "geometry": {
        "type": "Point",
        "coordinates": [
          -111.364867,
          33.4938670000001
        ]
      },
      "properties": {
        "OBJECTID": 293,
        "IncidentName": "Battleship",
        "IncidentTypeCategory": "WF",
        "UniqueFireIdentifier": "2026-AZTNF-001229",
        "DailyAcres": 55,
        "CalculatedAcres": null,
        "PercentContained": null,
        "ICS209ReportDateTime": null,
        "FireDiscoveryDateTime": 1786396647000,
        "DiscoveryAcres": 0.1,
        "POOCounty": "Maricopa",
        "POOState": "US-AZ",
        "FireCause": "Natural",
        "FireCauseGeneral": null,
        "GACC": "SWCC",
        "TotalIncidentPersonnel": null,
        "IncidentManagementOrganization": null,
        "FireMgmtComplexity": null,
        "ResidencesDestroyed": null,
        "OtherStructuresDestroyed": null,
        "Injuries": null,
        "Fatalities": null,
        "PredominantFuelGroup": null,
        "PredominantFuelModel": null,
        "PrimaryFuelModel": null,
        "ContainmentDateTime": null,
        "ControlDateTime": null,
        "FinalAcres": null,
        "IsValid": 1,
        "FireOutDateTime": null,
        "ModifiedOnDateTime": 1786469251000,
        "IncidentTypeKind": "FI",
        "IrwinID": "879506a3-57eb-4b30-8dae-aa84d8e05fb5",
        "GlobalID": "d1f18434-6cc6-4d67-96ce-fc632fa2edbc",
        "ModifiedOnAge": 6,
        "FireDiscoveryAge": 7
      }
    },
    {
      "type": "Feature",
      "id": 299,
      "geometry": {
        "type": "Point",
        "coordinates": [
          -104.30186,
          46.6342900000001
        ]
      },
      "properties": {
        "OBJECTID": 299,
        "IncidentName": "Ash",
        "IncidentTypeCategory": "WF",
        "UniqueFireIdentifier": "2026-MTLG39-000681",
        "DailyAcres": 25.5,
        "CalculatedAcres": null,
        "PercentContained": null,
        "ICS209ReportDateTime": null,
        "FireDiscoveryDateTime": 1786411380000,
        "DiscoveryAcres": 10,
        "POOCounty": "Fallon",
        "POOState": "US-MT",
        "FireCause": "Human",
        "FireCauseGeneral": null,
        "GACC": "NRCC",
        "TotalIncidentPersonnel": null,
        "IncidentManagementOrganization": null,
        "FireMgmtComplexity": null,
        "ResidencesDestroyed": null,
        "OtherStructuresDestroyed": null,
        "Injuries": null,
        "Fatalities": null,
        "PredominantFuelGroup": null,
        "PredominantFuelModel": null,
        "PrimaryFuelModel": null,
        "ContainmentDateTime": null,
        "ControlDateTime": null,
        "FinalAcres": null,
        "IsValid": 1,
        "FireOutDateTime": null,
        "ModifiedOnDateTime": 1786459692000,
        "IncidentTypeKind": "FI",
        "IrwinID": "bfd6fded-85e0-49ea-b493-a90765696f66",
        "GlobalID": "5fc3a4e5-1298-44c6-9fab-90a5a84ff5b8",
        "ModifiedOnAge": 6,
        "FireDiscoveryAge": 7
      }
    },
    {
      "type": "Feature",
      "id": 393,
      "geometry": {
        "type": "Point",
        "coordinates": [
          -118.7956,
          34.7546300000001
        ]
      },
      "properties": {
        "OBJECTID": 393,
        "IncidentName": "ROVER",
        "IncidentTypeCategory": "WF",
        "UniqueFireIdentifier": "2026-CALAC-289380",
        "DailyAcres": null,
        "CalculatedAcres": null,
        "PercentContained": null,
        "ICS209ReportDateTime": null,
        "FireDiscoveryDateTime": 1786827477000,
        "DiscoveryAcres": 0.01,
        "POOCounty": "Los Angeles",
        "POOState": "US-CA",
        "FireCause": "Undetermined",
        "FireCauseGeneral": null,
        "GACC": "OSCC",
        "TotalIncidentPersonnel": null,
        "IncidentManagementOrganization": null,
        "FireMgmtComplexity": null,
        "ResidencesDestroyed": null,
        "OtherStructuresDestroyed": null,
        "Injuries": null,
        "Fatalities": null,
        "PredominantFuelGroup": null,
        "PredominantFuelModel": null,
        "PrimaryFuelModel": null,
        "ContainmentDateTime": null,
        "ControlDateTime": null,
        "FinalAcres": null,
        "IsValid": 1,
        "FireOutDateTime": null,
        "ModifiedOnDateTime": 1786827667000,
        "IncidentTypeKind": "FI",
        "IrwinID": "17ccb34c-b02f-4ba4-89ed-b26214615af5",
        "GlobalID": "4edd7ffb-adab-4159-aa48-34229879506d",
        "ModifiedOnAge": 2,
        "FireDiscoveryAge": 2
      }
    },
    {
      "type": "Feature",
      "id": 150,
      "geometry": {
        "type": "Point",
        "coordinates": [
          -115.71,
          37.4123000000001
        ]
      },
      "properties": {
        "OBJECTID": 150,
        "IncidentName": "QUAIL SPRINGS",
        "IncidentTypeCategory": "WF",
        "UniqueFireIdentifier": "2026-NVSND-500738",
        "DailyAcres": 13619,
        "CalculatedAcres": null,
        "PercentContained": 95,
        "ICS209ReportDateTime": 1786998208000,
        "FireDiscoveryDateTime": 1784992920000,
        "DiscoveryAcres": 8,
        "POOCounty": "Lincoln",
        "POOState": "US-NV",
        "FireCause": "Undetermined",
        "FireCauseGeneral": null,
        "GACC": "GBCC",
        "TotalIncidentPersonnel": 14,
        "IncidentManagementOrganization": "Type 4 IC",
        "FireMgmtComplexity": null,
        "ResidencesDestroyed": null,
        "OtherStructuresDestroyed": null,
        "Injuries": null,
        "Fatalities": null,
        "PredominantFuelGroup": null,
        "PredominantFuelModel": null,
        "PrimaryFuelModel": "Timber (Grass and Understory)",
        "ContainmentDateTime": null,
        "ControlDateTime": null,
        "FinalAcres": null,
        "IsValid": 1,
        "FireOutDateTime": null,
        "ModifiedOnDateTime": 1786998208000,
        "IncidentTypeKind": "FI",
        "IrwinID": "2d6683d6-91a2-4c00-8771-015c41600c5c",
        "GlobalID": "16f4d582-ee50-4517-9dc0-f2fadf095fee",
        "ModifiedOnAge": 0,
        "FireDiscoveryAge": 23
      }
    },
    {
      "type": "Feature",
      "id": 542,
      "geometry": {
        "type": "Point",
        "coordinates": [
          -118.06414,
          34.0407500000001
        ]
      },
      "properties": {
        "OBJECTID": 542,
        "IncidentName": "BIKE",
        "IncidentTypeCategory": "WF",
        "UniqueFireIdentifier": "2026-CALAC-292257",
        "DailyAcres": null,
        "CalculatedAcres": null,
        "PercentContained": null,
        "ICS209ReportDateTime": null,
        "FireDiscoveryDateTime": 1787008570000,
        "DiscoveryAcres": 0.01,
        "POOCounty": "Los Angeles",
        "POOState": "US-CA",
        "FireCause": "Undetermined",
        "FireCauseGeneral": null,
        "GACC": "OSCC",
        "TotalIncidentPersonnel": null,
        "IncidentManagementOrganization": null,
        "FireMgmtComplexity": null,
        "ResidencesDestroyed": null,
        "OtherStructuresDestroyed": null,
        "Injuries": null,
        "Fatalities": null,
        "PredominantFuelGroup": null,
        "PredominantFuelModel": null,
        "PrimaryFuelModel": null,
        "ContainmentDateTime": null,
        "ControlDateTime": null,
        "FinalAcres": null,
        "IsValid": 1,
        "FireOutDateTime": null,
        "ModifiedOnDateTime": 1787009443000,
        "IncidentTypeKind": "FI",
        "IrwinID": "a6eea512-e1b8-465d-ae3b-19d4948961e1",
        "GlobalID": "d89af3f7-86cb-4a8c-a8a7-2c56e55b67b6",
        "ModifiedOnAge": 0,
        "FireDiscoveryAge": 0
      }
    },
    {
      "type": "Feature",
      "id": 50,
      "geometry": {
        "type": "Point",
        "coordinates": [
          -108.46296,
          46.3827600000001
        ]
      },
      "properties": {
        "OBJECTID": 50,
        "IncidentName": "Pleasant Grove 2",
        "IncidentTypeCategory": "WF",
        "UniqueFireIdentifier": "2026-MTLG23-260679",
        "DailyAcres": 10,
        "CalculatedAcres": null,
        "PercentContained": null,
        "ICS209ReportDateTime": null,
        "FireDiscoveryDateTime": 1783619820000,
        "DiscoveryAcres": 10,
        "POOCounty": "Musselshell",
        "POOState": "US-MT",
        "FireCause": "Undetermined",
        "FireCauseGeneral": null,
        "GACC": "NRCC",
        "TotalIncidentPersonnel": null,
        "IncidentManagementOrganization": null,
        "FireMgmtComplexity": null,
        "ResidencesDestroyed": null,
        "OtherStructuresDestroyed": null,
        "Injuries": null,
        "Fatalities": null,
        "PredominantFuelGroup": null,
        "PredominantFuelModel": null,
        "PrimaryFuelModel": null,
        "ContainmentDateTime": null,
        "ControlDateTime": null,
        "FinalAcres": null,
        "IsValid": 1,
        "FireOutDateTime": null,
        "ModifiedOnDateTime": 1787001437000,
        "IncidentTypeKind": "FI",
        "IrwinID": "5e8ddcd0-a550-4220-b925-4a1502b485f7",
        "GlobalID": "343c3f48-debe-472d-a37e-22564731c083",
        "ModifiedOnAge": 0,
        "FireDiscoveryAge": 39
      }
    },
    {
      "type": "Feature",
      "id": 24,
      "geometry": {
        "type": "Point",
        "coordinates": [
          -111.921,
          36.1216670000001
        ]
      },
      "properties": {
        "OBJECTID": 24,
        "IncidentName": "Cliff Spring",
        "IncidentTypeCategory": "WF",
        "UniqueFireIdentifier": "2026-AZGCP-000578",
        "DailyAcres": 170,
        "CalculatedAcres": null,
        "PercentContained": null,
        "ICS209ReportDateTime": null,
        "FireDiscoveryDateTime": 1782494400000,
        "DiscoveryAcres": 0.1,
        "POOCounty": "Coconino",
        "POOState": "US-AZ",
        "FireCause": "Natural",
        "FireCauseGeneral": null,
        "GACC": "SWCC",
        "TotalIncidentPersonnel": null,
        "IncidentManagementOrganization": null,
        "FireMgmtComplexity": null,
        "ResidencesDestroyed": null,
        "OtherStructuresDestroyed": null,
        "Injuries": null,
        "Fatalities": null,
        "PredominantFuelGroup": null,
        "PredominantFuelModel": null,
        "PrimaryFuelModel": null,
        "ContainmentDateTime": null,
        "ControlDateTime": null,
        "FinalAcres": null,
        "IsValid": 1,
        "FireOutDateTime": null,
        "ModifiedOnDateTime": 1786835552000,
        "IncidentTypeKind": "FI",
        "IrwinID": "8a73e623-6a18-47d2-b977-f95e30bacec8",
        "GlobalID": "75f4ca36-06aa-46ad-a9cb-3416350f1c18",
        "ModifiedOnAge": 2,
        "FireDiscoveryAge": 52
      }
    },
    {
      "type": "Feature",
      "id": 379,
      "geometry": {
        "type": "Point",
        "coordinates": [
          -117.978,
          34.1149300000001
        ]
      },
      "properties": {
        "OBJECTID": 379,
        "IncidentName": "LAC-288950",
        "IncidentTypeCategory": "WF",
        "UniqueFireIdentifier": "2026-CALAC-288950",
        "DailyAcres": null,
        "CalculatedAcres": null,
        "PercentContained": null,
        "ICS209ReportDateTime": null,
        "FireDiscoveryDateTime": 1786801136000,
        "DiscoveryAcres": 0.01,
        "POOCounty": "Los Angeles",
        "POOState": "US-CA",
        "FireCause": "Undetermined",
        "FireCauseGeneral": null,
        "GACC": "OSCC",
        "TotalIncidentPersonnel": null,
        "IncidentManagementOrganization": null,
        "FireMgmtComplexity": null,
        "ResidencesDestroyed": null,
        "OtherStructuresDestroyed": null,
        "Injuries": null,
        "Fatalities": null,
        "PredominantFuelGroup": null,
        "PredominantFuelModel": null,
        "PrimaryFuelModel": null,
        "ContainmentDateTime": null,
        "ControlDateTime": null,
        "FinalAcres": null,
        "IsValid": 1,
        "FireOutDateTime": null,
        "ModifiedOnDateTime": 1786801167000,
        "IncidentTypeKind": "FI",
        "IrwinID": "a5c29481-619b-4f22-b02e-5fa2fc9ec299",
        "GlobalID": "d630d171-c596-40fb-b54b-a10ed44c55d8",
        "ModifiedOnAge": 2,
        "FireDiscoveryAge": 2
      }
    },
    {
      "type": "Feature",
      "id": 239,
      "geometry": {
        "type": "Point",
        "coordinates": [
          -107.983983,
          39.4444500000001
        ]
      },
      "properties": {
        "OBJECTID": 239,
        "IncidentName": "310",
        "IncidentTypeCategory": "WF",
        "UniqueFireIdentifier": "2026-COGFX-260411",
        "DailyAcres": 603,
        "CalculatedAcres": null,
        "PercentContained": 96,
        "ICS209ReportDateTime": 1787009767000,
        "FireDiscoveryDateTime": 1786041725000,
        "DiscoveryAcres": 0.1,
        "POOCounty": "Garfield",
        "POOState": "US-CO",
        "FireCause": "Human",
        "FireCauseGeneral": null,
        "GACC": "RMCC",
        "TotalIncidentPersonnel": 23,
        "IncidentManagementOrganization": "Type 4 IC",
        "FireMgmtComplexity": null,
        "ResidencesDestroyed": 2,
        "OtherStructuresDestroyed": 5,
        "Injuries": null,
        "Fatalities": null,
        "PredominantFuelGroup": null,
        "PredominantFuelModel": null,
        "PrimaryFuelModel": "Brush (2 feet)",
        "ContainmentDateTime": null,
        "ControlDateTime": null,
        "FinalAcres": null,
        "IsValid": 1,
        "FireOutDateTime": null,
        "ModifiedOnDateTime": 1787009768000,
        "IncidentTypeKind": "FI",
        "IrwinID": "d345ffb1-cb91-48bf-b6d5-7f7c4f562570",
        "GlobalID": "1ffefe44-ca83-4563-aa39-3ea66e016391",
        "ModifiedOnAge": 0,
        "FireDiscoveryAge": 11
      }
    },
    {
      "type": "Feature",
      "id": 141,
      "geometry": {
        "type": "Point",
        "coordinates": [
          -113.859033,
          44.3252170000001
        ]
      },
      "properties": {
        "OBJECTID": 141,
        "IncidentName": "Doublesprings",
        "IncidentTypeCategory": "WF",
        "UniqueFireIdentifier": "2026-IDSCF-260103",
        "DailyAcres": 1779,
        "CalculatedAcres": 1879.35264757,
        "PercentContained": 18,
        "ICS209ReportDateTime": 1787003911000,
        "FireDiscoveryDateTime": 1784934755000,
        "DiscoveryAcres": 0.25,
        "POOCounty": "Custer",
        "POOState": "US-ID",
        "FireCause": "Natural",
        "FireCauseGeneral": null,
        "GACC": "GBCC",
        "TotalIncidentPersonnel": 36,
        "IncidentManagementOrganization": "Type 4 IC",
        "FireMgmtComplexity": null,
        "ResidencesDestroyed": 0,
        "OtherStructuresDestroyed": 0,
        "Injuries": null,
        "Fatalities": null,
        "PredominantFuelGroup": null,
        "PredominantFuelModel": null,
        "PrimaryFuelModel": "Timber (Litter and Understory)",
        "ContainmentDateTime": null,
        "ControlDateTime": null,
        "FinalAcres": null,
        "IsValid": 1,
        "FireOutDateTime": null,
        "ModifiedOnDateTime": 1787003911000,
        "IncidentTypeKind": "FI",
        "IrwinID": "960c064b-1764-4834-bd28-90fb69a4ab4a",
        "GlobalID": "2f7540c8-269a-482e-b5a7-45118366569b",
        "ModifiedOnAge": 0,
        "FireDiscoveryAge": 24
      }
    },
    {
      "type": "Feature",
      "id": 70,
      "geometry": {
        "type": "Point",
        "coordinates": [
          -121.261333,
          47.414
        ]
      },
      "properties": {
        "OBJECTID": 70,
        "IncidentName": "THREE QUEENS",
        "IncidentTypeCategory": "WF",
        "UniqueFireIdentifier": "2026-WAOWF-260420",
        "DailyAcres": 3636,
        "CalculatedAcres": null,
        "PercentContained": 2,
        "ICS209ReportDateTime": 1787012559000,
        "FireDiscoveryDateTime": 1784176080000,
        "DiscoveryAcres": 1,
        "POOCounty": "Kittitas",
        "POOState": "US-WA",
        "FireCause": "Natural",
        "FireCauseGeneral": null,
        "GACC": "NWCC",
        "TotalIncidentPersonnel": 716,
        "IncidentManagementOrganization": "Complex Incident Management Team",
        "FireMgmtComplexity": null,
        "ResidencesDestroyed": null,
        "OtherStructuresDestroyed": null,
        "Injuries": 4,
        "Fatalities": null,
        "PredominantFuelGroup": null,
        "PredominantFuelModel": null,
        "PrimaryFuelModel": "Timber (Litter and Understory)",
        "ContainmentDateTime": null,
        "ControlDateTime": null,
        "FinalAcres": null,
        "IsValid": 1,
        "FireOutDateTime": null,
        "ModifiedOnDateTime": 1787012559000,
        "IncidentTypeKind": "FI",
        "IrwinID": "dfa477f2-305c-49ca-b82e-2af072ab55f8",
        "GlobalID": "e7907e23-2b7f-402f-aa33-0a0ba115729b",
        "ModifiedOnAge": 0,
        "FireDiscoveryAge": 32
      }
    },
    {
      "type": "Feature",
      "id": 425,
      "geometry": {
        "type": "Point",
        "coordinates": [
          -117.279,
          33.8281670000001
        ]
      },
      "properties": {
        "OBJECTID": 425,
        "IncidentName": "MTZ/RRU/PALM",
        "IncidentTypeCategory": "WF",
        "UniqueFireIdentifier": "2026-CACDD-010794",
        "DailyAcres": 0.1,
        "CalculatedAcres": null,
        "PercentContained": null,
        "ICS209ReportDateTime": null,
        "FireDiscoveryDateTime": 1786841886000,
        "DiscoveryAcres": 0.1,
        "POOCounty": "Riverside",
        "POOState": "US-CA",
        "FireCause": "Undetermined",
        "FireCauseGeneral": null,
        "GACC": "OSCC",
        "TotalIncidentPersonnel": null,
        "IncidentManagementOrganization": null,
        "FireMgmtComplexity": null,
        "ResidencesDestroyed": null,
        "OtherStructuresDestroyed": null,
        "Injuries": null,
        "Fatalities": null,
        "PredominantFuelGroup": null,
        "PredominantFuelModel": null,
        "PrimaryFuelModel": null,
        "ContainmentDateTime": null,
        "ControlDateTime": null,
        "FinalAcres": null,
        "IsValid": 1,
        "FireOutDateTime": null,
        "ModifiedOnDateTime": 1786846372000,
        "IncidentTypeKind": "FI",
        "IrwinID": "967c17a2-e405-4e47-965c-738fbffd9bd8",
        "GlobalID": "626fb135-e046-4557-a444-d27405f4cd2e",
        "ModifiedOnAge": 2,
        "FireDiscoveryAge": 2
      }
    },
    {
      "type": "Feature",
      "id": 548,
      "geometry": {
        "type": "Point",
        "coordinates": [
          -118.3316667,
          35.1900000000001
        ]
      },
      "properties": {
        "OBJECTID": 548,
        "IncidentName": "ROUNDUP",
        "IncidentTypeCategory": "WF",
        "UniqueFireIdentifier": "2026-CAKRN-034820",
        "DailyAcres": null,
        "CalculatedAcres": null,
        "PercentContained": null,
        "ICS209ReportDateTime": null,
        "FireDiscoveryDateTime": 1787009700000,
        "DiscoveryAcres": null,
        "POOCounty": "Kern",
        "POOState": "US-CA",
        "FireCause": null,
        "FireCauseGeneral": null,
        "GACC": "OSCC",
        "TotalIncidentPersonnel": null,
        "IncidentManagementOrganization": null,
        "FireMgmtComplexity": null,
        "ResidencesDestroyed": null,
        "OtherStructuresDestroyed": null,
        "Injuries": null,
        "Fatalities": null,
        "PredominantFuelGroup": null,
        "PredominantFuelModel": null,
        "PrimaryFuelModel": null,
        "ContainmentDateTime": null,
        "ControlDateTime": null,
        "FinalAcres": null,
        "IsValid": 1,
        "FireOutDateTime": null,
        "ModifiedOnDateTime": 1787011217000,
        "IncidentTypeKind": "FI",
        "IrwinID": "03e481d3-87ab-48a0-80cc-78ffacc93e42",
        "GlobalID": "579c1339-5dce-4d39-ba7e-d78a60053959",
        "ModifiedOnAge": 0,
        "FireDiscoveryAge": 0
      }
    },
    {
      "type": "Feature",
      "id": 93,
      "geometry": {
        "type": "Point",
        "coordinates": [
          -120.297013,
          44.829331
        ]
      },
      "properties": {
        "OBJECTID": 93,
        "IncidentName": "0502",
        "IncidentTypeCategory": "WF",
        "UniqueFireIdentifier": "2026-ORPRD-000502",
        "DailyAcres": 1816,
        "CalculatedAcres": null,
        "PercentContained": 100,
        "ICS209ReportDateTime": 1787014582000,
        "FireDiscoveryDateTime": 1784249901000,
        "DiscoveryAcres": 0.1,
        "POOCounty": "Wheeler",
        "POOState": "US-OR",
        "FireCause": "Natural",
        "FireCauseGeneral": null,
        "GACC": "NWCC",
        "TotalIncidentPersonnel": null,
        "IncidentManagementOrganization": null,
        "FireMgmtComplexity": null,
        "ResidencesDestroyed": 0,
        "OtherStructuresDestroyed": 0,
        "Injuries": 0,
        "Fatalities": 0,
        "PredominantFuelGroup": null,
        "PredominantFuelModel": null,
        "PrimaryFuelModel": null,
        "ContainmentDateTime": null,
        "ControlDateTime": null,
        "FinalAcres": null,
        "IsValid": 1,
        "FireOutDateTime": null,
        "ModifiedOnDateTime": 1787014581000,
        "IncidentTypeKind": "FI",
        "IrwinID": "a430cf58-32e0-4019-8252-9b283afd65e9",
        "GlobalID": "4684b90e-9a21-4407-a70b-64d91ba2083e",
        "ModifiedOnAge": 0,
        "FireDiscoveryAge": 32
      }
    },
    {
      "type": "Feature",
      "id": 187,
      "geometry": {
        "type": "Point",
        "coordinates": [
          -113.203883,
          45.6368170000001
        ]
      },
      "properties": {
        "OBJECTID": 187,
        "IncidentName": "Bobcat Lakes",
        "IncidentTypeCategory": "WF",
        "UniqueFireIdentifier": "2026-MTBDF-266313",
        "DailyAcres": 9791,
        "CalculatedAcres": 18.67,
        "PercentContained": 10,
        "ICS209ReportDateTime": 1787005736000,
        "FireDiscoveryDateTime": 1785530340000,
        "DiscoveryAcres": 6,
        "POOCounty": "Beaverhead",
        "POOState": "US-MT",
        "FireCause": "Undetermined",
        "FireCauseGeneral": null,
        "GACC": "NRCC",
        "TotalIncidentPersonnel": 279,
        "IncidentManagementOrganization": "Complex Incident Management Team",
        "FireMgmtComplexity": null,
        "ResidencesDestroyed": null,
        "OtherStructuresDestroyed": null,
        "Injuries": 1,
        "Fatalities": null,
        "PredominantFuelGroup": null,
        "PredominantFuelModel": null,
        "PrimaryFuelModel": "Timber (Grass and Understory)",
        "ContainmentDateTime": null,
        "ControlDateTime": null,
        "FinalAcres": null,
        "IsValid": 1,
        "FireOutDateTime": null,
        "ModifiedOnDateTime": 1787005736000,
        "IncidentTypeKind": "FI",
        "IrwinID": "801a448c-b5b4-4dcc-bae2-cef8fedbb2a6",
        "GlobalID": "d795faba-85ed-4212-9ae1-cac17501ca73",
        "ModifiedOnAge": 0,
        "FireDiscoveryAge": 17
      }
    },
    {
      "type": "Feature",
      "id": 164,
      "geometry": {
        "type": "Point",
        "coordinates": [
          -106.575333,
          45.164
        ]
      },
      "properties": {
        "OBJECTID": 164,
        "IncidentName": "Park",
        "IncidentTypeCategory": "WF",
        "UniqueFireIdentifier": "2026-MTLG22-000566",
        "DailyAcres": 10,
        "CalculatedAcres": null,
        "PercentContained": null,
        "ICS209ReportDateTime": null,
        "FireDiscoveryDateTime": 1785110463000,
        "DiscoveryAcres": 10,
        "POOCounty": "Big Horn",
        "POOState": "US-MT",
        "FireCause": "Natural",
        "FireCauseGeneral": null,
        "GACC": "NRCC",
        "TotalIncidentPersonnel": null,
        "IncidentManagementOrganization": null,
        "FireMgmtComplexity": null,
        "ResidencesDestroyed": null,
        "OtherStructuresDestroyed": null,
        "Injuries": null,
        "Fatalities": null,
        "PredominantFuelGroup": null,
        "PredominantFuelModel": null,
        "PrimaryFuelModel": null,
        "ContainmentDateTime": null,
        "ControlDateTime": null,
        "FinalAcres": null,
        "IsValid": 1,
        "FireOutDateTime": null,
        "ModifiedOnDateTime": 1786998686000,
        "IncidentTypeKind": "FI",
        "IrwinID": "96c64423-59ed-4c78-b205-18bb5f4d0f34",
        "GlobalID": "f4cbb876-227b-4616-a070-c63134b476b7",
        "ModifiedOnAge": 0,
        "FireDiscoveryAge": 22
      }
    },
    {
      "type": "Feature",
      "id": 479,
      "geometry": {
        "type": "Point",
        "coordinates": [
          -117.824,
          34.1175400000001
        ]
      },
      "properties": {
        "OBJECTID": 479,
        "IncidentName": "LAC-290963",
        "IncidentTypeCategory": "WF",
        "UniqueFireIdentifier": "2026-CALAC-290963",
        "DailyAcres": null,
        "CalculatedAcres": null,
        "PercentContained": null,
        "ICS209ReportDateTime": null,
        "FireDiscoveryDateTime": 1786926667000,
        "DiscoveryAcres": 0.01,
        "POOCounty": "Los Angeles",
        "POOState": "US-CA",
        "FireCause": "Undetermined",
        "FireCauseGeneral": null,
        "GACC": "OSCC",
        "TotalIncidentPersonnel": null,
        "IncidentManagementOrganization": null,
        "FireMgmtComplexity": null,
        "ResidencesDestroyed": null,
        "OtherStructuresDestroyed": null,
        "Injuries": null,
        "Fatalities": null,
        "PredominantFuelGroup": null,
        "PredominantFuelModel": null,
        "PrimaryFuelModel": null,
        "ContainmentDateTime": null,
        "ControlDateTime": null,
        "FinalAcres": null,
        "IsValid": 1,
        "FireOutDateTime": null,
        "ModifiedOnDateTime": 1786926686000,
        "IncidentTypeKind": "FI",
        "IrwinID": "3eb10f1c-2e75-4fef-8be2-bd50b93c8beb",
        "GlobalID": "d1805339-4627-46af-8a79-6aa96dba4a7b",
        "ModifiedOnAge": 1,
        "FireDiscoveryAge": 1
      }
    },
    {
      "type": "Feature",
      "id": 310,
      "geometry": {
        "type": "Point",
        "coordinates": [
          -104.421389,
          37.0819440000001
        ]
      },
      "properties": {
        "OBJECTID": 310,
        "IncidentName": "Post",
        "IncidentTypeCategory": "WF",
        "UniqueFireIdentifier": "2026-COLSX-001549",
        "DailyAcres": 4343,
        "CalculatedAcres": null,
        "PercentContained": 65,
        "ICS209ReportDateTime": 1787001263000,
        "FireDiscoveryDateTime": 1786496100000,
        "DiscoveryAcres": 1000,
        "POOCounty": "Las Animas",
        "POOState": "US-CO",
        "FireCause": "Natural",
        "FireCauseGeneral": null,
        "GACC": "RMCC",
        "TotalIncidentPersonnel": 52,
        "IncidentManagementOrganization": "Type 3 IC",
        "FireMgmtComplexity": null,
        "ResidencesDestroyed": null,
        "OtherStructuresDestroyed": null,
        "Injuries": 1,
        "Fatalities": null,
        "PredominantFuelGroup": null,
        "PredominantFuelModel": null,
        "PrimaryFuelModel": "Short Grass (1 foot)",
        "ContainmentDateTime": null,
        "ControlDateTime": null,
        "FinalAcres": null,
        "IsValid": 1,
        "FireOutDateTime": null,
        "ModifiedOnDateTime": 1787001263000,
        "IncidentTypeKind": "FI",
        "IrwinID": "251fd40c-6bcb-4c69-81ec-f105e1328374",
        "GlobalID": "0b4a625b-1f59-4d0d-ae23-25e3b317eb1b",
        "ModifiedOnAge": 0,
        "FireDiscoveryAge": 6
      }
    },
    {
      "type": "Feature",
      "id": 210,
      "geometry": {
        "type": "Point",
        "coordinates": [
          -108.30501,
          45.7797
        ]
      },
      "properties": {
        "OBJECTID": 210,
        "IncidentName": "Hairpin",
        "IncidentTypeCategory": "WF",
        "UniqueFireIdentifier": "2026-MTLG03-261025",
        "DailyAcres": 35.76,
        "CalculatedAcres": null,
        "PercentContained": null,
        "ICS209ReportDateTime": null,
        "FireDiscoveryDateTime": 1785709620000,
        "DiscoveryAcres": 75,
        "POOCounty": "Yellowstone",
        "POOState": "US-MT",
        "FireCause": "Undetermined",
        "FireCauseGeneral": null,
        "GACC": "NRCC",
        "TotalIncidentPersonnel": null,
        "IncidentManagementOrganization": null,
        "FireMgmtComplexity": null,
        "ResidencesDestroyed": null,
        "OtherStructuresDestroyed": null,
        "Injuries": null,
        "Fatalities": null,
        "PredominantFuelGroup": null,
        "PredominantFuelModel": null,
        "PrimaryFuelModel": null,
        "ContainmentDateTime": null,
        "ControlDateTime": null,
        "FinalAcres": null,
        "IsValid": 1,
        "FireOutDateTime": null,
        "ModifiedOnDateTime": 1786997658000,
        "IncidentTypeKind": "FI",
        "IrwinID": "620381ea-6258-4c8c-b036-57b2d4ff148d",
        "GlobalID": "b730c625-0636-41db-bcbb-4ca009833507",
        "ModifiedOnAge": 0,
        "FireDiscoveryAge": 15
      }
    },
    {
      "type": "Feature",
      "id": 30,
      "geometry": {
        "type": "Point",
        "coordinates": [
          -105.071268,
          38.0193150000001
        ]
      },
      "properties": {
        "OBJECTID": 30,
        "IncidentName": "Aspen Acres",
        "IncidentTypeCategory": "WF",
        "UniqueFireIdentifier": "2026-COCUX-001160",
        "DailyAcres": 102004,
        "CalculatedAcres": 103069.79417781,
        "PercentContained": 72,
        "ICS209ReportDateTime": 1787007027000,
        "FireDiscoveryDateTime": 1782734686000,
        "DiscoveryAcres": 40,
        "POOCounty": "Custer",
        "POOState": "US-CO",
        "FireCause": "Human",
        "FireCauseGeneral": null,
        "GACC": "RMCC",
        "TotalIncidentPersonnel": 125,
        "IncidentManagementOrganization": "Type 3 IC",
        "FireMgmtComplexity": null,
        "ResidencesDestroyed": 342,
        "OtherStructuresDestroyed": 573,
        "Injuries": 18,
        "Fatalities": null,
        "PredominantFuelGroup": null,
        "PredominantFuelModel": null,
        "PrimaryFuelModel": "Timber (Grass and Understory)",
        "ContainmentDateTime": null,
        "ControlDateTime": null,
        "FinalAcres": null,
        "IsValid": 1,
        "FireOutDateTime": null,
        "ModifiedOnDateTime": 1787007027000,
        "IncidentTypeKind": "FI",
        "IrwinID": "1cdf5e5a-f22e-4352-a582-c2a47663b93d",
        "GlobalID": "9dd71f3f-32fb-43a8-86de-780269af79da",
        "ModifiedOnAge": 0,
        "FireDiscoveryAge": 49
      }
    },
    {
      "type": "Feature",
      "id": 279,
      "geometry": {
        "type": "Point",
        "coordinates": [
          -123.655486,
          42.1567440000001
        ]
      },
      "properties": {
        "OBJECTID": 279,
        "IncidentName": "Forks State Park",
        "IncidentTypeCategory": "WF",
        "UniqueFireIdentifier": "2026-OR712S-027227",
        "DailyAcres": null,
        "CalculatedAcres": null,
        "PercentContained": null,
        "ICS209ReportDateTime": null,
        "FireDiscoveryDateTime": 1786318920000,
        "DiscoveryAcres": 1,
        "POOCounty": "Josephine",
        "POOState": "US-OR",
        "FireCause": "Undetermined",
        "FireCauseGeneral": "Undetermined (remarks required)",
        "GACC": "NWCC",
        "TotalIncidentPersonnel": null,
        "IncidentManagementOrganization": null,
        "FireMgmtComplexity": null,
        "ResidencesDestroyed": null,
        "OtherStructuresDestroyed": null,
        "Injuries": null,
        "Fatalities": null,
        "PredominantFuelGroup": null,
        "PredominantFuelModel": null,
        "PrimaryFuelModel": null,
        "ContainmentDateTime": null,
        "ControlDateTime": null,
        "FinalAcres": null,
        "IsValid": 1,
        "FireOutDateTime": null,
        "ModifiedOnDateTime": 1786815724000,
        "IncidentTypeKind": "FI",
        "IrwinID": "d7761d5d-d267-4830-a3f8-dab7eac7c38a",
        "GlobalID": "ab689fa7-e384-44ed-b1e6-c6aefd4eb163",
        "ModifiedOnAge": 2,
        "FireDiscoveryAge": 8
      }
    },
    {
      "type": "Feature",
      "id": 362,
      "geometry": {
        "type": "Point",
        "coordinates": [
          -121.063,
          48.212
        ]
      },
      "properties": {
        "OBJECTID": 362,
        "IncidentName": "Miners",
        "IncidentTypeCategory": "WF",
        "UniqueFireIdentifier": "2026-WAMSF-000439",
        "DailyAcres": 15,
        "CalculatedAcres": null,
        "PercentContained": null,
        "ICS209ReportDateTime": null,
        "FireDiscoveryDateTime": 1786741616000,
        "DiscoveryAcres": 0.1,
        "POOCounty": "Snohomish",
        "POOState": "US-WA",
        "FireCause": "Natural",
        "FireCauseGeneral": null,
        "GACC": "NWCC",
        "TotalIncidentPersonnel": null,
        "IncidentManagementOrganization": null,
        "FireMgmtComplexity": null,
        "ResidencesDestroyed": null,
        "OtherStructuresDestroyed": null,
        "Injuries": null,
        "Fatalities": null,
        "PredominantFuelGroup": null,
        "PredominantFuelModel": null,
        "PrimaryFuelModel": null,
        "ContainmentDateTime": null,
        "ControlDateTime": null,
        "FinalAcres": null,
        "IsValid": 1,
        "FireOutDateTime": null,
        "ModifiedOnDateTime": 1787021566000,
        "IncidentTypeKind": "FI",
        "IrwinID": "fa1a7d4e-1165-4585-8d30-e88a978b2c75",
        "GlobalID": "2582817c-ec36-4bdc-ad35-e6a8b73401d3",
        "ModifiedOnAge": 0,
        "FireDiscoveryAge": 3
      }
    },
    {
      "type": "Feature",
      "id": 373,
      "geometry": {
        "type": "Point",
        "coordinates": [
          -118.18248,
          33.91706
        ]
      },
      "properties": {
        "OBJECTID": 373,
        "IncidentName": "LAC-288749",
        "IncidentTypeCategory": "WF",
        "UniqueFireIdentifier": "2026-CALAC-288749",
        "DailyAcres": null,
        "CalculatedAcres": null,
        "PercentContained": null,
        "ICS209ReportDateTime": null,
        "FireDiscoveryDateTime": 1786776930000,
        "DiscoveryAcres": 0.01,
        "POOCounty": "Los Angeles",
        "POOState": "US-CA",
        "FireCause": "Undetermined",
        "FireCauseGeneral": null,
        "GACC": "OSCC",
        "TotalIncidentPersonnel": null,
        "IncidentManagementOrganization": null,
        "FireMgmtComplexity": null,
        "ResidencesDestroyed": null,
        "OtherStructuresDestroyed": null,
        "Injuries": null,
        "Fatalities": null,
        "PredominantFuelGroup": null,
        "PredominantFuelModel": null,
        "PrimaryFuelModel": null,
        "ContainmentDateTime": null,
        "ControlDateTime": null,
        "FinalAcres": null,
        "IsValid": 1,
        "FireOutDateTime": null,
        "ModifiedOnDateTime": 1786776955000,
        "IncidentTypeKind": "FI",
        "IrwinID": "bc2540d3-2534-4ffe-bd36-f7f6ffb5e7d5",
        "GlobalID": "58dd6218-d2a4-42bc-acaa-fbc9cf51e8bf",
        "ModifiedOnAge": 2,
        "FireDiscoveryAge": 2
      }
    },
    {
      "type": "Feature",
      "id": 465,
      "geometry": {
        "type": "Point",
        "coordinates": [
          -117.96959,
          34.61648
        ]
      },
      "properties": {
        "OBJECTID": 465,
        "IncidentName": "LAC-290720",
        "IncidentTypeCategory": "WF",
        "UniqueFireIdentifier": "2026-CALAC-290720",
        "DailyAcres": null,
        "CalculatedAcres": null,
        "PercentContained": null,
        "ICS209ReportDateTime": null,
        "FireDiscoveryDateTime": 1786915626000,
        "DiscoveryAcres": 0.01,
        "POOCounty": "Los Angeles",
        "POOState": "US-CA",
        "FireCause": "Undetermined",
        "FireCauseGeneral": null,
        "GACC": "OSCC",
        "TotalIncidentPersonnel": null,
        "IncidentManagementOrganization": null,
        "FireMgmtComplexity": null,
        "ResidencesDestroyed": null,
        "OtherStructuresDestroyed": null,
        "Injuries": null,
        "Fatalities": null,
        "PredominantFuelGroup": null,
        "PredominantFuelModel": null,
        "PrimaryFuelModel": null,
        "ContainmentDateTime": null,
        "ControlDateTime": null,
        "FinalAcres": null,
        "IsValid": 1,
        "FireOutDateTime": null,
        "ModifiedOnDateTime": 1786915703000,
        "IncidentTypeKind": "FI",
        "IrwinID": "2fc07413-2454-4404-bef1-9f756f5f73d0",
        "GlobalID": "0ddbcc5b-8f85-4077-a6a4-9cad3ed9617f",
        "ModifiedOnAge": 1,
        "FireDiscoveryAge": 1
      }
    },
    {
      "type": "Feature",
      "id": 176,
      "geometry": {
        "type": "Point",
        "coordinates": [
          -115.093667,
          46.2559000000001
        ]
      },
      "properties": {
        "OBJECTID": 176,
        "IncidentName": "Grotto",
        "IncidentTypeCategory": "WF",
        "UniqueFireIdentifier": "2026-IDNCF-000348",
        "DailyAcres": 900,
        "CalculatedAcres": 443.00541141,
        "PercentContained": 0,
        "ICS209ReportDateTime": 1786027874000,
        "FireDiscoveryDateTime": 1785368521000,
        "DiscoveryAcres": 0.25,
        "POOCounty": "Idaho",
        "POOState": "US-ID",
        "FireCause": "Undetermined",
        "FireCauseGeneral": null,
        "GACC": "NRCC",
        "TotalIncidentPersonnel": null,
        "IncidentManagementOrganization": "Type 4 IC",
        "FireMgmtComplexity": null,
        "ResidencesDestroyed": null,
        "OtherStructuresDestroyed": null,
        "Injuries": null,
        "Fatalities": null,
        "PredominantFuelGroup": null,
        "PredominantFuelModel": null,
        "PrimaryFuelModel": "Timber (Litter and Understory)",
        "ContainmentDateTime": null,
        "ControlDateTime": null,
        "FinalAcres": null,
        "IsValid": 1,
        "FireOutDateTime": null,
        "ModifiedOnDateTime": 1786641969000,
        "IncidentTypeKind": "FI",
        "IrwinID": "687d3124-6031-4c95-b574-6afb110fd389",
        "GlobalID": "d4ad7a92-47b9-4686-945a-d1dfdfa405da",
        "ModifiedOnAge": 4,
        "FireDiscoveryAge": 19
      }
    },
    {
      "type": "Feature",
      "id": 224,
      "geometry": {
        "type": "Point",
        "coordinates": [
          -121.593467,
          46.7033670000001
        ]
      },
      "properties": {
        "OBJECTID": 224,
        "IncidentName": "BACKBONE",
        "IncidentTypeCategory": "WF",
        "UniqueFireIdentifier": "2026-WAGPF-000827",
        "DailyAcres": 15,
        "CalculatedAcres": null,
        "PercentContained": 0,
        "ICS209ReportDateTime": 1787011208000,
        "FireDiscoveryDateTime": 1785951724000,
        "DiscoveryAcres": 0.1,
        "POOCounty": "Lewis",
        "POOState": "US-WA",
        "FireCause": "Natural",
        "FireCauseGeneral": null,
        "GACC": "NWCC",
        "TotalIncidentPersonnel": 171,
        "IncidentManagementOrganization": "Type 3 Team",
        "FireMgmtComplexity": null,
        "ResidencesDestroyed": 0,
        "OtherStructuresDestroyed": 0,
        "Injuries": null,
        "Fatalities": null,
        "PredominantFuelGroup": null,
        "PredominantFuelModel": null,
        "PrimaryFuelModel": "Timber (Litter and Understory)",
        "ContainmentDateTime": null,
        "ControlDateTime": null,
        "FinalAcres": null,
        "IsValid": 1,
        "FireOutDateTime": null,
        "ModifiedOnDateTime": 1787011209000,
        "IncidentTypeKind": "FI",
        "IrwinID": "9957ed4a-f55b-457f-be0d-9a2ff0373891",
        "GlobalID": "d4b6d8cf-9dcf-45bb-9a1f-7d8bc5d98c4c",
        "ModifiedOnAge": 0,
        "FireDiscoveryAge": 12
      }
    },
    {
      "type": "Feature",
      "id": 124,
      "geometry": {
        "type": "Point",
        "coordinates": [
          -121.404444,
          44.695278
        ]
      },
      "properties": {
        "OBJECTID": 124,
        "IncidentName": "Beachcomb",
        "IncidentTypeCategory": "WF",
        "UniqueFireIdentifier": "2026-ORWSA-000101",
        "DailyAcres": 13648,
        "CalculatedAcres": 2142.58,
        "PercentContained": 100,
        "ICS209ReportDateTime": 1787021122000,
        "FireDiscoveryDateTime": 1784855100000,
        "DiscoveryAcres": 1200,
        "POOCounty": "Jefferson",
        "POOState": "US-OR",
        "FireCause": "Undetermined",
        "FireCauseGeneral": null,
        "GACC": "NWCC",
        "TotalIncidentPersonnel": 75,
        "IncidentManagementOrganization": "Type 3 Team",
        "FireMgmtComplexity": null,
        "ResidencesDestroyed": null,
        "OtherStructuresDestroyed": null,
        "Injuries": null,
        "Fatalities": null,
        "PredominantFuelGroup": null,
        "PredominantFuelModel": null,
        "PrimaryFuelModel": "Timber (Grass and Understory)",
        "ContainmentDateTime": null,
        "ControlDateTime": null,
        "FinalAcres": null,
        "IsValid": 1,
        "FireOutDateTime": null,
        "ModifiedOnDateTime": 1787021121000,
        "IncidentTypeKind": "FI",
        "IrwinID": "c8a81ed6-1fd6-492e-ad8d-5085f78eb1fa",
        "GlobalID": "631c7d62-9011-44c4-97dd-7b7162317101",
        "ModifiedOnAge": 0,
        "FireDiscoveryAge": 25
      }
    },
    {
      "type": "Feature",
      "id": 419,
      "geometry": {
        "type": "Point",
        "coordinates": [
          -106.678333,
          45.6044440000001
        ]
      },
      "properties": {
        "OBJECTID": 419,
        "IncidentName": "East Spotted Elk",
        "IncidentTypeCategory": "WF",
        "UniqueFireIdentifier": "2026-MTNCA-000699",
        "DailyAcres": 0.5,
        "CalculatedAcres": null,
        "PercentContained": null,
        "ICS209ReportDateTime": null,
        "FireDiscoveryDateTime": 1786840915000,
        "DiscoveryAcres": 0.5,
        "POOCounty": "Rosebud",
        "POOState": "US-MT",
        "FireCause": "Human",
        "FireCauseGeneral": null,
        "GACC": "NRCC",
        "TotalIncidentPersonnel": null,
        "IncidentManagementOrganization": null,
        "FireMgmtComplexity": null,
        "ResidencesDestroyed": null,
        "OtherStructuresDestroyed": null,
        "Injuries": null,
        "Fatalities": null,
        "PredominantFuelGroup": null,
        "PredominantFuelModel": null,
        "PrimaryFuelModel": null,
        "ContainmentDateTime": null,
        "ControlDateTime": null,
        "FinalAcres": null,
        "IsValid": 1,
        "FireOutDateTime": null,
        "ModifiedOnDateTime": 1786842485000,
        "IncidentTypeKind": "FI",
        "IrwinID": "569adad6-9f93-4ed1-9e7c-1eddca5981af",
        "GlobalID": "fc44c49f-4106-43d2-b276-61ad45815992",
        "ModifiedOnAge": 2,
        "FireDiscoveryAge": 2
      }
    },
    {
      "type": "Feature",
      "id": 439,
      "geometry": {
        "type": "Point",
        "coordinates": [
          -117.93355,
          34.1336200000001
        ]
      },
      "properties": {
        "OBJECTID": 439,
        "IncidentName": "LAC-290281",
        "IncidentTypeCategory": "WF",
        "UniqueFireIdentifier": "2026-CALAC-290281",
        "DailyAcres": null,
        "CalculatedAcres": null,
        "PercentContained": null,
        "ICS209ReportDateTime": null,
        "FireDiscoveryDateTime": 1786887175000,
        "DiscoveryAcres": 0.01,
        "POOCounty": "Los Angeles",
        "POOState": "US-CA",
        "FireCause": "Undetermined",
        "FireCauseGeneral": null,
        "GACC": "OSCC",
        "TotalIncidentPersonnel": null,
        "IncidentManagementOrganization": null,
        "FireMgmtComplexity": null,
        "ResidencesDestroyed": null,
        "OtherStructuresDestroyed": null,
        "Injuries": null,
        "Fatalities": null,
        "PredominantFuelGroup": null,
        "PredominantFuelModel": null,
        "PrimaryFuelModel": null,
        "ContainmentDateTime": null,
        "ControlDateTime": null,
        "FinalAcres": null,
        "IsValid": 1,
        "FireOutDateTime": null,
        "ModifiedOnDateTime": 1786887195000,
        "IncidentTypeKind": "FI",
        "IrwinID": "a8958e3f-58ea-4421-807a-4e90ea5ade5e",
        "GlobalID": "6d4e525c-97f0-4b62-b476-281a1fe38527",
        "ModifiedOnAge": 1,
        "FireDiscoveryAge": 1
      }
    },
    {
      "type": "Feature",
      "id": 416,
      "geometry": {
        "type": "Point",
        "coordinates": [
          -113.83025,
          43.771667
        ]
      },
      "properties": {
        "OBJECTID": 416,
        "IncidentName": "Smelter",
        "IncidentTypeCategory": "WF",
        "UniqueFireIdentifier": "2026-IDSCF-260122",
        "DailyAcres": 0.1,
        "CalculatedAcres": null,
        "PercentContained": null,
        "ICS209ReportDateTime": null,
        "FireDiscoveryDateTime": 1786834440000,
        "DiscoveryAcres": 0.1,
        "POOCounty": "Custer",
        "POOState": "US-ID",
        "FireCause": "Undetermined",
        "FireCauseGeneral": null,
        "GACC": "GBCC",
        "TotalIncidentPersonnel": null,
        "IncidentManagementOrganization": null,
        "FireMgmtComplexity": null,
        "ResidencesDestroyed": null,
        "OtherStructuresDestroyed": null,
        "Injuries": null,
        "Fatalities": null,
        "PredominantFuelGroup": null,
        "PredominantFuelModel": null,
        "PrimaryFuelModel": null,
        "ContainmentDateTime": null,
        "ControlDateTime": null,
        "FinalAcres": null,
        "IsValid": 1,
        "FireOutDateTime": null,
        "ModifiedOnDateTime": 1786842898000,
        "IncidentTypeKind": "FI",
        "IrwinID": "0bb22937-df8e-43d7-a558-f26ae3efcd27",
        "GlobalID": "d6ae7636-c8b7-4022-aa9d-5f60e9a68410",
        "ModifiedOnAge": 2,
        "FireDiscoveryAge": 2
      }
    },
    {
      "type": "Feature",
      "id": 84,
      "geometry": {
        "type": "Point",
        "coordinates": [
          -118.269,
          45.7070000000001
        ]
      },
      "properties": {
        "OBJECTID": 84,
        "IncidentName": "Hagen",
        "IncidentTypeCategory": "WF",
        "UniqueFireIdentifier": "2026-ORUMF-000324",
        "DailyAcres": 56869,
        "CalculatedAcres": 56868.59157482,
        "PercentContained": 17,
        "ICS209ReportDateTime": 1787014179000,
        "FireDiscoveryDateTime": 1784244000000,
        "DiscoveryAcres": 10,
        "POOCounty": "Umatilla",
        "POOState": "US-OR",
        "FireCause": "Natural",
        "FireCauseGeneral": null,
        "GACC": "NWCC",
        "TotalIncidentPersonnel": 957,
        "IncidentManagementOrganization": "Complex Incident Management Team",
        "FireMgmtComplexity": null,
        "ResidencesDestroyed": null,
        "OtherStructuresDestroyed": null,
        "Injuries": 6,
        "Fatalities": null,
        "PredominantFuelGroup": null,
        "PredominantFuelModel": null,
        "PrimaryFuelModel": "Timber (Grass and Understory)",
        "ContainmentDateTime": null,
        "ControlDateTime": null,
        "FinalAcres": null,
        "IsValid": 1,
        "FireOutDateTime": null,
        "ModifiedOnDateTime": 1787014179000,
        "IncidentTypeKind": "FI",
        "IrwinID": "d4e53810-46d0-48fb-889b-3e670328dcfb",
        "GlobalID": "768b58ed-4445-4942-a2c2-8dc19cf1fe8c",
        "ModifiedOnAge": 0,
        "FireDiscoveryAge": 32
      }
    },
    {
      "type": "Feature",
      "id": 153,
      "geometry": {
        "type": "Point",
        "coordinates": [
          -114.681482,
          33.2796510000001
        ]
      },
      "properties": {
        "OBJECTID": 153,
        "IncidentName": "Island",
        "IncidentTypeCategory": "WF",
        "UniqueFireIdentifier": "2026-AZCBR-000843",
        "DailyAcres": 3145,
        "CalculatedAcres": 3217.84,
        "PercentContained": 100,
        "ICS209ReportDateTime": 1786483139000,
        "FireDiscoveryDateTime": 1785039469000,
        "DiscoveryAcres": 50,
        "POOCounty": "La Paz",
        "POOState": "US-AZ",
        "FireCause": "Undetermined",
        "FireCauseGeneral": null,
        "GACC": "SWCC",
        "TotalIncidentPersonnel": 1,
        "IncidentManagementOrganization": "Type 5 IC",
        "FireMgmtComplexity": null,
        "ResidencesDestroyed": null,
        "OtherStructuresDestroyed": null,
        "Injuries": null,
        "Fatalities": null,
        "PredominantFuelGroup": null,
        "PredominantFuelModel": null,
        "PrimaryFuelModel": "Brush (2 feet)",
        "ContainmentDateTime": 1786467000000,
        "ControlDateTime": null,
        "FinalAcres": null,
        "IsValid": 1,
        "FireOutDateTime": null,
        "ModifiedOnDateTime": 1786998851000,
        "IncidentTypeKind": "FI",
        "IrwinID": "f12ee99c-d40c-42d1-b108-af54b09753e2",
        "GlobalID": "6fd5daf2-2d11-496b-b050-53caa184e27b",
        "ModifiedOnAge": 0,
        "FireDiscoveryAge": 22
      }
    },
    {
      "type": "Feature",
      "id": 227,
      "geometry": {
        "type": "Point",
        "coordinates": [
          -105.14241,
          36.56167
        ]
      },
      "properties": {
        "OBJECTID": 227,
        "IncidentName": "MAVERICK CREEK",
        "IncidentTypeCategory": "WF",
        "UniqueFireIdentifier": "2026-NMN2S-000643",
        "DailyAcres": 1,
        "CalculatedAcres": null,
        "PercentContained": null,
        "ICS209ReportDateTime": null,
        "FireDiscoveryDateTime": 1785961870000,
        "DiscoveryAcres": 1,
        "POOCounty": "Colfax",
        "POOState": "US-NM",
        "FireCause": "Undetermined",
        "FireCauseGeneral": null,
        "GACC": "SWCC",
        "TotalIncidentPersonnel": null,
        "IncidentManagementOrganization": null,
        "FireMgmtComplexity": null,
        "ResidencesDestroyed": null,
        "OtherStructuresDestroyed": null,
        "Injuries": null,
        "Fatalities": null,
        "PredominantFuelGroup": null,
        "PredominantFuelModel": null,
        "PrimaryFuelModel": null,
        "ContainmentDateTime": null,
        "ControlDateTime": null,
        "FinalAcres": null,
        "IsValid": 1,
        "FireOutDateTime": null,
        "ModifiedOnDateTime": 1786999978000,
        "IncidentTypeKind": "FI",
        "IrwinID": "730df9b8-2b03-46cb-8467-e2c915dbd74a",
        "GlobalID": "9430a4e8-6933-4234-ae72-ca7cd4c8b430",
        "ModifiedOnAge": 0,
        "FireDiscoveryAge": 12
      }
    },
    {
      "type": "Feature",
      "id": 559,
      "geometry": {
        "type": "Point",
        "coordinates": [
          -121.660343,
          37.7191920000001
        ]
      },
      "properties": {
        "OBJECTID": 559,
        "IncidentName": "FLYNN",
        "IncidentTypeCategory": "WF",
        "UniqueFireIdentifier": "2026-CASCU-004502",
        "DailyAcres": 0.01,
        "CalculatedAcres": null,
        "PercentContained": null,
        "ICS209ReportDateTime": null,
        "FireDiscoveryDateTime": 1787018926000,
        "DiscoveryAcres": 0.01,
        "POOCounty": "Alameda",
        "POOState": "US-CA",
        "FireCause": "Undetermined",
        "FireCauseGeneral": null,
        "GACC": "ONCC",
        "TotalIncidentPersonnel": null,
        "IncidentManagementOrganization": null,
        "FireMgmtComplexity": null,
        "ResidencesDestroyed": null,
        "OtherStructuresDestroyed": null,
        "Injuries": null,
        "Fatalities": null,
        "PredominantFuelGroup": null,
        "PredominantFuelModel": null,
        "PrimaryFuelModel": null,
        "ContainmentDateTime": null,
        "ControlDateTime": null,
        "FinalAcres": null,
        "IsValid": 1,
        "FireOutDateTime": null,
        "ModifiedOnDateTime": 1787019458000,
        "IncidentTypeKind": "FI",
        "IrwinID": "4fe1df7a-ef2c-46a8-9094-9989d0807d69",
        "GlobalID": "c12ca4fc-95ed-4445-9976-99f13f054140",
        "ModifiedOnAge": 0,
        "FireDiscoveryAge": 0
      }
    },
    {
      "type": "Feature",
      "id": 488,
      "geometry": {
        "type": "Point",
        "coordinates": [
          -118.43399,
          48.206686
        ]
      },
      "properties": {
        "OBJECTID": 488,
        "IncidentName": "Wilmont Road",
        "IncidentTypeCategory": "WF",
        "UniqueFireIdentifier": "2026-WACOA-260185",
        "DailyAcres": 0.5,
        "CalculatedAcres": null,
        "PercentContained": null,
        "ICS209ReportDateTime": null,
        "FireDiscoveryDateTime": 1786930980000,
        "DiscoveryAcres": 0.5,
        "POOCounty": "Ferry",
        "POOState": "US-WA",
        "FireCause": "Undetermined",
        "FireCauseGeneral": null,
        "GACC": "NWCC",
        "TotalIncidentPersonnel": null,
        "IncidentManagementOrganization": null,
        "FireMgmtComplexity": null,
        "ResidencesDestroyed": null,
        "OtherStructuresDestroyed": null,
        "Injuries": null,
        "Fatalities": null,
        "PredominantFuelGroup": null,
        "PredominantFuelModel": null,
        "PrimaryFuelModel": null,
        "ContainmentDateTime": null,
        "ControlDateTime": null,
        "FinalAcres": null,
        "IsValid": 1,
        "FireOutDateTime": null,
        "ModifiedOnDateTime": 1786937595000,
        "IncidentTypeKind": "FI",
        "IrwinID": "d6c6e32a-3296-48fb-aaff-f530fdce6a8d",
        "GlobalID": "0abc0cf4-5060-43ec-bd0d-26666a61a933",
        "ModifiedOnAge": 0,
        "FireDiscoveryAge": 1
      }
    },
    {
      "type": "Feature",
      "id": 204,
      "geometry": {
        "type": "Point",
        "coordinates": [
          -118.328486,
          47.911635
        ]
      },
      "properties": {
        "OBJECTID": 204,
        "IncidentName": "MITRE ROCK",
        "IncidentTypeCategory": "WF",
        "UniqueFireIdentifier": "2026-WASPA-001868",
        "DailyAcres": 4518,
        "CalculatedAcres": 4518.49,
        "PercentContained": 100,
        "ICS209ReportDateTime": 1786423879000,
        "FireDiscoveryDateTime": 1785634007000,
        "DiscoveryAcres": 15,
        "POOCounty": "Stevens",
        "POOState": "US-WA",
        "FireCause": "Human",
        "FireCauseGeneral": null,
        "GACC": "NWCC",
        "TotalIncidentPersonnel": 27,
        "IncidentManagementOrganization": "Complex Incident Management Team",
        "FireMgmtComplexity": null,
        "ResidencesDestroyed": 6,
        "OtherStructuresDestroyed": 5,
        "Injuries": null,
        "Fatalities": null,
        "PredominantFuelGroup": null,
        "PredominantFuelModel": null,
        "PrimaryFuelModel": "Timber (Grass and Understory)",
        "ContainmentDateTime": 1786410000000,
        "ControlDateTime": null,
        "FinalAcres": null,
        "IsValid": 1,
        "FireOutDateTime": null,
        "ModifiedOnDateTime": 1786566921000,
        "IncidentTypeKind": "FI",
        "IrwinID": "c11a3685-c035-4241-a17c-8076ee99619d",
        "GlobalID": "d774f2a7-30e7-4ebc-bd5c-676cddc04a51",
        "ModifiedOnAge": 5,
        "FireDiscoveryAge": 16
      }
    },
    {
      "type": "Feature",
      "id": 110,
      "geometry": {
        "type": "Point",
        "coordinates": [
          -107.379444,
          45.4858330000001
        ]
      },
      "properties": {
        "OBJECTID": 110,
        "IncidentName": "I-90 MM 519",
        "IncidentTypeCategory": "WF",
        "UniqueFireIdentifier": "2026-MTLG22-260822",
        "DailyAcres": 0.1,
        "CalculatedAcres": null,
        "PercentContained": null,
        "ICS209ReportDateTime": null,
        "FireDiscoveryDateTime": 1784570269000,
        "DiscoveryAcres": 0.1,
        "POOCounty": "Big Horn",
        "POOState": "US-MT",
        "FireCause": "Undetermined",
        "FireCauseGeneral": null,
        "GACC": "NRCC",
        "TotalIncidentPersonnel": null,
        "IncidentManagementOrganization": null,
        "FireMgmtComplexity": null,
        "ResidencesDestroyed": null,
        "OtherStructuresDestroyed": null,
        "Injuries": null,
        "Fatalities": null,
        "PredominantFuelGroup": null,
        "PredominantFuelModel": null,
        "PrimaryFuelModel": null,
        "ContainmentDateTime": null,
        "ControlDateTime": null,
        "FinalAcres": null,
        "IsValid": 1,
        "FireOutDateTime": null,
        "ModifiedOnDateTime": 1786999339000,
        "IncidentTypeKind": "FI",
        "IrwinID": "ac0e68ee-ecdd-4c27-a92c-3653ff503fd6",
        "GlobalID": "84fb4563-3855-4159-ba5f-e60ba2969014",
        "ModifiedOnAge": 0,
        "FireDiscoveryAge": 28
      }
    },
    {
      "type": "Feature",
      "id": 133,
      "geometry": {
        "type": "Point",
        "coordinates": [
          -116.157567,
          37.2667000000001
        ]
      },
      "properties": {
        "OBJECTID": 133,
        "IncidentName": "MOUSE MEADOW",
        "IncidentTypeCategory": "WF",
        "UniqueFireIdentifier": "2026-NVNAFQ-500729",
        "DailyAcres": 52000,
        "CalculatedAcres": 19675.43,
        "PercentContained": 80,
        "ICS209ReportDateTime": 1786998419000,
        "FireDiscoveryDateTime": 1784854852000,
        "DiscoveryAcres": 1.5,
        "POOCounty": "Nye",
        "POOState": "US-NV",
        "FireCause": "Undetermined",
        "FireCauseGeneral": null,
        "GACC": "GBCC",
        "TotalIncidentPersonnel": 5,
        "IncidentManagementOrganization": "Type 4 IC",
        "FireMgmtComplexity": null,
        "ResidencesDestroyed": null,
        "OtherStructuresDestroyed": null,
        "Injuries": null,
        "Fatalities": null,
        "PredominantFuelGroup": null,
        "PredominantFuelModel": null,
        "PrimaryFuelModel": "Timber (Grass and Understory)",
        "ContainmentDateTime": null,
        "ControlDateTime": null,
        "FinalAcres": null,
        "IsValid": 1,
        "FireOutDateTime": null,
        "ModifiedOnDateTime": 1786998419000,
        "IncidentTypeKind": "FI",
        "IrwinID": "dceba814-01d4-4814-b421-3113fb326d0d",
        "GlobalID": "08ec31e2-7f6a-4e13-b221-2599f096ab5f",
        "ModifiedOnAge": 0,
        "FireDiscoveryAge": 25
      }
    },
    {
      "type": "Feature",
      "id": 459,
      "geometry": {
        "type": "Point",
        "coordinates": [
          -117.781283,
          45.7701670000001
        ]
      },
      "properties": {
        "OBJECTID": 459,
        "IncidentName": "Proctor Creek",
        "IncidentTypeCategory": "WF",
        "UniqueFireIdentifier": "2026-ORUMF-000489",
        "DailyAcres": 0.1,
        "CalculatedAcres": null,
        "PercentContained": null,
        "ICS209ReportDateTime": null,
        "FireDiscoveryDateTime": 1786901530000,
        "DiscoveryAcres": 0.1,
        "POOCounty": "Wallowa",
        "POOState": "US-OR",
        "FireCause": "Natural",
        "FireCauseGeneral": null,
        "GACC": "NWCC",
        "TotalIncidentPersonnel": null,
        "IncidentManagementOrganization": null,
        "FireMgmtComplexity": null,
        "ResidencesDestroyed": null,
        "OtherStructuresDestroyed": null,
        "Injuries": null,
        "Fatalities": null,
        "PredominantFuelGroup": null,
        "PredominantFuelModel": null,
        "PrimaryFuelModel": null,
        "ContainmentDateTime": null,
        "ControlDateTime": null,
        "FinalAcres": null,
        "IsValid": 1,
        "FireOutDateTime": null,
        "ModifiedOnDateTime": 1786920007000,
        "IncidentTypeKind": "FI",
        "IrwinID": "5ee90ec8-9849-4e3c-9beb-7c279ef4c597",
        "GlobalID": "e776dee4-2e8f-43d8-b438-944c7b5ba632",
        "ModifiedOnAge": 1,
        "FireDiscoveryAge": 1
      }
    },
    {
      "type": "Feature",
      "id": 508,
      "geometry": {
        "type": "Point",
        "coordinates": [
          -117.1188,
          48.8902830000001
        ]
      },
      "properties": {
        "OBJECTID": 508,
        "IncidentName": "GREEN RIDGE",
        "IncidentTypeCategory": "WF",
        "UniqueFireIdentifier": "2026-WACOF-002024",
        "DailyAcres": 0.1,
        "CalculatedAcres": null,
        "PercentContained": null,
        "ICS209ReportDateTime": null,
        "FireDiscoveryDateTime": 1786985520000,
        "DiscoveryAcres": 0.1,
        "POOCounty": "Pend Oreille",
        "POOState": "US-WA",
        "FireCause": "Natural",
        "FireCauseGeneral": null,
        "GACC": "NWCC",
        "TotalIncidentPersonnel": null,
        "IncidentManagementOrganization": null,
        "FireMgmtComplexity": null,
        "ResidencesDestroyed": null,
        "OtherStructuresDestroyed": null,
        "Injuries": null,
        "Fatalities": null,
        "PredominantFuelGroup": null,
        "PredominantFuelModel": null,
        "PrimaryFuelModel": null,
        "ContainmentDateTime": null,
        "ControlDateTime": null,
        "FinalAcres": null,
        "IsValid": 1,
        "FireOutDateTime": null,
        "ModifiedOnDateTime": 1786996509000,
        "IncidentTypeKind": "FI",
        "IrwinID": "6c98240a-a4d2-4e37-8f22-cf0d321c2b76",
        "GlobalID": "ac2ad082-1296-4ed1-87a5-eeffa6f1ea33",
        "ModifiedOnAge": 0,
        "FireDiscoveryAge": 0
      }
    },
    {
      "type": "Feature",
      "id": 61,
      "geometry": {
        "type": "Point",
        "coordinates": [
          -121.150697,
          39.351544
        ]
      },
      "properties": {
        "OBJECTID": 61,
        "IncidentName": "CHUTE",
        "IncidentTypeCategory": "WF",
        "UniqueFireIdentifier": "2026-CANEU-020978",
        "DailyAcres": 162,
        "CalculatedAcres": null,
        "PercentContained": 96,
        "ICS209ReportDateTime": 1786668107000,
        "FireDiscoveryDateTime": 1783956013000,
        "DiscoveryAcres": 0.01,
        "POOCounty": "Yuba",
        "POOState": "US-CA",
        "FireCause": "Undetermined",
        "FireCauseGeneral": null,
        "GACC": "ONCC",
        "TotalIncidentPersonnel": 4,
        "IncidentManagementOrganization": "Type 3 IC",
        "FireMgmtComplexity": null,
        "ResidencesDestroyed": null,
        "OtherStructuresDestroyed": null,
        "Injuries": null,
        "Fatalities": null,
        "PredominantFuelGroup": null,
        "PredominantFuelModel": null,
        "PrimaryFuelModel": "Hardwood Litter",
        "ContainmentDateTime": null,
        "ControlDateTime": null,
        "FinalAcres": null,
        "IsValid": 1,
        "FireOutDateTime": null,
        "ModifiedOnDateTime": 1786668107000,
        "IncidentTypeKind": "FI",
        "IrwinID": "4c9d1fd7-7131-412a-9995-ca7789782346",
        "GlobalID": "b4e26389-4f39-4c9b-a0ad-f5b3580a8dc1",
        "ModifiedOnAge": 4,
        "FireDiscoveryAge": 35
      }
    },
    {
      "type": "Feature",
      "id": 482,
      "geometry": {
        "type": "Point",
        "coordinates": [
          -104.53099,
          35.2810500000001
        ]
      },
      "properties": {
        "OBJECTID": 482,
        "IncidentName": "Cabra Hill",
        "IncidentTypeCategory": "WF",
        "UniqueFireIdentifier": "2026-NMN4S-000476",
        "DailyAcres": 20,
        "CalculatedAcres": null,
        "PercentContained": null,
        "ICS209ReportDateTime": null,
        "FireDiscoveryDateTime": 1786924800000,
        "DiscoveryAcres": 20,
        "POOCounty": "San Miguel",
        "POOState": "US-NM",
        "FireCause": "Natural",
        "FireCauseGeneral": null,
        "GACC": "SWCC",
        "TotalIncidentPersonnel": null,
        "IncidentManagementOrganization": null,
        "FireMgmtComplexity": null,
        "ResidencesDestroyed": null,
        "OtherStructuresDestroyed": null,
        "Injuries": null,
        "Fatalities": null,
        "PredominantFuelGroup": null,
        "PredominantFuelModel": null,
        "PrimaryFuelModel": null,
        "ContainmentDateTime": null,
        "ControlDateTime": null,
        "FinalAcres": null,
        "IsValid": 1,
        "FireOutDateTime": null,
        "ModifiedOnDateTime": 1786930093000,
        "IncidentTypeKind": "FI",
        "IrwinID": "f17289b8-bfdf-41ba-a6af-068a8f3938f1",
        "GlobalID": "6192fff2-567b-449d-b39f-77dc50912832",
        "ModifiedOnAge": 1,
        "FireDiscoveryAge": 1
      }
    },
    {
      "type": "Feature",
      "id": 445,
      "geometry": {
        "type": "Point",
        "coordinates": [
          -118.23906,
          33.92717
        ]
      },
      "properties": {
        "OBJECTID": 445,
        "IncidentName": "LAC-290351",
        "IncidentTypeCategory": "WF",
        "UniqueFireIdentifier": "2026-CALAC-290351",
        "DailyAcres": null,
        "CalculatedAcres": null,
        "PercentContained": null,
        "ICS209ReportDateTime": null,
        "FireDiscoveryDateTime": 1786894444000,
        "DiscoveryAcres": 0.01,
        "POOCounty": "Los Angeles",
        "POOState": "US-CA",
        "FireCause": "Undetermined",
        "FireCauseGeneral": null,
        "GACC": "OSCC",
        "TotalIncidentPersonnel": null,
        "IncidentManagementOrganization": null,
        "FireMgmtComplexity": null,
        "ResidencesDestroyed": null,
        "OtherStructuresDestroyed": null,
        "Injuries": null,
        "Fatalities": null,
        "PredominantFuelGroup": null,
        "PredominantFuelModel": null,
        "PrimaryFuelModel": null,
        "ContainmentDateTime": null,
        "ControlDateTime": null,
        "FinalAcres": null,
        "IsValid": 1,
        "FireOutDateTime": null,
        "ModifiedOnDateTime": 1786894462000,
        "IncidentTypeKind": "FI",
        "IrwinID": "74ee680a-cd74-43f3-b7e0-dbfabc5e0828",
        "GlobalID": "63fcb749-82b3-4a81-a67b-2a0faba711fc",
        "ModifiedOnAge": 1,
        "FireDiscoveryAge": 1
      }
    },
    {
      "type": "Feature",
      "id": 433,
      "geometry": {
        "type": "Point",
        "coordinates": [
          -118.63059,
          34.12359
        ]
      },
      "properties": {
        "OBJECTID": 433,
        "IncidentName": "LAC-290042",
        "IncidentTypeCategory": "WF",
        "UniqueFireIdentifier": "2026-CALAC-290042",
        "DailyAcres": null,
        "CalculatedAcres": null,
        "PercentContained": null,
        "ICS209ReportDateTime": null,
        "FireDiscoveryDateTime": 1786863434000,
        "DiscoveryAcres": 0.01,
        "POOCounty": "Los Angeles",
        "POOState": "US-CA",
        "FireCause": "Undetermined",
        "FireCauseGeneral": null,
        "GACC": "OSCC",
        "TotalIncidentPersonnel": null,
        "IncidentManagementOrganization": null,
        "FireMgmtComplexity": null,
        "ResidencesDestroyed": null,
        "OtherStructuresDestroyed": null,
        "Injuries": null,
        "Fatalities": null,
        "PredominantFuelGroup": null,
        "PredominantFuelModel": null,
        "PrimaryFuelModel": null,
        "ContainmentDateTime": null,
        "ControlDateTime": null,
        "FinalAcres": null,
        "IsValid": 1,
        "FireOutDateTime": null,
        "ModifiedOnDateTime": 1786863485000,
        "IncidentTypeKind": "FI",
        "IrwinID": "81b1d326-9c45-43e6-93f8-d95b80ef8fcd",
        "GlobalID": "0f001ff8-841a-4982-a80e-fd1656f406fa",
        "ModifiedOnAge": 1,
        "FireDiscoveryAge": 1
      }
    },
    {
      "type": "Feature",
      "id": 196,
      "geometry": {
        "type": "Point",
        "coordinates": [
          -123.16114,
          38.9924600000001
        ]
      },
      "properties": {
        "OBJECTID": 196,
        "IncidentName": "FELIZ",
        "IncidentTypeCategory": "WF",
        "UniqueFireIdentifier": "2026-CAMEU-008929",
        "DailyAcres": 872,
        "CalculatedAcres": null,
        "PercentContained": 100,
        "ICS209ReportDateTime": 1786578334000,
        "FireDiscoveryDateTime": 1785623948000,
        "DiscoveryAcres": 0.01,
        "POOCounty": "Mendocino",
        "POOState": "US-CA",
        "FireCause": "Undetermined",
        "FireCauseGeneral": null,
        "GACC": "ONCC",
        "TotalIncidentPersonnel": 3,
        "IncidentManagementOrganization": "Type 3 IC",
        "FireMgmtComplexity": null,
        "ResidencesDestroyed": 0,
        "OtherStructuresDestroyed": 0,
        "Injuries": 6,
        "Fatalities": null,
        "PredominantFuelGroup": null,
        "PredominantFuelModel": null,
        "PrimaryFuelModel": "Tall Grass (2.5 feet)",
        "ContainmentDateTime": null,
        "ControlDateTime": null,
        "FinalAcres": null,
        "IsValid": 1,
        "FireOutDateTime": null,
        "ModifiedOnDateTime": 1786578334000,
        "IncidentTypeKind": "FI",
        "IrwinID": "5ac0b49d-3f64-4344-826a-5dbb1925e757",
        "GlobalID": "b170ffc3-f219-4c9e-bb50-f40c0a9a6a96",
        "ModifiedOnAge": 5,
        "FireDiscoveryAge": 16
      }
    },
    {
      "type": "Feature",
      "id": 90,
      "geometry": {
        "type": "Point",
        "coordinates": [
          -120.759188,
          45.0001370000001
        ]
      },
      "properties": {
        "OBJECTID": 90,
        "IncidentName": "0432",
        "IncidentTypeCategory": "WF",
        "UniqueFireIdentifier": "2026-ORPRD-000432",
        "DailyAcres": 2183,
        "CalculatedAcres": null,
        "PercentContained": 100,
        "ICS209ReportDateTime": 1787014564000,
        "FireDiscoveryDateTime": 1784157607000,
        "DiscoveryAcres": 2,
        "POOCounty": "Wasco",
        "POOState": "US-OR",
        "FireCause": "Natural",
        "FireCauseGeneral": null,
        "GACC": "NWCC",
        "TotalIncidentPersonnel": null,
        "IncidentManagementOrganization": null,
        "FireMgmtComplexity": null,
        "ResidencesDestroyed": 0,
        "OtherStructuresDestroyed": 0,
        "Injuries": 0,
        "Fatalities": 0,
        "PredominantFuelGroup": null,
        "PredominantFuelModel": null,
        "PrimaryFuelModel": null,
        "ContainmentDateTime": null,
        "ControlDateTime": null,
        "FinalAcres": null,
        "IsValid": 1,
        "FireOutDateTime": null,
        "ModifiedOnDateTime": 1787014564000,
        "IncidentTypeKind": "FI",
        "IrwinID": "09290068-0244-4a3c-aed4-6d828812f2b1",
        "GlobalID": "b26229e5-6118-4dea-8d02-78642da52682",
        "ModifiedOnAge": 0,
        "FireDiscoveryAge": 33
      }
    },
    {
      "type": "Feature",
      "id": 551,
      "geometry": {
        "type": "Point",
        "coordinates": [
          -104.621062,
          43.485802
        ]
      },
      "properties": {
        "OBJECTID": 551,
        "IncidentName": "Horseshoe Bend",
        "IncidentTypeCategory": "WF",
        "UniqueFireIdentifier": "2026-WYNIX-000418",
        "DailyAcres": 0.67,
        "CalculatedAcres": null,
        "PercentContained": null,
        "ICS209ReportDateTime": null,
        "FireDiscoveryDateTime": 1787005584000,
        "DiscoveryAcres": 0.1,
        "POOCounty": "Niobrara",
        "POOState": "US-WY",
        "FireCause": "Undetermined",
        "FireCauseGeneral": null,
        "GACC": "RMCC",
        "TotalIncidentPersonnel": null,
        "IncidentManagementOrganization": null,
        "FireMgmtComplexity": null,
        "ResidencesDestroyed": null,
        "OtherStructuresDestroyed": null,
        "Injuries": null,
        "Fatalities": null,
        "PredominantFuelGroup": null,
        "PredominantFuelModel": null,
        "PrimaryFuelModel": null,
        "ContainmentDateTime": null,
        "ControlDateTime": null,
        "FinalAcres": null,
        "IsValid": 1,
        "FireOutDateTime": null,
        "ModifiedOnDateTime": 1787014617000,
        "IncidentTypeKind": "FI",
        "IrwinID": "0fae4020-023e-4bb5-bd5b-268597584b61",
        "GlobalID": "b86930ae-b10b-4470-bb4f-d0d7190dbf9d",
        "ModifiedOnAge": 0,
        "FireDiscoveryAge": 0
      }
    },
    {
      "type": "Feature",
      "id": 539,
      "geometry": {
        "type": "Point",
        "coordinates": [
          -120.9186,
          47.11803
        ]
      },
      "properties": {
        "OBJECTID": 539,
        "IncidentName": "IMPOSSIBLE",
        "IncidentTypeCategory": "WF",
        "UniqueFireIdentifier": "2026-WAOWF-260690",
        "DailyAcres": 0.1,
        "CalculatedAcres": null,
        "PercentContained": null,
        "ICS209ReportDateTime": null,
        "FireDiscoveryDateTime": 1786661760000,
        "DiscoveryAcres": 0.1,
        "POOCounty": "Kittitas",
        "POOState": "US-WA",
        "FireCause": "Human",
        "FireCauseGeneral": null,
        "GACC": "NWCC",
        "TotalIncidentPersonnel": null,
        "IncidentManagementOrganization": null,
        "FireMgmtComplexity": null,
        "ResidencesDestroyed": null,
        "OtherStructuresDestroyed": null,
        "Injuries": null,
        "Fatalities": null,
        "PredominantFuelGroup": null,
        "PredominantFuelModel": null,
        "PrimaryFuelModel": null,
        "ContainmentDateTime": null,
        "ControlDateTime": null,
        "FinalAcres": null,
        "IsValid": 1,
        "FireOutDateTime": null,
        "ModifiedOnDateTime": 1787010142000,
        "IncidentTypeKind": "FI",
        "IrwinID": "98635163-5bb1-475c-a2e1-cea5ba875ef2",
        "GlobalID": "7a9a62c2-816f-48a0-8ae2-db151d2c7535",
        "ModifiedOnAge": 0,
        "FireDiscoveryAge": 4
      }
    },
    {
      "type": "Feature",
      "id": 290,
      "geometry": {
        "type": "Point",
        "coordinates": [
          -108.46262,
          46.45813
        ]
      },
      "properties": {
        "OBJECTID": 290,
        "IncidentName": "Pivot",
        "IncidentTypeCategory": "WF",
        "UniqueFireIdentifier": "2026-MTLG23-261087",
        "DailyAcres": 3.5,
        "CalculatedAcres": null,
        "PercentContained": null,
        "ICS209ReportDateTime": null,
        "FireDiscoveryDateTime": 1786399200000,
        "DiscoveryAcres": 3.5,
        "POOCounty": "Musselshell",
        "POOState": "US-MT",
        "FireCause": "Undetermined",
        "FireCauseGeneral": null,
        "GACC": "NRCC",
        "TotalIncidentPersonnel": null,
        "IncidentManagementOrganization": null,
        "FireMgmtComplexity": null,
        "ResidencesDestroyed": null,
        "OtherStructuresDestroyed": null,
        "Injuries": null,
        "Fatalities": null,
        "PredominantFuelGroup": null,
        "PredominantFuelModel": null,
        "PrimaryFuelModel": null,
        "ContainmentDateTime": null,
        "ControlDateTime": null,
        "FinalAcres": null,
        "IsValid": 1,
        "FireOutDateTime": null,
        "ModifiedOnDateTime": 1786983768000,
        "IncidentTypeKind": "FI",
        "IrwinID": "3522e0f6-d437-488d-9e63-5e330be78fa4",
        "GlobalID": "5696bfbb-4447-49df-b288-b0952b588c7b",
        "ModifiedOnAge": 0,
        "FireDiscoveryAge": 7
      }
    },
    {
      "type": "Feature",
      "id": 253,
      "geometry": {
        "type": "Point",
        "coordinates": [
          -108.64581,
          45.9723300000001
        ]
      },
      "properties": {
        "OBJECTID": 253,
        "IncidentName": "Buffalo Spring",
        "IncidentTypeCategory": "WF",
        "UniqueFireIdentifier": "2026-MTLG03-261064",
        "DailyAcres": 15,
        "CalculatedAcres": null,
        "PercentContained": null,
        "ICS209ReportDateTime": null,
        "FireDiscoveryDateTime": 1786132283000,
        "DiscoveryAcres": 15,
        "POOCounty": "Yellowstone",
        "POOState": "US-MT",
        "FireCause": "Human",
        "FireCauseGeneral": null,
        "GACC": "NRCC",
        "TotalIncidentPersonnel": null,
        "IncidentManagementOrganization": null,
        "FireMgmtComplexity": null,
        "ResidencesDestroyed": null,
        "OtherStructuresDestroyed": null,
        "Injuries": null,
        "Fatalities": null,
        "PredominantFuelGroup": null,
        "PredominantFuelModel": null,
        "PrimaryFuelModel": null,
        "ContainmentDateTime": null,
        "ControlDateTime": null,
        "FinalAcres": null,
        "IsValid": 1,
        "FireOutDateTime": null,
        "ModifiedOnDateTime": 1786995229000,
        "IncidentTypeKind": "FI",
        "IrwinID": "9faefc3a-d239-48ea-9ea5-ded946e9b8dc",
        "GlobalID": "fc5e69e9-88e1-4678-84ba-49804ee0b1de",
        "ModifiedOnAge": 0,
        "FireDiscoveryAge": 10
      }
    },
    {
      "type": "Feature",
      "id": 104,
      "geometry": {
        "type": "Point",
        "coordinates": [
          -120.4985,
          44.6353330000001
        ]
      },
      "properties": {
        "OBJECTID": 104,
        "IncidentName": "0512 BOX SPRINGS",
        "IncidentTypeCategory": "WF",
        "UniqueFireIdentifier": "2026-OR951S-000512",
        "DailyAcres": 21432,
        "CalculatedAcres": null,
        "PercentContained": 100,
        "ICS209ReportDateTime": 1787014591000,
        "FireDiscoveryDateTime": 1784325600000,
        "DiscoveryAcres": 0.1,
        "POOCounty": "Jefferson",
        "POOState": "US-OR",
        "FireCause": "Natural",
        "FireCauseGeneral": null,
        "GACC": "NWCC",
        "TotalIncidentPersonnel": 209,
        "IncidentManagementOrganization": "Complex Incident Management Team",
        "FireMgmtComplexity": null,
        "ResidencesDestroyed": null,
        "OtherStructuresDestroyed": 1,
        "Injuries": null,
        "Fatalities": null,
        "PredominantFuelGroup": null,
        "PredominantFuelModel": null,
        "PrimaryFuelModel": "Short Grass (1 foot)",
        "ContainmentDateTime": null,
        "ControlDateTime": null,
        "FinalAcres": null,
        "IsValid": 1,
        "FireOutDateTime": null,
        "ModifiedOnDateTime": 1787014591000,
        "IncidentTypeKind": "FI",
        "IrwinID": "7feb8502-6a78-4387-b8a7-fe675182b1bb",
        "GlobalID": "a52c6a29-b65e-4bb5-8df0-9c64c04bd96c",
        "ModifiedOnAge": 0,
        "FireDiscoveryAge": 31
      }
    },
    {
      "type": "Feature",
      "id": 396,
      "geometry": {
        "type": "Point",
        "coordinates": [
          -118.433217,
          45.303033
        ]
      },
      "properties": {
        "OBJECTID": 396,
        "IncidentName": "Long Cut",
        "IncidentTypeCategory": "WF",
        "UniqueFireIdentifier": "2026-ORWWF-000471",
        "DailyAcres": 2.1,
        "CalculatedAcres": null,
        "PercentContained": null,
        "ICS209ReportDateTime": null,
        "FireDiscoveryDateTime": 1786825740000,
        "DiscoveryAcres": 3,
        "POOCounty": "Union",
        "POOState": "US-OR",
        "FireCause": "Natural",
        "FireCauseGeneral": null,
        "GACC": "NWCC",
        "TotalIncidentPersonnel": null,
        "IncidentManagementOrganization": null,
        "FireMgmtComplexity": null,
        "ResidencesDestroyed": null,
        "OtherStructuresDestroyed": null,
        "Injuries": null,
        "Fatalities": null,
        "PredominantFuelGroup": null,
        "PredominantFuelModel": null,
        "PrimaryFuelModel": null,
        "ContainmentDateTime": null,
        "ControlDateTime": null,
        "FinalAcres": null,
        "IsValid": 1,
        "FireOutDateTime": null,
        "ModifiedOnDateTime": 1786849036000,
        "IncidentTypeKind": "FI",
        "IrwinID": "fe7e035f-d910-4f84-b90b-0e73296b2d3d",
        "GlobalID": "0d4b3b02-80fe-407b-810b-e6661e9915db",
        "ModifiedOnAge": 2,
        "FireDiscoveryAge": 2
      }
    },
    {
      "type": "Feature",
      "id": 147,
      "geometry": {
        "type": "Point",
        "coordinates": [
          -118.114443,
          48.312618
        ]
      },
      "properties": {
        "OBJECTID": 147,
        "IncidentName": "BRADEEN HILL",
        "IncidentTypeCategory": "WF",
        "UniqueFireIdentifier": "2026-WANES-001782",
        "DailyAcres": 4417,
        "CalculatedAcres": null,
        "PercentContained": 96,
        "ICS209ReportDateTime": 1787010624000,
        "FireDiscoveryDateTime": 1785012720000,
        "DiscoveryAcres": 2,
        "POOCounty": "Stevens",
        "POOState": "US-WA",
        "FireCause": "Human",
        "FireCauseGeneral": null,
        "GACC": "NWCC",
        "TotalIncidentPersonnel": 32,
        "IncidentManagementOrganization": "Type 4 IC",
        "FireMgmtComplexity": null,
        "ResidencesDestroyed": 3,
        "OtherStructuresDestroyed": null,
        "Injuries": 7,
        "Fatalities": null,
        "PredominantFuelGroup": null,
        "PredominantFuelModel": null,
        "PrimaryFuelModel": "Timber (Grass and Understory)",
        "ContainmentDateTime": null,
        "ControlDateTime": null,
        "FinalAcres": null,
        "IsValid": 1,
        "FireOutDateTime": null,
        "ModifiedOnDateTime": 1787010624000,
        "IncidentTypeKind": "FI",
        "IrwinID": "bb27075a-ffa2-4619-8f54-1334194cddbc",
        "GlobalID": "458734ef-4e85-401f-8a15-8f4c712eaf67",
        "ModifiedOnAge": 0,
        "FireDiscoveryAge": 23
      }
    },
    {
      "type": "Feature",
      "id": 247,
      "geometry": {
        "type": "Point",
        "coordinates": [
          -105.8556,
          44.366767
        ]
      },
      "properties": {
        "OBJECTID": 247,
        "IncidentName": "Montgomery Draw",
        "IncidentTypeCategory": "WF",
        "UniqueFireIdentifier": "2026-WYCMX-000389",
        "DailyAcres": 536,
        "CalculatedAcres": null,
        "PercentContained": 100,
        "ICS209ReportDateTime": 1786156888000,
        "FireDiscoveryDateTime": 1786050388000,
        "DiscoveryAcres": 0.1,
        "POOCounty": "Campbell",
        "POOState": "US-WY",
        "FireCause": "Human",
        "FireCauseGeneral": null,
        "GACC": "RMCC",
        "TotalIncidentPersonnel": 19,
        "IncidentManagementOrganization": "Type 4 IC",
        "FireMgmtComplexity": null,
        "ResidencesDestroyed": null,
        "OtherStructuresDestroyed": null,
        "Injuries": null,
        "Fatalities": null,
        "PredominantFuelGroup": null,
        "PredominantFuelModel": null,
        "PrimaryFuelModel": "Short Grass (1 foot)",
        "ContainmentDateTime": null,
        "ControlDateTime": null,
        "FinalAcres": null,
        "IsValid": 1,
        "FireOutDateTime": null,
        "ModifiedOnDateTime": 1786482249000,
        "IncidentTypeKind": "FI",
        "IrwinID": "daa981cb-a3e9-4568-82de-cf0bc9c50806",
        "GlobalID": "1eade9db-0057-42c4-8d8e-da8cde3568f9",
        "ModifiedOnAge": 6,
        "FireDiscoveryAge": 11
      }
    },
    {
      "type": "Feature",
      "id": 451,
      "geometry": {
        "type": "Point",
        "coordinates": [
          -114.327,
          42.2289000000001
        ]
      },
      "properties": {
        "OBJECTID": 451,
        "IncidentName": "Black Hills RX",
        "IncidentTypeCategory": "RX",
        "UniqueFireIdentifier": "2026-IDSTF-000195",
        "DailyAcres": null,
        "CalculatedAcres": null,
        "PercentContained": null,
        "ICS209ReportDateTime": null,
        "FireDiscoveryDateTime": 1785608400000,
        "DiscoveryAcres": null,
        "POOCounty": "Twin Falls",
        "POOState": "US-ID",
        "FireCause": "Undetermined",
        "FireCauseGeneral": null,
        "GACC": "GBCC",
        "TotalIncidentPersonnel": null,
        "IncidentManagementOrganization": null,
        "FireMgmtComplexity": null,
        "ResidencesDestroyed": null,
        "OtherStructuresDestroyed": null,
        "Injuries": null,
        "Fatalities": null,
        "PredominantFuelGroup": null,
        "PredominantFuelModel": null,
        "PrimaryFuelModel": null,
        "ContainmentDateTime": null,
        "ControlDateTime": null,
        "FinalAcres": null,
        "IsValid": 1,
        "FireOutDateTime": null,
        "ModifiedOnDateTime": 1786904546000,
        "IncidentTypeKind": "FI",
        "IrwinID": "1b719683-c6c6-475e-9b4b-be5c05ef7c9d",
        "GlobalID": "237d0c90-bcbc-4277-8f4b-a425a9c0b4e3",
        "ModifiedOnAge": 1,
        "FireDiscoveryAge": 16
      }
    },
    {
      "type": "Feature",
      "id": 119,
      "geometry": {
        "type": "Point",
        "coordinates": [
          -119.8976,
          44.468717
        ]
      },
      "properties": {
        "OBJECTID": 119,
        "IncidentName": "0587 SHINGLE",
        "IncidentTypeCategory": "WF",
        "UniqueFireIdentifier": "2026-OR953S-000587",
        "DailyAcres": 73183,
        "CalculatedAcres": null,
        "PercentContained": 91,
        "ICS209ReportDateTime": 1787013073000,
        "FireDiscoveryDateTime": 1784829557000,
        "DiscoveryAcres": 0.1,
        "POOCounty": "Wheeler",
        "POOState": "US-OR",
        "FireCause": "Natural",
        "FireCauseGeneral": null,
        "GACC": "NWCC",
        "TotalIncidentPersonnel": 324,
        "IncidentManagementOrganization": "Type 3 IC",
        "FireMgmtComplexity": null,
        "ResidencesDestroyed": 4,
        "OtherStructuresDestroyed": 1,
        "Injuries": null,
        "Fatalities": null,
        "PredominantFuelGroup": null,
        "PredominantFuelModel": null,
        "PrimaryFuelModel": "Short Grass (1 foot)",
        "ContainmentDateTime": null,
        "ControlDateTime": null,
        "FinalAcres": null,
        "IsValid": 1,
        "FireOutDateTime": null,
        "ModifiedOnDateTime": 1787013073000,
        "IncidentTypeKind": "FI",
        "IrwinID": "005f6c67-604a-49e5-bbb9-0abf4924980b",
        "GlobalID": "758e6f29-ccad-4d9f-a3f2-cc3dc2511e7c",
        "ModifiedOnAge": 0,
        "FireDiscoveryAge": 25
      }
    },
    {
      "type": "Feature",
      "id": 428,
      "geometry": {
        "type": "Point",
        "coordinates": [
          -103.9452,
          33.5076500000001
        ]
      },
      "properties": {
        "OBJECTID": 428,
        "IncidentName": "CATO 2",
        "IncidentTypeCategory": "WF",
        "UniqueFireIdentifier": "2026-NMROD-000632",
        "DailyAcres": 2080,
        "CalculatedAcres": null,
        "PercentContained": 100,
        "ICS209ReportDateTime": 1786997019000,
        "FireDiscoveryDateTime": 1786835894000,
        "DiscoveryAcres": 1000,
        "POOCounty": "Chaves",
        "POOState": "US-NM",
        "FireCause": "Natural",
        "FireCauseGeneral": null,
        "GACC": "SWCC",
        "TotalIncidentPersonnel": 6,
        "IncidentManagementOrganization": "Type 4 IC",
        "FireMgmtComplexity": null,
        "ResidencesDestroyed": null,
        "OtherStructuresDestroyed": null,
        "Injuries": null,
        "Fatalities": null,
        "PredominantFuelGroup": null,
        "PredominantFuelModel": null,
        "PrimaryFuelModel": "Brush (2 feet)",
        "ContainmentDateTime": 1786989600000,
        "ControlDateTime": null,
        "FinalAcres": null,
        "IsValid": 1,
        "FireOutDateTime": null,
        "ModifiedOnDateTime": 1787005731000,
        "IncidentTypeKind": "FI",
        "IrwinID": "e345f2a9-98f3-4472-9697-b921ae58eff0",
        "GlobalID": "15de6701-4b07-4229-9bd9-d14022dba179",
        "ModifiedOnAge": 0,
        "FireDiscoveryAge": 2
      }
    },
    {
      "type": "Feature",
      "id": 96,
      "geometry": {
        "type": "Point",
        "coordinates": [
          -120.6095,
          48.9420000000001
        ]
      },
      "properties": {
        "OBJECTID": 96,
        "IncidentName": "PTARMIGAN",
        "IncidentTypeCategory": "WF",
        "UniqueFireIdentifier": "2026-WAOWF-260448",
        "DailyAcres": 24647,
        "CalculatedAcres": null,
        "PercentContained": 55,
        "ICS209ReportDateTime": 1787014103000,
        "FireDiscoveryDateTime": 1784301660000,
        "DiscoveryAcres": 0.1,
        "POOCounty": "Okanogan",
        "POOState": "US-WA",
        "FireCause": "Undetermined",
        "FireCauseGeneral": null,
        "GACC": "NWCC",
        "TotalIncidentPersonnel": 42,
        "IncidentManagementOrganization": "NIMO",
        "FireMgmtComplexity": null,
        "ResidencesDestroyed": null,
        "OtherStructuresDestroyed": null,
        "Injuries": 1,
        "Fatalities": null,
        "PredominantFuelGroup": null,
        "PredominantFuelModel": null,
        "PrimaryFuelModel": "Timber (Litter and Understory)",
        "ContainmentDateTime": null,
        "ControlDateTime": null,
        "FinalAcres": null,
        "IsValid": 1,
        "FireOutDateTime": null,
        "ModifiedOnDateTime": 1787014103000,
        "IncidentTypeKind": "FI",
        "IrwinID": "735ffadd-9f45-4188-a66b-335931316e23",
        "GlobalID": "f8247684-7c4d-423c-9f9e-759d97fd5cbc",
        "ModifiedOnAge": 0,
        "FireDiscoveryAge": 31
      }
    },
    {
      "type": "Feature",
      "id": 142,
      "geometry": {
        "type": "Point",
        "coordinates": [
          -118.955667,
          43.0450000000001
        ]
      },
      "properties": {
        "OBJECTID": 142,
        "IncidentName": "Jackass Butte",
        "IncidentTypeCategory": "WF",
        "UniqueFireIdentifier": "2026-ORBUD-002694",
        "DailyAcres": 24724,
        "CalculatedAcres": null,
        "PercentContained": 92,
        "ICS209ReportDateTime": 1787016888000,
        "FireDiscoveryDateTime": 1784939460000,
        "DiscoveryAcres": 0.1,
        "POOCounty": "Harney",
        "POOState": "US-OR",
        "FireCause": "Natural",
        "FireCauseGeneral": null,
        "GACC": "NWCC",
        "TotalIncidentPersonnel": 52,
        "IncidentManagementOrganization": "Type 3 Team",
        "FireMgmtComplexity": null,
        "ResidencesDestroyed": null,
        "OtherStructuresDestroyed": 2,
        "Injuries": null,
        "Fatalities": null,
        "PredominantFuelGroup": null,
        "PredominantFuelModel": null,
        "PrimaryFuelModel": "Short Grass (1 foot)",
        "ContainmentDateTime": null,
        "ControlDateTime": null,
        "FinalAcres": null,
        "IsValid": 1,
        "FireOutDateTime": null,
        "ModifiedOnDateTime": 1787016888000,
        "IncidentTypeKind": "FI",
        "IrwinID": "0c7a5b02-3b18-4ced-b10b-e9c315773c19",
        "GlobalID": "86f021a0-bfd2-4343-978f-2d5acc18ba08",
        "ModifiedOnAge": 0,
        "FireDiscoveryAge": 24
      }
    },
    {
      "type": "Feature",
      "id": 474,
      "geometry": {
        "type": "Point",
        "coordinates": [
          -104.3669,
          35.2992600000001
        ]
      },
      "properties": {
        "OBJECTID": 474,
        "IncidentName": "Honegger",
        "IncidentTypeCategory": "WF",
        "UniqueFireIdentifier": "2026-NMN4S-000469",
        "DailyAcres": 2,
        "CalculatedAcres": null,
        "PercentContained": null,
        "ICS209ReportDateTime": null,
        "FireDiscoveryDateTime": 1786721700000,
        "DiscoveryAcres": 2,
        "POOCounty": "San Miguel",
        "POOState": "US-NM",
        "FireCause": "Undetermined",
        "FireCauseGeneral": null,
        "GACC": "SWCC",
        "TotalIncidentPersonnel": null,
        "IncidentManagementOrganization": null,
        "FireMgmtComplexity": null,
        "ResidencesDestroyed": null,
        "OtherStructuresDestroyed": null,
        "Injuries": null,
        "Fatalities": null,
        "PredominantFuelGroup": null,
        "PredominantFuelModel": null,
        "PrimaryFuelModel": null,
        "ContainmentDateTime": null,
        "ControlDateTime": null,
        "FinalAcres": null,
        "IsValid": 1,
        "FireOutDateTime": null,
        "ModifiedOnDateTime": 1786922764000,
        "IncidentTypeKind": "FI",
        "IrwinID": "c1d7a26e-f8ad-425e-97b9-c5d95cc46e7b",
        "GlobalID": "becbdde4-6c9f-470f-ab85-ba6e778ff5d2",
        "ModifiedOnAge": 1,
        "FireDiscoveryAge": 3
      }
    },
    {
      "type": "Feature",
      "id": 211,
      "geometry": {
        "type": "Point",
        "coordinates": [
          -108.49521,
          45.80449
        ]
      },
      "properties": {
        "OBJECTID": 211,
        "IncidentName": "Black Pine",
        "IncidentTypeCategory": "WF",
        "UniqueFireIdentifier": "2026-MTLG03-261024",
        "DailyAcres": 1,
        "CalculatedAcres": null,
        "PercentContained": null,
        "ICS209ReportDateTime": null,
        "FireDiscoveryDateTime": 1785709433000,
        "DiscoveryAcres": 1,
        "POOCounty": "Yellowstone",
        "POOState": "US-MT",
        "FireCause": "Undetermined",
        "FireCauseGeneral": null,
        "GACC": "NRCC",
        "TotalIncidentPersonnel": null,
        "IncidentManagementOrganization": null,
        "FireMgmtComplexity": null,
        "ResidencesDestroyed": null,
        "OtherStructuresDestroyed": null,
        "Injuries": null,
        "Fatalities": null,
        "PredominantFuelGroup": null,
        "PredominantFuelModel": null,
        "PrimaryFuelModel": null,
        "ContainmentDateTime": null,
        "ControlDateTime": null,
        "FinalAcres": null,
        "IsValid": 1,
        "FireOutDateTime": null,
        "ModifiedOnDateTime": 1786997805000,
        "IncidentTypeKind": "FI",
        "IrwinID": "e7da4822-3948-4477-aacd-5466710a570b",
        "GlobalID": "ee431f17-fe9f-402d-bf51-a1c3b39828dd",
        "ModifiedOnAge": 0,
        "FireDiscoveryAge": 15
      }
    },
    {
      "type": "Feature",
      "id": 188,
      "geometry": {
        "type": "Point",
        "coordinates": [
          -108.405,
          45.422917
        ]
      },
      "properties": {
        "OBJECTID": 188,
        "IncidentName": "HWY 91 INC 964",
        "IncidentTypeCategory": "WF",
        "UniqueFireIdentifier": "2026-MTLG22-260964",
        "DailyAcres": 361,
        "CalculatedAcres": null,
        "PercentContained": 100,
        "ICS209ReportDateTime": 1785606005000,
        "FireDiscoveryDateTime": 1785534000000,
        "DiscoveryAcres": 10,
        "POOCounty": "Big Horn",
        "POOState": "US-MT",
        "FireCause": "Human",
        "FireCauseGeneral": null,
        "GACC": "NRCC",
        "TotalIncidentPersonnel": null,
        "IncidentManagementOrganization": "Type 4 IC",
        "FireMgmtComplexity": null,
        "ResidencesDestroyed": null,
        "OtherStructuresDestroyed": null,
        "Injuries": null,
        "Fatalities": null,
        "PredominantFuelGroup": null,
        "PredominantFuelModel": null,
        "PrimaryFuelModel": "Short Grass (1 foot)",
        "ContainmentDateTime": null,
        "ControlDateTime": null,
        "FinalAcres": null,
        "IsValid": 1,
        "FireOutDateTime": null,
        "ModifiedOnDateTime": 1786998367000,
        "IncidentTypeKind": "FI",
        "IrwinID": "6c73fb59-07fe-4267-a5e5-78e4de57120d",
        "GlobalID": "97efeaa3-03e1-4cbb-b186-33b2786f7880",
        "ModifiedOnAge": 0,
        "FireDiscoveryAge": 17
      }
    },
    {
      "type": "Feature",
      "id": 305,
      "geometry": {
        "type": "Point",
        "coordinates": [
          -107.91364,
          45.76701
        ]
      },
      "properties": {
        "OBJECTID": 305,
        "IncidentName": "480",
        "IncidentTypeCategory": "WF",
        "UniqueFireIdentifier": "2026-MTLG22-261095",
        "DailyAcres": 28.1,
        "CalculatedAcres": null,
        "PercentContained": null,
        "ICS209ReportDateTime": null,
        "FireDiscoveryDateTime": 1786487418000,
        "DiscoveryAcres": 0.5,
        "POOCounty": "Big Horn",
        "POOState": "US-MT",
        "FireCause": "Human",
        "FireCauseGeneral": null,
        "GACC": "NRCC",
        "TotalIncidentPersonnel": null,
        "IncidentManagementOrganization": null,
        "FireMgmtComplexity": null,
        "ResidencesDestroyed": null,
        "OtherStructuresDestroyed": null,
        "Injuries": null,
        "Fatalities": null,
        "PredominantFuelGroup": null,
        "PredominantFuelModel": null,
        "PrimaryFuelModel": null,
        "ContainmentDateTime": null,
        "ControlDateTime": null,
        "FinalAcres": null,
        "IsValid": 1,
        "FireOutDateTime": null,
        "ModifiedOnDateTime": 1786983650000,
        "IncidentTypeKind": "FI",
        "IrwinID": "e6d5a2de-d081-4b69-89e9-5038aa4dc2a7",
        "GlobalID": "fab7e2b0-a16f-4581-9203-7eabbebe5055",
        "ModifiedOnAge": 0,
        "FireDiscoveryAge": 6
      }
    },
    {
      "type": "Feature",
      "id": 503,
      "geometry": {
        "type": "Point",
        "coordinates": [
          -118.14285,
          34.6017400000001
        ]
      },
      "properties": {
        "OBJECTID": 503,
        "IncidentName": "LAC-291790",
        "IncidentTypeCategory": "WF",
        "UniqueFireIdentifier": "2026-CALAC-291790",
        "DailyAcres": null,
        "CalculatedAcres": null,
        "PercentContained": null,
        "ICS209ReportDateTime": null,
        "FireDiscoveryDateTime": 1786987901000,
        "DiscoveryAcres": 0.01,
        "POOCounty": "Los Angeles",
        "POOState": "US-CA",
        "FireCause": "Undetermined",
        "FireCauseGeneral": null,
        "GACC": "OSCC",
        "TotalIncidentPersonnel": null,
        "IncidentManagementOrganization": null,
        "FireMgmtComplexity": null,
        "ResidencesDestroyed": null,
        "OtherStructuresDestroyed": null,
        "Injuries": null,
        "Fatalities": null,
        "PredominantFuelGroup": null,
        "PredominantFuelModel": null,
        "PrimaryFuelModel": null,
        "ContainmentDateTime": null,
        "ControlDateTime": null,
        "FinalAcres": null,
        "IsValid": 1,
        "FireOutDateTime": null,
        "ModifiedOnDateTime": 1786987938000,
        "IncidentTypeKind": "FI",
        "IrwinID": "4df56999-d1d5-4d42-916e-e7fe50879e76",
        "GlobalID": "37b87afa-8fc1-4096-9897-15950443e6ba",
        "ModifiedOnAge": 0,
        "FireDiscoveryAge": 0
      }
    },
    {
      "type": "Feature",
      "id": 334,
      "geometry": {
        "type": "Point",
        "coordinates": [
          -120.919333,
          47.1298330000001
        ]
      },
      "properties": {
        "OBJECTID": 334,
        "IncidentName": "TANEUM CREEK",
        "IncidentTypeCategory": "WF",
        "UniqueFireIdentifier": "2026-WAOWF-260647",
        "DailyAcres": 15.74,
        "CalculatedAcres": null,
        "PercentContained": null,
        "ICS209ReportDateTime": null,
        "FireDiscoveryDateTime": 1786613760000,
        "DiscoveryAcres": 10,
        "POOCounty": "Kittitas",
        "POOState": "US-WA",
        "FireCause": "Human",
        "FireCauseGeneral": null,
        "GACC": "NWCC",
        "TotalIncidentPersonnel": null,
        "IncidentManagementOrganization": null,
        "FireMgmtComplexity": null,
        "ResidencesDestroyed": null,
        "OtherStructuresDestroyed": null,
        "Injuries": null,
        "Fatalities": null,
        "PredominantFuelGroup": null,
        "PredominantFuelModel": null,
        "PrimaryFuelModel": null,
        "ContainmentDateTime": null,
        "ControlDateTime": null,
        "FinalAcres": null,
        "IsValid": 1,
        "FireOutDateTime": null,
        "ModifiedOnDateTime": 1786837328000,
        "IncidentTypeKind": "FI",
        "IrwinID": "6785740b-97fe-4c1a-9f1a-2b5af68f19e3",
        "GlobalID": "75996100-175b-487f-a403-294e22b0cd89",
        "ModifiedOnAge": 2,
        "FireDiscoveryAge": 4
      }
    },
    {
      "type": "Feature",
      "id": 480,
      "geometry": {
        "type": "Point",
        "coordinates": [
          -118.17957,
          34.6638600000001
        ]
      },
      "properties": {
        "OBJECTID": 480,
        "IncidentName": "LAC-290975",
        "IncidentTypeCategory": "WF",
        "UniqueFireIdentifier": "2026-CALAC-290975",
        "DailyAcres": null,
        "CalculatedAcres": null,
        "PercentContained": null,
        "ICS209ReportDateTime": null,
        "FireDiscoveryDateTime": 1786927203000,
        "DiscoveryAcres": 0.01,
        "POOCounty": "Los Angeles",
        "POOState": "US-CA",
        "FireCause": "Undetermined",
        "FireCauseGeneral": null,
        "GACC": "OSCC",
        "TotalIncidentPersonnel": null,
        "IncidentManagementOrganization": null,
        "FireMgmtComplexity": null,
        "ResidencesDestroyed": null,
        "OtherStructuresDestroyed": null,
        "Injuries": null,
        "Fatalities": null,
        "PredominantFuelGroup": null,
        "PredominantFuelModel": null,
        "PrimaryFuelModel": null,
        "ContainmentDateTime": null,
        "ControlDateTime": null,
        "FinalAcres": null,
        "IsValid": 1,
        "FireOutDateTime": null,
        "ModifiedOnDateTime": 1786927247000,
        "IncidentTypeKind": "FI",
        "IrwinID": "b49dd6ea-77eb-4bb3-ab24-216a6cf409de",
        "GlobalID": "029fdad8-c20a-426f-be05-7eb589eb4f9a",
        "ModifiedOnAge": 1,
        "FireDiscoveryAge": 1
      }
    },
    {
      "type": "Feature",
      "id": 357,
      "geometry": {
        "type": "Point",
        "coordinates": [
          -120.830667,
          48.3466670000001
        ]
      },
      "properties": {
        "OBJECTID": 357,
        "IncidentName": "SISI",
        "IncidentTypeCategory": "WF",
        "UniqueFireIdentifier": "2026-WAOWF-260664",
        "DailyAcres": 0.5,
        "CalculatedAcres": null,
        "PercentContained": null,
        "ICS209ReportDateTime": null,
        "FireDiscoveryDateTime": 1786730603000,
        "DiscoveryAcres": 0.5,
        "POOCounty": "Chelan",
        "POOState": "US-WA",
        "FireCause": "Natural",
        "FireCauseGeneral": null,
        "GACC": "NWCC",
        "TotalIncidentPersonnel": null,
        "IncidentManagementOrganization": null,
        "FireMgmtComplexity": null,
        "ResidencesDestroyed": null,
        "OtherStructuresDestroyed": null,
        "Injuries": null,
        "Fatalities": null,
        "PredominantFuelGroup": null,
        "PredominantFuelModel": null,
        "PrimaryFuelModel": null,
        "ContainmentDateTime": null,
        "ControlDateTime": null,
        "FinalAcres": null,
        "IsValid": 1,
        "FireOutDateTime": null,
        "ModifiedOnDateTime": 1786983358000,
        "IncidentTypeKind": "FI",
        "IrwinID": "dc4342d9-b479-44f1-906c-8abd42e1f59c",
        "GlobalID": "7fff1255-a5af-42ca-9ad6-443a1818def9",
        "ModifiedOnAge": 0,
        "FireDiscoveryAge": 3
      }
    },
    {
      "type": "Feature",
      "id": 374,
      "geometry": {
        "type": "Point",
        "coordinates": [
          -118.0057,
          34.0519400000001
        ]
      },
      "properties": {
        "OBJECTID": 374,
        "IncidentName": "LAC-288806",
        "IncidentTypeCategory": "WF",
        "UniqueFireIdentifier": "2026-CALAC-288806",
        "DailyAcres": null,
        "CalculatedAcres": null,
        "PercentContained": null,
        "ICS209ReportDateTime": null,
        "FireDiscoveryDateTime": 1786781852000,
        "DiscoveryAcres": 0.01,
        "POOCounty": "Los Angeles",
        "POOState": "US-CA",
        "FireCause": "Undetermined",
        "FireCauseGeneral": null,
        "GACC": "OSCC",
        "TotalIncidentPersonnel": null,
        "IncidentManagementOrganization": null,
        "FireMgmtComplexity": null,
        "ResidencesDestroyed": null,
        "OtherStructuresDestroyed": null,
        "Injuries": null,
        "Fatalities": null,
        "PredominantFuelGroup": null,
        "PredominantFuelModel": null,
        "PrimaryFuelModel": null,
        "ContainmentDateTime": null,
        "ControlDateTime": null,
        "FinalAcres": null,
        "IsValid": 1,
        "FireOutDateTime": null,
        "ModifiedOnDateTime": 1786783240000,
        "IncidentTypeKind": "FI",
        "IrwinID": "d254f15d-4c0a-444e-a589-6d9f493716a7",
        "GlobalID": "e65fc288-9115-4298-9531-3eefa0b605f5",
        "ModifiedOnAge": 2,
        "FireDiscoveryAge": 2
      }
    },
    {
      "type": "Feature",
      "id": 457,
      "geometry": {
        "type": "Point",
        "coordinates": [
          -120.774487,
          43.00919
        ]
      },
      "properties": {
        "OBJECTID": 457,
        "IncidentName": "Picture Rock",
        "IncidentTypeCategory": "WF",
        "UniqueFireIdentifier": "2026-ORLAD-260313",
        "DailyAcres": 1277,
        "CalculatedAcres": null,
        "PercentContained": 10,
        "ICS209ReportDateTime": 1787009507000,
        "FireDiscoveryDateTime": 1786909351000,
        "DiscoveryAcres": 0.1,
        "POOCounty": "Lake",
        "POOState": "US-OR",
        "FireCause": "Undetermined",
        "FireCauseGeneral": null,
        "GACC": "NWCC",
        "TotalIncidentPersonnel": 182,
        "IncidentManagementOrganization": "Type 3 IC",
        "FireMgmtComplexity": null,
        "ResidencesDestroyed": null,
        "OtherStructuresDestroyed": null,
        "Injuries": null,
        "Fatalities": null,
        "PredominantFuelGroup": null,
        "PredominantFuelModel": null,
        "PrimaryFuelModel": "Tall Grass (2.5 feet)",
        "ContainmentDateTime": null,
        "ControlDateTime": null,
        "FinalAcres": null,
        "IsValid": 1,
        "FireOutDateTime": null,
        "ModifiedOnDateTime": 1787009507000,
        "IncidentTypeKind": "FI",
        "IrwinID": "7c564599-3140-4711-843a-d863f53c265d",
        "GlobalID": "ad6edfaf-71e3-447f-9063-349ae31bef57",
        "ModifiedOnAge": 0,
        "FireDiscoveryAge": 1
      }
    },
    {
      "type": "Feature",
      "id": 125,
      "geometry": {
        "type": "Point",
        "coordinates": [
          -109.12551,
          46.3750000000001
        ]
      },
      "properties": {
        "OBJECTID": 125,
        "IncidentName": "Bluff",
        "IncidentTypeCategory": "WF",
        "UniqueFireIdentifier": "2026-MTLG53-260865",
        "DailyAcres": 92,
        "CalculatedAcres": null,
        "PercentContained": null,
        "ICS209ReportDateTime": null,
        "FireDiscoveryDateTime": 1784853394000,
        "DiscoveryAcres": 92,
        "POOCounty": "Golden Valley",
        "POOState": "US-MT",
        "FireCause": "Undetermined",
        "FireCauseGeneral": null,
        "GACC": "NRCC",
        "TotalIncidentPersonnel": null,
        "IncidentManagementOrganization": null,
        "FireMgmtComplexity": null,
        "ResidencesDestroyed": null,
        "OtherStructuresDestroyed": null,
        "Injuries": null,
        "Fatalities": null,
        "PredominantFuelGroup": null,
        "PredominantFuelModel": null,
        "PrimaryFuelModel": null,
        "ContainmentDateTime": null,
        "ControlDateTime": null,
        "FinalAcres": null,
        "IsValid": 1,
        "FireOutDateTime": null,
        "ModifiedOnDateTime": 1786838760000,
        "IncidentTypeKind": "FI",
        "IrwinID": "5a3ba4ea-6cf4-43a4-93f3-0c3b56d917bf",
        "GlobalID": "aa90b663-fada-470c-a85d-eca8e79fe120",
        "ModifiedOnAge": 2,
        "FireDiscoveryAge": 25
      }
    },
    {
      "type": "Feature",
      "id": 65,
      "geometry": {
        "type": "Point",
        "coordinates": [
          -120.350257,
          45.1889400000001
        ]
      },
      "properties": {
        "OBJECTID": 65,
        "IncidentName": "0449 PORCUPINE RIDGE",
        "IncidentTypeCategory": "WF",
        "UniqueFireIdentifier": "2026-ORPRD-000449",
        "DailyAcres": 79200,
        "CalculatedAcres": null,
        "PercentContained": 100,
        "ICS209ReportDateTime": 1786648627000,
        "FireDiscoveryDateTime": 1784164020000,
        "DiscoveryAcres": 0.1,
        "POOCounty": "Gilliam",
        "POOState": "US-OR",
        "FireCause": "Natural",
        "FireCauseGeneral": null,
        "GACC": "NWCC",
        "TotalIncidentPersonnel": 23,
        "IncidentManagementOrganization": "Type 3 IC",
        "FireMgmtComplexity": null,
        "ResidencesDestroyed": null,
        "OtherStructuresDestroyed": null,
        "Injuries": null,
        "Fatalities": null,
        "PredominantFuelGroup": null,
        "PredominantFuelModel": null,
        "PrimaryFuelModel": "Short Grass (1 foot)",
        "ContainmentDateTime": null,
        "ControlDateTime": null,
        "FinalAcres": null,
        "IsValid": 1,
        "FireOutDateTime": null,
        "ModifiedOnDateTime": 1787000773000,
        "IncidentTypeKind": "FI",
        "IrwinID": "ee6fcf97-7637-4721-b125-741098779d99",
        "GlobalID": "556842e4-f3e4-4a19-a8cd-825c03d210f5",
        "ModifiedOnAge": 0,
        "FireDiscoveryAge": 33
      }
    },
    {
      "type": "Feature",
      "id": 219,
      "geometry": {
        "type": "Point",
        "coordinates": [
          -110.48225,
          42.758633
        ]
      },
      "properties": {
        "OBJECTID": 219,
        "IncidentName": "Bare",
        "IncidentTypeCategory": "WF",
        "UniqueFireIdentifier": "2026-WYBTF-002621",
        "DailyAcres": 370,
        "CalculatedAcres": null,
        "PercentContained": 100,
        "ICS209ReportDateTime": 1786837426000,
        "FireDiscoveryDateTime": 1785874454000,
        "DiscoveryAcres": 15,
        "POOCounty": "Sublette",
        "POOState": "US-WY",
        "FireCause": "Undetermined",
        "FireCauseGeneral": null,
        "GACC": "GBCC",
        "TotalIncidentPersonnel": 123,
        "IncidentManagementOrganization": "Type 3 Team",
        "FireMgmtComplexity": null,
        "ResidencesDestroyed": null,
        "OtherStructuresDestroyed": null,
        "Injuries": null,
        "Fatalities": null,
        "PredominantFuelGroup": null,
        "PredominantFuelModel": null,
        "PrimaryFuelModel": "Timber (Litter and Understory)",
        "ContainmentDateTime": null,
        "ControlDateTime": null,
        "FinalAcres": null,
        "IsValid": 1,
        "FireOutDateTime": null,
        "ModifiedOnDateTime": 1786917459000,
        "IncidentTypeKind": "FI",
        "IrwinID": "62d2c172-8852-4e3b-9403-340493d47e8b",
        "GlobalID": "96ca3d54-9af1-4e7f-acab-a6a269e12207",
        "ModifiedOnAge": 1,
        "FireDiscoveryAge": 13
      }
    },
    {
      "type": "Feature",
      "id": 411,
      "geometry": {
        "type": "Point",
        "coordinates": [
          -117.759055,
          39.6533930000001
        ]
      },
      "properties": {
        "OBJECTID": 411,
        "IncidentName": "Healy",
        "IncidentTypeCategory": "WF",
        "UniqueFireIdentifier": "2026-NVCCD-030722",
        "DailyAcres": 22,
        "CalculatedAcres": null,
        "PercentContained": null,
        "ICS209ReportDateTime": null,
        "FireDiscoveryDateTime": 1786832128000,
        "DiscoveryAcres": 0.1,
        "POOCounty": "Churchill",
        "POOState": "US-NV",
        "FireCause": "Natural",
        "FireCauseGeneral": null,
        "GACC": "GBCC",
        "TotalIncidentPersonnel": null,
        "IncidentManagementOrganization": null,
        "FireMgmtComplexity": null,
        "ResidencesDestroyed": null,
        "OtherStructuresDestroyed": null,
        "Injuries": null,
        "Fatalities": null,
        "PredominantFuelGroup": null,
        "PredominantFuelModel": null,
        "PrimaryFuelModel": null,
        "ContainmentDateTime": null,
        "ControlDateTime": null,
        "FinalAcres": null,
        "IsValid": 1,
        "FireOutDateTime": null,
        "ModifiedOnDateTime": 1786933766000,
        "IncidentTypeKind": "FI",
        "IrwinID": "4b1584d5-78a5-4ebb-bb84-d675436adfa5",
        "GlobalID": "7489867c-12b4-41a9-96c5-1b9b2f9be978",
        "ModifiedOnAge": 1,
        "FireDiscoveryAge": 2
      }
    },
    {
      "type": "Feature",
      "id": 79,
      "geometry": {
        "type": "Point",
        "coordinates": [
          -121.453167,
          44.4723670000001
        ]
      },
      "properties": {
        "OBJECTID": 79,
        "IncidentName": "0494 AKAWA BUTTE",
        "IncidentTypeCategory": "WF",
        "UniqueFireIdentifier": "2026-OR955S-000494",
        "DailyAcres": 27491,
        "CalculatedAcres": null,
        "PercentContained": 99,
        "ICS209ReportDateTime": 1786062520000,
        "FireDiscoveryDateTime": 1784234460000,
        "DiscoveryAcres": 0.1,
        "POOCounty": "Jefferson",
        "POOState": "US-OR",
        "FireCause": "Natural",
        "FireCauseGeneral": null,
        "GACC": "NWCC",
        "TotalIncidentPersonnel": 54,
        "IncidentManagementOrganization": "Type 3 Team",
        "FireMgmtComplexity": null,
        "ResidencesDestroyed": 2,
        "OtherStructuresDestroyed": null,
        "Injuries": 3,
        "Fatalities": null,
        "PredominantFuelGroup": null,
        "PredominantFuelModel": null,
        "PrimaryFuelModel": "Timber (Litter and Understory)",
        "ContainmentDateTime": null,
        "ControlDateTime": null,
        "FinalAcres": null,
        "IsValid": 1,
        "FireOutDateTime": null,
        "ModifiedOnDateTime": 1786062520000,
        "IncidentTypeKind": "FI",
        "IrwinID": "fb09be92-863f-47da-bc3a-38e6c44753b7",
        "GlobalID": "8fae1a97-e498-4642-9e85-df24efe2cc45",
        "ModifiedOnAge": 11,
        "FireDiscoveryAge": 32
      }
    },
    {
      "type": "Feature",
      "id": 328,
      "geometry": {
        "type": "Point",
        "coordinates": [
          -105.69125,
          43.582617
        ]
      },
      "properties": {
        "OBJECTID": 328,
        "IncidentName": "Road Creek",
        "IncidentTypeCategory": "WF",
        "UniqueFireIdentifier": "2026-WYCMX-000409",
        "DailyAcres": 40,
        "CalculatedAcres": null,
        "PercentContained": null,
        "ICS209ReportDateTime": null,
        "FireDiscoveryDateTime": 1786560684000,
        "DiscoveryAcres": 30,
        "POOCounty": "Campbell",
        "POOState": "US-WY",
        "FireCause": "Natural",
        "FireCauseGeneral": null,
        "GACC": "RMCC",
        "TotalIncidentPersonnel": null,
        "IncidentManagementOrganization": null,
        "FireMgmtComplexity": null,
        "ResidencesDestroyed": null,
        "OtherStructuresDestroyed": null,
        "Injuries": null,
        "Fatalities": null,
        "PredominantFuelGroup": null,
        "PredominantFuelModel": null,
        "PrimaryFuelModel": null,
        "ContainmentDateTime": null,
        "ControlDateTime": null,
        "FinalAcres": null,
        "IsValid": 1,
        "FireOutDateTime": null,
        "ModifiedOnDateTime": 1786572650000,
        "IncidentTypeKind": "FI",
        "IrwinID": "5bdd0031-f50a-41df-983a-c36816a8490b",
        "GlobalID": "85912df5-e76d-4a6b-b41f-c6fcc6db26f4",
        "ModifiedOnAge": 5,
        "FireDiscoveryAge": 5
      }
    },
    {
      "type": "Feature",
      "id": 365,
      "geometry": {
        "type": "Point",
        "coordinates": [
          -121.148417,
          44.26955
        ]
      },
      "properties": {
        "OBJECTID": 365,
        "IncidentName": "0726",
        "IncidentTypeCategory": "WF",
        "UniqueFireIdentifier": "2026-ORPRD-000726",
        "DailyAcres": 0.1,
        "CalculatedAcres": null,
        "PercentContained": null,
        "ICS209ReportDateTime": null,
        "FireDiscoveryDateTime": 1786748740000,
        "DiscoveryAcres": 0.1,
        "POOCounty": "Deschutes",
        "POOState": "US-OR",
        "FireCause": "Undetermined",
        "FireCauseGeneral": null,
        "GACC": "NWCC",
        "TotalIncidentPersonnel": null,
        "IncidentManagementOrganization": null,
        "FireMgmtComplexity": null,
        "ResidencesDestroyed": null,
        "OtherStructuresDestroyed": null,
        "Injuries": null,
        "Fatalities": null,
        "PredominantFuelGroup": null,
        "PredominantFuelModel": null,
        "PrimaryFuelModel": null,
        "ContainmentDateTime": null,
        "ControlDateTime": null,
        "FinalAcres": null,
        "IsValid": 1,
        "FireOutDateTime": null,
        "ModifiedOnDateTime": 1786814606000,
        "IncidentTypeKind": "FI",
        "IrwinID": "78ffab8a-0cfa-4690-b90c-29a7e285d8ee",
        "GlobalID": "bb722160-ed69-47c6-8d4a-bb0b7fe3d710",
        "ModifiedOnAge": 2,
        "FireDiscoveryAge": 3
      }
    },
    {
      "type": "Feature",
      "id": 514,
      "geometry": {
        "type": "Point",
        "coordinates": [
          -118.002633,
          45.5701
        ]
      },
      "properties": {
        "OBJECTID": 514,
        "IncidentName": "Phillips Creek",
        "IncidentTypeCategory": "WF",
        "UniqueFireIdentifier": "2026-OR971S-000500",
        "DailyAcres": 23,
        "CalculatedAcres": null,
        "PercentContained": null,
        "ICS209ReportDateTime": null,
        "FireDiscoveryDateTime": 1786995324000,
        "DiscoveryAcres": 10,
        "POOCounty": "Union",
        "POOState": "US-OR",
        "FireCause": "Natural",
        "FireCauseGeneral": null,
        "GACC": "NWCC",
        "TotalIncidentPersonnel": null,
        "IncidentManagementOrganization": null,
        "FireMgmtComplexity": null,
        "ResidencesDestroyed": null,
        "OtherStructuresDestroyed": null,
        "Injuries": null,
        "Fatalities": null,
        "PredominantFuelGroup": null,
        "PredominantFuelModel": null,
        "PrimaryFuelModel": null,
        "ContainmentDateTime": null,
        "ControlDateTime": null,
        "FinalAcres": null,
        "IsValid": 1,
        "FireOutDateTime": null,
        "ModifiedOnDateTime": 1787005013000,
        "IncidentTypeKind": "FI",
        "IrwinID": "3b767f41-7e1b-4d83-b297-35fe9d782d71",
        "GlobalID": "b7153d5b-c712-408e-9448-995cb5f41a68",
        "ModifiedOnAge": 0,
        "FireDiscoveryAge": 0
      }
    },
    {
      "type": "Feature",
      "id": 317,
      "geometry": {
        "type": "Point",
        "coordinates": [
          -102.40517516,
          43.2217221500001
        ]
      },
      "properties": {
        "OBJECTID": 317,
        "IncidentName": "Camel Back",
        "IncidentTypeCategory": "WF",
        "UniqueFireIdentifier": "2026-SDPRA-000135",
        "DailyAcres": 28.44,
        "CalculatedAcres": 28.44,
        "PercentContained": null,
        "ICS209ReportDateTime": null,
        "FireDiscoveryDateTime": 1786500000000,
        "DiscoveryAcres": null,
        "POOCounty": "Oglala Lakota",
        "POOState": "US-SD",
        "FireCause": "Natural",
        "FireCauseGeneral": "Natural",
        "GACC": "RMCC",
        "TotalIncidentPersonnel": null,
        "IncidentManagementOrganization": null,
        "FireMgmtComplexity": null,
        "ResidencesDestroyed": null,
        "OtherStructuresDestroyed": null,
        "Injuries": null,
        "Fatalities": null,
        "PredominantFuelGroup": "Timber",
        "PredominantFuelModel": "TU2",
        "PrimaryFuelModel": null,
        "ContainmentDateTime": null,
        "ControlDateTime": null,
        "FinalAcres": null,
        "IsValid": 1,
        "FireOutDateTime": null,
        "ModifiedOnDateTime": 1786894474000,
        "IncidentTypeKind": "FI",
        "IrwinID": "6ed769b7-7232-4552-98cb-6e07a50d0b75",
        "GlobalID": "393e7ad0-1ed1-4bd2-b3ca-c01edfdb5038",
        "ModifiedOnAge": 1,
        "FireDiscoveryAge": 6
      }
    },
    {
      "type": "Feature",
      "id": 420,
      "geometry": {
        "type": "Point",
        "coordinates": [
          -118.7214,
          35.4718330000001
        ]
      },
      "properties": {
        "OBJECTID": 420,
        "IncidentName": "RICHBAR",
        "IncidentTypeCategory": "WF",
        "UniqueFireIdentifier": "2026-CASQF-001350",
        "DailyAcres": 0.1,
        "CalculatedAcres": null,
        "PercentContained": null,
        "ICS209ReportDateTime": null,
        "FireDiscoveryDateTime": 1786842792000,
        "DiscoveryAcres": 0.1,
        "POOCounty": "Kern",
        "POOState": "US-CA",
        "FireCause": "Undetermined",
        "FireCauseGeneral": null,
        "GACC": "OSCC",
        "TotalIncidentPersonnel": null,
        "IncidentManagementOrganization": null,
        "FireMgmtComplexity": null,
        "ResidencesDestroyed": null,
        "OtherStructuresDestroyed": null,
        "Injuries": null,
        "Fatalities": null,
        "PredominantFuelGroup": null,
        "PredominantFuelModel": null,
        "PrimaryFuelModel": null,
        "ContainmentDateTime": null,
        "ControlDateTime": null,
        "FinalAcres": null,
        "IsValid": 1,
        "FireOutDateTime": null,
        "ModifiedOnDateTime": 1786848194000,
        "IncidentTypeKind": "FI",
        "IrwinID": "ddd12b56-f9e7-46df-bf3c-3ef17dda58d1",
        "GlobalID": "17e9dd31-f92a-4238-ae96-e4f28e8aa811",
        "ModifiedOnAge": 2,
        "FireDiscoveryAge": 2
      }
    },
    {
      "type": "Feature",
      "id": 171,
      "geometry": {
        "type": "Point",
        "coordinates": [
          -106.985207,
          37.124649
        ]
      },
      "properties": {
        "OBJECTID": 171,
        "IncidentName": "Rio Blanco",
        "IncidentTypeCategory": "WF",
        "UniqueFireIdentifier": "2026-COSJF-000806",
        "DailyAcres": 1388,
        "CalculatedAcres": 783.30084769,
        "PercentContained": 97,
        "ICS209ReportDateTime": 1786660200000,
        "FireDiscoveryDateTime": 1785273060000,
        "DiscoveryAcres": 16,
        "POOCounty": "Archuleta",
        "POOState": "US-CO",
        "FireCause": "Natural",
        "FireCauseGeneral": null,
        "GACC": "RMCC",
        "TotalIncidentPersonnel": 85,
        "IncidentManagementOrganization": "Type 4 IC",
        "FireMgmtComplexity": null,
        "ResidencesDestroyed": null,
        "OtherStructuresDestroyed": 1,
        "Injuries": null,
        "Fatalities": null,
        "PredominantFuelGroup": null,
        "PredominantFuelModel": null,
        "PrimaryFuelModel": "Timber (Grass and Understory)",
        "ContainmentDateTime": null,
        "ControlDateTime": null,
        "FinalAcres": null,
        "IsValid": 1,
        "FireOutDateTime": null,
        "ModifiedOnDateTime": 1786660200000,
        "IncidentTypeKind": "FI",
        "IrwinID": "31e42281-5dc8-48b0-9031-af570c7b2cdf",
        "GlobalID": "8ee7fa15-523b-434f-9bc0-89b8e2e380df",
        "ModifiedOnAge": 4,
        "FireDiscoveryAge": 20
      }
    },
    {
      "type": "Feature",
      "id": 73,
      "geometry": {
        "type": "Point",
        "coordinates": [
          -118.958638,
          48.1167770000001
        ]
      },
      "properties": {
        "OBJECTID": 73,
        "IncidentName": "Kaiser Canyon",
        "IncidentTypeCategory": "WF",
        "UniqueFireIdentifier": "2026-WACOA-260140",
        "DailyAcres": 138296,
        "CalculatedAcres": 89258.65,
        "PercentContained": 84,
        "ICS209ReportDateTime": 1787014542000,
        "FireDiscoveryDateTime": 1784205000000,
        "DiscoveryAcres": 150,
        "POOCounty": "Okanogan",
        "POOState": "US-WA",
        "FireCause": "Natural",
        "FireCauseGeneral": null,
        "GACC": "NWCC",
        "TotalIncidentPersonnel": 563,
        "IncidentManagementOrganization": "Complex Incident Management Team",
        "FireMgmtComplexity": null,
        "ResidencesDestroyed": 23,
        "OtherStructuresDestroyed": 24,
        "Injuries": 6,
        "Fatalities": null,
        "PredominantFuelGroup": null,
        "PredominantFuelModel": null,
        "PrimaryFuelModel": "Timber (Grass and Understory)",
        "ContainmentDateTime": null,
        "ControlDateTime": null,
        "FinalAcres": null,
        "IsValid": 1,
        "FireOutDateTime": null,
        "ModifiedOnDateTime": 1787014542000,
        "IncidentTypeKind": "FI",
        "IrwinID": "b5597100-d6c9-49f9-bc74-6b8fc4432e92",
        "GlobalID": "81070f10-4c04-474b-9173-b994fbd6ca34",
        "ModifiedOnAge": 0,
        "FireDiscoveryAge": 32
      }
    },
    {
      "type": "Feature",
      "id": 25,
      "geometry": {
        "type": "Point",
        "coordinates": [
          -109.808667,
          37.734333
        ]
      },
      "properties": {
        "OBJECTID": 25,
        "IncidentName": "Babylon",
        "IncidentTypeCategory": "WF",
        "UniqueFireIdentifier": "2026-UTMLF-005112",
        "DailyAcres": 107189,
        "CalculatedAcres": null,
        "PercentContained": 100,
        "ICS209ReportDateTime": 1786577615000,
        "FireDiscoveryDateTime": 1782504900000,
        "DiscoveryAcres": 0.1,
        "POOCounty": "San Juan",
        "POOState": "US-UT",
        "FireCause": "Undetermined",
        "FireCauseGeneral": null,
        "GACC": "GBCC",
        "TotalIncidentPersonnel": 62,
        "IncidentManagementOrganization": "Type 3 IC",
        "FireMgmtComplexity": null,
        "ResidencesDestroyed": 5,
        "OtherStructuresDestroyed": null,
        "Injuries": 10,
        "Fatalities": null,
        "PredominantFuelGroup": null,
        "PredominantFuelModel": null,
        "PrimaryFuelModel": "Timber (Litter and Understory)",
        "ContainmentDateTime": null,
        "ControlDateTime": null,
        "FinalAcres": null,
        "IsValid": 1,
        "FireOutDateTime": null,
        "ModifiedOnDateTime": 1786738035000,
        "IncidentTypeKind": "FI",
        "IrwinID": "8fce6c19-9d6f-4500-af34-9c0597dceba7",
        "GlobalID": "3fc913ad-6362-4407-8829-7ad99f3a588b",
        "ModifiedOnAge": 3,
        "FireDiscoveryAge": 52
      }
    },
    {
      "type": "Feature",
      "id": 271,
      "geometry": {
        "type": "Point",
        "coordinates": [
          -117.307978,
          46.870892
        ]
      },
      "properties": {
        "OBJECTID": 271,
        "IncidentName": "PALOUSE RIVER",
        "IncidentTypeCategory": "WF",
        "UniqueFireIdentifier": "2026-WAWFS-001934",
        "DailyAcres": 637,
        "CalculatedAcres": null,
        "PercentContained": 100,
        "ICS209ReportDateTime": 1786499276000,
        "FireDiscoveryDateTime": 1786236070000,
        "DiscoveryAcres": 200,
        "POOCounty": "Whitman",
        "POOState": "US-WA",
        "FireCause": "Undetermined",
        "FireCauseGeneral": null,
        "GACC": "NWCC",
        "TotalIncidentPersonnel": 57,
        "IncidentManagementOrganization": "Type 3 Team",
        "FireMgmtComplexity": null,
        "ResidencesDestroyed": null,
        "OtherStructuresDestroyed": 2,
        "Injuries": null,
        "Fatalities": null,
        "PredominantFuelGroup": null,
        "PredominantFuelModel": null,
        "PrimaryFuelModel": "Short Grass (1 foot)",
        "ContainmentDateTime": null,
        "ControlDateTime": null,
        "FinalAcres": null,
        "IsValid": 1,
        "FireOutDateTime": null,
        "ModifiedOnDateTime": 1786499276000,
        "IncidentTypeKind": "FI",
        "IrwinID": "7e9c8edc-4ffe-4279-8104-1723f021c77d",
        "GlobalID": "042c13ea-d002-4f3b-aa9d-125b326a3c15",
        "ModifiedOnAge": 6,
        "FireDiscoveryAge": 9
      }
    },
    {
      "type": "Feature",
      "id": 36,
      "geometry": {
        "type": "Point",
        "coordinates": [
          -118.6883,
          34.5701800000001
        ]
      },
      "properties": {
        "OBJECTID": 36,
        "IncidentName": "MARTINS",
        "IncidentTypeCategory": "WF",
        "UniqueFireIdentifier": "2026-CALAC-235959",
        "DailyAcres": null,
        "CalculatedAcres": null,
        "PercentContained": null,
        "ICS209ReportDateTime": null,
        "FireDiscoveryDateTime": 1783379321000,
        "DiscoveryAcres": 0.01,
        "POOCounty": "Los Angeles",
        "POOState": "US-CA",
        "FireCause": "Undetermined",
        "FireCauseGeneral": null,
        "GACC": "OSCC",
        "TotalIncidentPersonnel": null,
        "IncidentManagementOrganization": null,
        "FireMgmtComplexity": null,
        "ResidencesDestroyed": null,
        "OtherStructuresDestroyed": null,
        "Injuries": null,
        "Fatalities": null,
        "PredominantFuelGroup": null,
        "PredominantFuelModel": null,
        "PrimaryFuelModel": null,
        "ContainmentDateTime": null,
        "ControlDateTime": null,
        "FinalAcres": null,
        "IsValid": 1,
        "FireOutDateTime": null,
        "ModifiedOnDateTime": 1786845966000,
        "IncidentTypeKind": "FI",
        "IrwinID": "6bd3e1c0-e7dd-45f0-8588-d698e5e8c6e0",
        "GlobalID": "1d307c32-f149-4c69-85a2-aadd6ae1b7a3",
        "ModifiedOnAge": 2,
        "FireDiscoveryAge": 42
      }
    },
    {
      "type": "Feature",
      "id": 534,
      "geometry": {
        "type": "Point",
        "coordinates": [
          -121.332149,
          46.2674170000001
        ]
      },
      "properties": {
        "OBJECTID": 534,
        "IncidentName": "Mt. Adams Lake",
        "IncidentTypeCategory": "WF",
        "UniqueFireIdentifier": "2026-WAYAA-000087",
        "DailyAcres": 0.3,
        "CalculatedAcres": null,
        "PercentContained": null,
        "ICS209ReportDateTime": null,
        "FireDiscoveryDateTime": 1786999777000,
        "DiscoveryAcres": 0.1,
        "POOCounty": "Yakima",
        "POOState": "US-WA",
        "FireCause": "Undetermined",
        "FireCauseGeneral": null,
        "GACC": "NWCC",
        "TotalIncidentPersonnel": null,
        "IncidentManagementOrganization": null,
        "FireMgmtComplexity": null,
        "ResidencesDestroyed": null,
        "OtherStructuresDestroyed": null,
        "Injuries": null,
        "Fatalities": null,
        "PredominantFuelGroup": null,
        "PredominantFuelModel": null,
        "PrimaryFuelModel": null,
        "ContainmentDateTime": null,
        "ControlDateTime": null,
        "FinalAcres": null,
        "IsValid": 1,
        "FireOutDateTime": null,
        "ModifiedOnDateTime": 1787016889000,
        "IncidentTypeKind": "FI",
        "IrwinID": "6419d55a-3e73-45a4-a312-1983561a80ed",
        "GlobalID": "45dec17a-364e-40c1-92de-56e486620e49",
        "ModifiedOnAge": 0,
        "FireDiscoveryAge": 0
      }
    },
    {
      "type": "Feature",
      "id": 368,
      "geometry": {
        "type": "Point",
        "coordinates": [
          -102.58069904,
          43.15831158
        ]
      },
      "properties": {
        "OBJECTID": 368,
        "IncidentName": "Island",
        "IncidentTypeCategory": "WF",
        "UniqueFireIdentifier": "2026-SDPRA-000141",
        "DailyAcres": 5,
        "CalculatedAcres": null,
        "PercentContained": null,
        "ICS209ReportDateTime": null,
        "FireDiscoveryDateTime": 1786761240000,
        "DiscoveryAcres": null,
        "POOCounty": "Oglala Lakota",
        "POOState": "US-SD",
        "FireCause": "Natural",
        "FireCauseGeneral": "Natural",
        "GACC": "RMCC",
        "TotalIncidentPersonnel": null,
        "IncidentManagementOrganization": null,
        "FireMgmtComplexity": null,
        "ResidencesDestroyed": null,
        "OtherStructuresDestroyed": null,
        "Injuries": null,
        "Fatalities": null,
        "PredominantFuelGroup": null,
        "PredominantFuelModel": null,
        "PrimaryFuelModel": null,
        "ContainmentDateTime": null,
        "ControlDateTime": null,
        "FinalAcres": null,
        "IsValid": 1,
        "FireOutDateTime": null,
        "ModifiedOnDateTime": 1786764970000,
        "IncidentTypeKind": "FI",
        "IrwinID": "682848a3-ee17-4cf0-a0c0-f251c26bbb93",
        "GlobalID": "3cd8c480-bca0-4a44-86bc-896f9c7e4747",
        "ModifiedOnAge": 2,
        "FireDiscoveryAge": 3
      }
    },
    {
      "type": "Feature",
      "id": 391,
      "geometry": {
        "type": "Point",
        "coordinates": [
          -109.84125,
          39.3166170000001
        ]
      },
      "properties": {
        "OBJECTID": 391,
        "IncidentName": "Post Canyon",
        "IncidentTypeCategory": "WF",
        "UniqueFireIdentifier": "2026-UTNES-100255",
        "DailyAcres": 0.6,
        "CalculatedAcres": null,
        "PercentContained": null,
        "ICS209ReportDateTime": null,
        "FireDiscoveryDateTime": 1786823808000,
        "DiscoveryAcres": 0.25,
        "POOCounty": "Grand",
        "POOState": "US-UT",
        "FireCause": "Natural",
        "FireCauseGeneral": null,
        "GACC": "GBCC",
        "TotalIncidentPersonnel": null,
        "IncidentManagementOrganization": null,
        "FireMgmtComplexity": null,
        "ResidencesDestroyed": null,
        "OtherStructuresDestroyed": null,
        "Injuries": null,
        "Fatalities": null,
        "PredominantFuelGroup": null,
        "PredominantFuelModel": null,
        "PrimaryFuelModel": null,
        "ContainmentDateTime": null,
        "ControlDateTime": null,
        "FinalAcres": null,
        "IsValid": 1,
        "FireOutDateTime": null,
        "ModifiedOnDateTime": 1786919456000,
        "IncidentTypeKind": "FI",
        "IrwinID": "5467a8b7-758c-43f0-9472-cd50527549d8",
        "GlobalID": "9b51290a-fc39-4f08-930e-5f62f34c5158",
        "ModifiedOnAge": 1,
        "FireDiscoveryAge": 2
      }
    },
    {
      "type": "Feature",
      "id": 228,
      "geometry": {
        "type": "Point",
        "coordinates": [
          -106.7915,
          44.7673330000001
        ]
      },
      "properties": {
        "OBJECTID": 228,
        "IncidentName": "Cat Creek",
        "IncidentTypeCategory": "WF",
        "UniqueFireIdentifier": "2026-WYSHX-000385",
        "DailyAcres": 142,
        "CalculatedAcres": null,
        "PercentContained": null,
        "ICS209ReportDateTime": null,
        "FireDiscoveryDateTime": 1785956310000,
        "DiscoveryAcres": 0.1,
        "POOCounty": "Sheridan",
        "POOState": "US-WY",
        "FireCause": "Human",
        "FireCauseGeneral": null,
        "GACC": "RMCC",
        "TotalIncidentPersonnel": null,
        "IncidentManagementOrganization": null,
        "FireMgmtComplexity": null,
        "ResidencesDestroyed": null,
        "OtherStructuresDestroyed": null,
        "Injuries": null,
        "Fatalities": null,
        "PredominantFuelGroup": null,
        "PredominantFuelModel": null,
        "PrimaryFuelModel": null,
        "ContainmentDateTime": null,
        "ControlDateTime": null,
        "FinalAcres": null,
        "IsValid": 1,
        "FireOutDateTime": null,
        "ModifiedOnDateTime": 1786215975000,
        "IncidentTypeKind": "FI",
        "IrwinID": "0f043fb8-8730-4f34-b72e-46c78ac3e36b",
        "GlobalID": "54ec209c-53b2-4866-ac13-5c594dcbdbef",
        "ModifiedOnAge": 9,
        "FireDiscoveryAge": 12
      }
    },
    {
      "type": "Feature",
      "id": 179,
      "geometry": {
        "type": "Point",
        "coordinates": [
          -115.2167,
          46.774933
        ]
      },
      "properties": {
        "OBJECTID": 179,
        "IncidentName": "Moose Mountain",
        "IncidentTypeCategory": "WF",
        "UniqueFireIdentifier": "2026-IDNCF-000349",
        "DailyAcres": 2835,
        "CalculatedAcres": 2805.44450932,
        "PercentContained": 7,
        "ICS209ReportDateTime": 1787013784000,
        "FireDiscoveryDateTime": 1785369720000,
        "DiscoveryAcres": 4,
        "POOCounty": "Clearwater",
        "POOState": "US-ID",
        "FireCause": "Natural",
        "FireCauseGeneral": null,
        "GACC": "NRCC",
        "TotalIncidentPersonnel": 123,
        "IncidentManagementOrganization": "Type 3 IC",
        "FireMgmtComplexity": null,
        "ResidencesDestroyed": null,
        "OtherStructuresDestroyed": null,
        "Injuries": null,
        "Fatalities": null,
        "PredominantFuelGroup": null,
        "PredominantFuelModel": null,
        "PrimaryFuelModel": "Timber (Litter and Understory)",
        "ContainmentDateTime": null,
        "ControlDateTime": null,
        "FinalAcres": null,
        "IsValid": 1,
        "FireOutDateTime": null,
        "ModifiedOnDateTime": 1787013784000,
        "IncidentTypeKind": "FI",
        "IrwinID": "8c9cb7a0-936c-4a64-aaef-67a10e597a66",
        "GlobalID": "be4753fe-9021-4184-8a00-ddb7ae2c031a",
        "ModifiedOnAge": 0,
        "FireDiscoveryAge": 19
      }
    },
    {
      "type": "Feature",
      "id": 105,
      "geometry": {
        "type": "Point",
        "coordinates": [
          -107.610833,
          45.619444
        ]
      },
      "properties": {
        "OBJECTID": 105,
        "IncidentName": "ROADSIDE HWY 1",
        "IncidentTypeCategory": "WF",
        "UniqueFireIdentifier": "2026-MTLG22-260813",
        "DailyAcres": 0.1,
        "CalculatedAcres": null,
        "PercentContained": null,
        "ICS209ReportDateTime": null,
        "FireDiscoveryDateTime": 1784383144000,
        "DiscoveryAcres": 0.1,
        "POOCounty": "Big Horn",
        "POOState": "US-MT",
        "FireCause": "Undetermined",
        "FireCauseGeneral": null,
        "GACC": "NRCC",
        "TotalIncidentPersonnel": null,
        "IncidentManagementOrganization": null,
        "FireMgmtComplexity": null,
        "ResidencesDestroyed": null,
        "OtherStructuresDestroyed": null,
        "Injuries": null,
        "Fatalities": null,
        "PredominantFuelGroup": null,
        "PredominantFuelModel": null,
        "PrimaryFuelModel": null,
        "ContainmentDateTime": null,
        "ControlDateTime": null,
        "FinalAcres": null,
        "IsValid": 1,
        "FireOutDateTime": null,
        "ModifiedOnDateTime": 1786999727000,
        "IncidentTypeKind": "FI",
        "IrwinID": "9056f279-b81b-4ff4-a1b5-5bf433c0d4b1",
        "GlobalID": "31e62be5-7cbf-4145-a5e1-ef08dc98e3e3",
        "ModifiedOnAge": 0,
        "FireDiscoveryAge": 30
      }
    },
    {
      "type": "Feature",
      "id": 205,
      "geometry": {
        "type": "Point",
        "coordinates": [
          -120.695333,
          47.2277500000001
        ]
      },
      "properties": {
        "OBJECTID": 205,
        "IncidentName": "SWAUK CREEK",
        "IncidentTypeCategory": "WF",
        "UniqueFireIdentifier": "2026-WAOWF-260574",
        "DailyAcres": 29,
        "CalculatedAcres": null,
        "PercentContained": 81,
        "ICS209ReportDateTime": 1785970452000,
        "FireDiscoveryDateTime": 1785655380000,
        "DiscoveryAcres": 0.1,
        "POOCounty": "Kittitas",
        "POOState": "US-WA",
        "FireCause": "Human",
        "FireCauseGeneral": null,
        "GACC": "NWCC",
        "TotalIncidentPersonnel": 23,
        "IncidentManagementOrganization": "Type 3 IC",
        "FireMgmtComplexity": null,
        "ResidencesDestroyed": 0,
        "OtherStructuresDestroyed": null,
        "Injuries": null,
        "Fatalities": null,
        "PredominantFuelGroup": null,
        "PredominantFuelModel": null,
        "PrimaryFuelModel": "Timber (Grass and Understory)",
        "ContainmentDateTime": 1786222560000,
        "ControlDateTime": null,
        "FinalAcres": null,
        "IsValid": 1,
        "FireOutDateTime": null,
        "ModifiedOnDateTime": 1786486077000,
        "IncidentTypeKind": "FI",
        "IrwinID": "90d3a1f1-ff21-41b3-a4d4-6b7edab8521c",
        "GlobalID": "d34187e9-8e63-4d35-b585-77e011730853",
        "ModifiedOnAge": 6,
        "FireDiscoveryAge": 15
      }
    },
    {
      "type": "Feature",
      "id": 483,
      "geometry": {
        "type": "Point",
        "coordinates": [
          -114.171673,
          45.9974110000001
        ]
      },
      "properties": {
        "OBJECTID": 483,
        "IncidentName": "LG13 Appaloosa",
        "IncidentTypeCategory": "WF",
        "UniqueFireIdentifier": "2026-MTLG13-000321",
        "DailyAcres": 0.1,
        "CalculatedAcres": null,
        "PercentContained": null,
        "ICS209ReportDateTime": null,
        "FireDiscoveryDateTime": 1786924500000,
        "DiscoveryAcres": 0.1,
        "POOCounty": "Ravalli",
        "POOState": "US-MT",
        "FireCause": "Natural",
        "FireCauseGeneral": null,
        "GACC": "NRCC",
        "TotalIncidentPersonnel": null,
        "IncidentManagementOrganization": null,
        "FireMgmtComplexity": null,
        "ResidencesDestroyed": null,
        "OtherStructuresDestroyed": null,
        "Injuries": null,
        "Fatalities": null,
        "PredominantFuelGroup": null,
        "PredominantFuelModel": null,
        "PrimaryFuelModel": null,
        "ContainmentDateTime": null,
        "ControlDateTime": null,
        "FinalAcres": null,
        "IsValid": 1,
        "FireOutDateTime": null,
        "ModifiedOnDateTime": 1786930142000,
        "IncidentTypeKind": "FI",
        "IrwinID": "9ecfe22d-a75f-4a74-abc2-4afdbecaedff",
        "GlobalID": "44875d81-0979-4444-974b-0c1f02c8b674",
        "ModifiedOnAge": 1,
        "FireDiscoveryAge": 1
      }
    },
    {
      "type": "Feature",
      "id": 136,
      "geometry": {
        "type": "Point",
        "coordinates": [
          -114.320867,
          46.9400000000001
        ]
      },
      "properties": {
        "OBJECTID": 136,
        "IncidentName": "Elder 1",
        "IncidentTypeCategory": "WF",
        "UniqueFireIdentifier": "2026-MTLNF-260296",
        "DailyAcres": 1235,
        "CalculatedAcres": null,
        "PercentContained": 100,
        "ICS209ReportDateTime": 1785973634000,
        "FireDiscoveryDateTime": 1784928409000,
        "DiscoveryAcres": 5,
        "POOCounty": "Missoula",
        "POOState": "US-MT",
        "FireCause": "Natural",
        "FireCauseGeneral": null,
        "GACC": "NRCC",
        "TotalIncidentPersonnel": 129,
        "IncidentManagementOrganization": "Complex Incident Management Team",
        "FireMgmtComplexity": null,
        "ResidencesDestroyed": null,
        "OtherStructuresDestroyed": null,
        "Injuries": null,
        "Fatalities": null,
        "PredominantFuelGroup": null,
        "PredominantFuelModel": null,
        "PrimaryFuelModel": "Timber (Grass and Understory)",
        "ContainmentDateTime": null,
        "ControlDateTime": null,
        "FinalAcres": null,
        "IsValid": 1,
        "FireOutDateTime": null,
        "ModifiedOnDateTime": 1786208531000,
        "IncidentTypeKind": "FI",
        "IrwinID": "d1298bd1-66ec-461f-b00e-a06f1a8bd1c2",
        "GlobalID": "bb885a7c-ea57-49f2-9506-543d678f9c33",
        "ModifiedOnAge": 9,
        "FireDiscoveryAge": 24
      }
    },
    {
      "type": "Feature",
      "id": 554,
      "geometry": {
        "type": "Point",
        "coordinates": [
          -104.551389,
          32.1561110000001
        ]
      },
      "properties": {
        "OBJECTID": 554,
        "IncidentName": "SLAUGHTER",
        "IncidentTypeCategory": "WF",
        "UniqueFireIdentifier": "2026-NMCCP-000651",
        "DailyAcres": 31.92,
        "CalculatedAcres": null,
        "PercentContained": null,
        "ICS209ReportDateTime": null,
        "FireDiscoveryDateTime": 1787010037000,
        "DiscoveryAcres": 15,
        "POOCounty": "Eddy",
        "POOState": "US-NM",
        "FireCause": "Natural",
        "FireCauseGeneral": null,
        "GACC": "SWCC",
        "TotalIncidentPersonnel": null,
        "IncidentManagementOrganization": null,
        "FireMgmtComplexity": null,
        "ResidencesDestroyed": null,
        "OtherStructuresDestroyed": null,
        "Injuries": null,
        "Fatalities": null,
        "PredominantFuelGroup": null,
        "PredominantFuelModel": null,
        "PrimaryFuelModel": null,
        "ContainmentDateTime": null,
        "ControlDateTime": null,
        "FinalAcres": null,
        "IsValid": 1,
        "FireOutDateTime": null,
        "ModifiedOnDateTime": 1787019921000,
        "IncidentTypeKind": "FI",
        "IrwinID": "e2e646f6-f842-465f-9fd7-eac17631b3c7",
        "GlobalID": "ced192e2-ab72-47cf-81d8-0f9c779b6e40",
        "ModifiedOnAge": 0,
        "FireDiscoveryAge": 0
      }
    },
    {
      "type": "Feature",
      "id": 540,
      "geometry": {
        "type": "Point",
        "coordinates": [
          -116.576833,
          33.284999
        ]
      },
      "properties": {
        "OBJECTID": 540,
        "IncidentName": "WARNER",
        "IncidentTypeCategory": "WF",
        "UniqueFireIdentifier": "2026-CASDU-018680",
        "DailyAcres": 0.5,
        "CalculatedAcres": null,
        "PercentContained": null,
        "ICS209ReportDateTime": null,
        "FireDiscoveryDateTime": 1787009195000,
        "DiscoveryAcres": 0.01,
        "POOCounty": "San Diego",
        "POOState": "US-CA",
        "FireCause": "Undetermined",
        "FireCauseGeneral": null,
        "GACC": "OSCC",
        "TotalIncidentPersonnel": null,
        "IncidentManagementOrganization": null,
        "FireMgmtComplexity": null,
        "ResidencesDestroyed": null,
        "OtherStructuresDestroyed": null,
        "Injuries": null,
        "Fatalities": null,
        "PredominantFuelGroup": null,
        "PredominantFuelModel": null,
        "PrimaryFuelModel": null,
        "ContainmentDateTime": null,
        "ControlDateTime": null,
        "FinalAcres": null,
        "IsValid": 1,
        "FireOutDateTime": null,
        "ModifiedOnDateTime": 1787021836000,
        "IncidentTypeKind": "FI",
        "IrwinID": "79e6af28-6c48-4b4b-a964-83937ddc924e",
        "GlobalID": "e466b134-454d-4ad0-87a7-d72b60b24ef2",
        "ModifiedOnAge": 0,
        "FireDiscoveryAge": 0
      }
    },
    {
      "type": "Feature",
      "id": 42,
      "geometry": {
        "type": "Point",
        "coordinates": [
          -118.510204,
          44.717021
        ]
      },
      "properties": {
        "OBJECTID": 42,
        "IncidentName": "Salmon",
        "IncidentTypeCategory": "WF",
        "UniqueFireIdentifier": "2026-ORUMF-000222",
        "DailyAcres": 1433,
        "CalculatedAcres": 1432.9140839,
        "PercentContained": 90,
        "ICS209ReportDateTime": 1786319384000,
        "FireDiscoveryDateTime": 1783494960000,
        "DiscoveryAcres": 8,
        "POOCounty": "Grant",
        "POOState": "US-OR",
        "FireCause": "Natural",
        "FireCauseGeneral": null,
        "GACC": "NWCC",
        "TotalIncidentPersonnel": 134,
        "IncidentManagementOrganization": "Type 3 Team",
        "FireMgmtComplexity": null,
        "ResidencesDestroyed": null,
        "OtherStructuresDestroyed": 2,
        "Injuries": 4,
        "Fatalities": null,
        "PredominantFuelGroup": null,
        "PredominantFuelModel": null,
        "PrimaryFuelModel": "Timber (Litter and Understory)",
        "ContainmentDateTime": null,
        "ControlDateTime": null,
        "FinalAcres": null,
        "IsValid": 1,
        "FireOutDateTime": null,
        "ModifiedOnDateTime": 1787006978000,
        "IncidentTypeKind": "FI",
        "IrwinID": "64ffd472-e106-48c8-87b6-2c2f7fb04774",
        "GlobalID": "dc6597d9-d4a4-48e8-8e56-29cf6288da5b",
        "ModifiedOnAge": 0,
        "FireDiscoveryAge": 40
      }
    },
    {
      "type": "Feature",
      "id": 291,
      "geometry": {
        "type": "Point",
        "coordinates": [
          -105.491389,
          42.7244440000001
        ]
      },
      "properties": {
        "OBJECTID": 291,
        "IncidentName": "Cold Springs",
        "IncidentTypeCategory": "WF",
        "UniqueFireIdentifier": "2026-WYCOX-000403",
        "DailyAcres": 1966,
        "CalculatedAcres": null,
        "PercentContained": 100,
        "ICS209ReportDateTime": 1786659888000,
        "FireDiscoveryDateTime": 1786398960000,
        "DiscoveryAcres": 50,
        "POOCounty": "Converse",
        "POOState": "US-WY",
        "FireCause": "Human",
        "FireCauseGeneral": null,
        "GACC": "RMCC",
        "TotalIncidentPersonnel": 78,
        "IncidentManagementOrganization": "Type 4 IC",
        "FireMgmtComplexity": null,
        "ResidencesDestroyed": null,
        "OtherStructuresDestroyed": 5,
        "Injuries": null,
        "Fatalities": null,
        "PredominantFuelGroup": null,
        "PredominantFuelModel": null,
        "PrimaryFuelModel": "Short Grass (1 foot)",
        "ContainmentDateTime": null,
        "ControlDateTime": null,
        "FinalAcres": null,
        "IsValid": 1,
        "FireOutDateTime": null,
        "ModifiedOnDateTime": 1786975716000,
        "IncidentTypeKind": "FI",
        "IrwinID": "7c17864e-a0e6-4673-abba-c07033198d0d",
        "GlobalID": "5d6146b0-c202-4003-9d8b-892f11d7feb5",
        "ModifiedOnAge": 0,
        "FireDiscoveryAge": 7
      }
    },
    {
      "type": "Feature",
      "id": 397,
      "geometry": {
        "type": "Point",
        "coordinates": [
          -111.992533,
          36.8207830000001
        ]
      },
      "properties": {
        "OBJECTID": 397,
        "IncidentName": "Pine",
        "IncidentTypeCategory": "WF",
        "UniqueFireIdentifier": "2026-AZASD-000526",
        "DailyAcres": 0.1,
        "CalculatedAcres": null,
        "PercentContained": null,
        "ICS209ReportDateTime": null,
        "FireDiscoveryDateTime": 1786810199000,
        "DiscoveryAcres": 0.1,
        "POOCounty": "Coconino",
        "POOState": "US-AZ",
        "FireCause": "Natural",
        "FireCauseGeneral": null,
        "GACC": "GBCC",
        "TotalIncidentPersonnel": null,
        "IncidentManagementOrganization": null,
        "FireMgmtComplexity": null,
        "ResidencesDestroyed": null,
        "OtherStructuresDestroyed": null,
        "Injuries": null,
        "Fatalities": null,
        "PredominantFuelGroup": null,
        "PredominantFuelModel": null,
        "PrimaryFuelModel": null,
        "ContainmentDateTime": null,
        "ControlDateTime": null,
        "FinalAcres": null,
        "IsValid": 1,
        "FireOutDateTime": null,
        "ModifiedOnDateTime": 1786829725000,
        "IncidentTypeKind": "FI",
        "IrwinID": "54f9c3c9-4d70-439a-8eae-fbf50e9e88cc",
        "GlobalID": "8b5ac928-5cc7-4b0b-bc6b-a2da1c0287da",
        "ModifiedOnAge": 2,
        "FireDiscoveryAge": 2
      }
    },
    {
      "type": "Feature",
      "id": 434,
      "geometry": {
        "type": "Point",
        "coordinates": [
          -122.8965,
          38.3163333000001
        ]
      },
      "properties": {
        "OBJECTID": 434,
        "IncidentName": "HERMIES",
        "IncidentTypeCategory": "WF",
        "UniqueFireIdentifier": "2026-CALNCC-014418",
        "DailyAcres": null,
        "CalculatedAcres": null,
        "PercentContained": null,
        "ICS209ReportDateTime": null,
        "FireDiscoveryDateTime": 1786779000000,
        "DiscoveryAcres": null,
        "POOCounty": "Sonoma",
        "POOState": "US-CA",
        "FireCause": null,
        "FireCauseGeneral": null,
        "GACC": "ONCC",
        "TotalIncidentPersonnel": null,
        "IncidentManagementOrganization": null,
        "FireMgmtComplexity": null,
        "ResidencesDestroyed": null,
        "OtherStructuresDestroyed": null,
        "Injuries": null,
        "Fatalities": null,
        "PredominantFuelGroup": null,
        "PredominantFuelModel": null,
        "PrimaryFuelModel": null,
        "ContainmentDateTime": null,
        "ControlDateTime": null,
        "FinalAcres": null,
        "IsValid": 1,
        "FireOutDateTime": null,
        "ModifiedOnDateTime": 1786865868000,
        "IncidentTypeKind": "FI",
        "IrwinID": "4e8cf97e-04fa-4427-ae17-f82615a5757a",
        "GlobalID": "1d1a3ffe-35cf-4643-a818-0b47d6db5625",
        "ModifiedOnAge": 1,
        "FireDiscoveryAge": 2
      }
    },
    {
      "type": "Feature",
      "id": 385,
      "geometry": {
        "type": "Point",
        "coordinates": [
          -109.9232,
          39.3697000000001
        ]
      },
      "properties": {
        "OBJECTID": 385,
        "IncidentName": "Slough Canyon",
        "IncidentTypeCategory": "WF",
        "UniqueFireIdentifier": "2026-UTUOA-100254",
        "DailyAcres": 40,
        "CalculatedAcres": null,
        "PercentContained": null,
        "ICS209ReportDateTime": null,
        "FireDiscoveryDateTime": 1786813200000,
        "DiscoveryAcres": 1,
        "POOCounty": "Grand",
        "POOState": "US-UT",
        "FireCause": "Natural",
        "FireCauseGeneral": null,
        "GACC": "GBCC",
        "TotalIncidentPersonnel": null,
        "IncidentManagementOrganization": null,
        "FireMgmtComplexity": null,
        "ResidencesDestroyed": null,
        "OtherStructuresDestroyed": null,
        "Injuries": null,
        "Fatalities": null,
        "PredominantFuelGroup": null,
        "PredominantFuelModel": null,
        "PrimaryFuelModel": null,
        "ContainmentDateTime": null,
        "ControlDateTime": null,
        "FinalAcres": null,
        "IsValid": 1,
        "FireOutDateTime": null,
        "ModifiedOnDateTime": 1787000473000,
        "IncidentTypeKind": "FI",
        "IrwinID": "019119da-16c0-40ae-adfe-25ad80ea704e",
        "GlobalID": "fb1e15c1-cd0f-4154-9857-339edefdb53f",
        "ModifiedOnAge": 0,
        "FireDiscoveryAge": 2
      }
    },
    {
      "type": "Feature",
      "id": 254,
      "geometry": {
        "type": "Point",
        "coordinates": [
          -121.675083,
          46.9763170000001
        ]
      },
      "properties": {
        "OBJECTID": 254,
        "IncidentName": "GRAND PARK 2",
        "IncidentTypeCategory": "WF",
        "UniqueFireIdentifier": "2026-WAMRP-000847",
        "DailyAcres": 167,
        "CalculatedAcres": null,
        "PercentContained": 57,
        "ICS209ReportDateTime": 1787016230000,
        "FireDiscoveryDateTime": 1786132450000,
        "DiscoveryAcres": 50,
        "POOCounty": "Pierce",
        "POOState": "US-WA",
        "FireCause": "Undetermined",
        "FireCauseGeneral": null,
        "GACC": "NWCC",
        "TotalIncidentPersonnel": 176,
        "IncidentManagementOrganization": "Complex Incident Management Team",
        "FireMgmtComplexity": null,
        "ResidencesDestroyed": null,
        "OtherStructuresDestroyed": null,
        "Injuries": 1,
        "Fatalities": null,
        "PredominantFuelGroup": null,
        "PredominantFuelModel": null,
        "PrimaryFuelModel": "Timber (Litter and Understory)",
        "ContainmentDateTime": null,
        "ControlDateTime": null,
        "FinalAcres": null,
        "IsValid": 1,
        "FireOutDateTime": null,
        "ModifiedOnDateTime": 1787016230000,
        "IncidentTypeKind": "FI",
        "IrwinID": "cdad08dd-fcc7-4c9f-bb94-84268c592f60",
        "GlobalID": "dd86c03e-b772-4981-b0d6-60af986005c1",
        "ModifiedOnAge": 0,
        "FireDiscoveryAge": 10
      }
    },
    {
      "type": "Feature",
      "id": 56,
      "geometry": {
        "type": "Point",
        "coordinates": [
          -121.154667,
          40.965833
        ]
      },
      "properties": {
        "OBJECTID": 56,
        "IncidentName": "LOOMIS",
        "IncidentTypeCategory": "WF",
        "UniqueFireIdentifier": "2026-CALMU-004291",
        "DailyAcres": 656,
        "CalculatedAcres": null,
        "PercentContained": 99,
        "ICS209ReportDateTime": 1786668758000,
        "FireDiscoveryDateTime": 1783796555000,
        "DiscoveryAcres": 0.01,
        "POOCounty": "Lassen",
        "POOState": "US-CA",
        "FireCause": "Undetermined",
        "FireCauseGeneral": null,
        "GACC": "ONCC",
        "TotalIncidentPersonnel": 1,
        "IncidentManagementOrganization": "Type 3 IC",
        "FireMgmtComplexity": null,
        "ResidencesDestroyed": null,
        "OtherStructuresDestroyed": null,
        "Injuries": null,
        "Fatalities": null,
        "PredominantFuelGroup": null,
        "PredominantFuelModel": null,
        "PrimaryFuelModel": "Timber (Litter and Understory)",
        "ContainmentDateTime": null,
        "ControlDateTime": null,
        "FinalAcres": null,
        "IsValid": 1,
        "FireOutDateTime": null,
        "ModifiedOnDateTime": 1786668758000,
        "IncidentTypeKind": "FI",
        "IrwinID": "20bacabe-dcc0-4b41-a0da-997aed50d8c4",
        "GlobalID": "24a114e4-3cb3-46bc-ba12-7e334d87d85d",
        "ModifiedOnAge": 4,
        "FireDiscoveryAge": 37
      }
    },
    {
      "type": "Feature",
      "id": 199,
      "geometry": {
        "type": "Point",
        "coordinates": [
          -113.914,
          46.256833
        ]
      },
      "properties": {
        "OBJECTID": 199,
        "IncidentName": "Butterfly",
        "IncidentTypeCategory": "WF",
        "UniqueFireIdentifier": "2026-MTBRF-000281",
        "DailyAcres": 67,
        "CalculatedAcres": null,
        "PercentContained": 100,
        "ICS209ReportDateTime": 1786923885000,
        "FireDiscoveryDateTime": 1785623280000,
        "DiscoveryAcres": 5,
        "POOCounty": "Ravalli",
        "POOState": "US-MT",
        "FireCause": "Natural",
        "FireCauseGeneral": null,
        "GACC": "NRCC",
        "TotalIncidentPersonnel": 7,
        "IncidentManagementOrganization": "Type 3 IC",
        "FireMgmtComplexity": null,
        "ResidencesDestroyed": 0,
        "OtherStructuresDestroyed": 0,
        "Injuries": null,
        "Fatalities": null,
        "PredominantFuelGroup": null,
        "PredominantFuelModel": null,
        "PrimaryFuelModel": "Medium Logging Slash",
        "ContainmentDateTime": null,
        "ControlDateTime": null,
        "FinalAcres": null,
        "IsValid": 1,
        "FireOutDateTime": null,
        "ModifiedOnDateTime": 1786998832000,
        "IncidentTypeKind": "FI",
        "IrwinID": "e7be160b-4f92-4046-bda0-aa26684f4502",
        "GlobalID": "cc08a7d0-d522-4c14-ae53-d9c2b092e87f",
        "ModifiedOnAge": 0,
        "FireDiscoveryAge": 16
      }
    },
    {
      "type": "Feature",
      "id": 348,
      "geometry": {
        "type": "Point",
        "coordinates": [
          -121.503285,
          42.5092700000001
        ]
      },
      "properties": {
        "OBJECTID": 348,
        "IncidentName": "FA #31",
        "IncidentTypeCategory": "WF",
        "UniqueFireIdentifier": "2026-OR981S-260302",
        "DailyAcres": 0.1,
        "CalculatedAcres": null,
        "PercentContained": null,
        "ICS209ReportDateTime": null,
        "FireDiscoveryDateTime": 1786686128000,
        "DiscoveryAcres": 0.1,
        "POOCounty": "Klamath",
        "POOState": "US-OR",
        "FireCause": "Undetermined",
        "FireCauseGeneral": null,
        "GACC": "NWCC",
        "TotalIncidentPersonnel": null,
        "IncidentManagementOrganization": null,
        "FireMgmtComplexity": null,
        "ResidencesDestroyed": null,
        "OtherStructuresDestroyed": null,
        "Injuries": null,
        "Fatalities": null,
        "PredominantFuelGroup": null,
        "PredominantFuelModel": null,
        "PrimaryFuelModel": null,
        "ContainmentDateTime": null,
        "ControlDateTime": null,
        "FinalAcres": null,
        "IsValid": 1,
        "FireOutDateTime": null,
        "ModifiedOnDateTime": 1786991428000,
        "IncidentTypeKind": "FI",
        "IrwinID": "19047d8a-1d85-453e-bada-5bd068efc4f2",
        "GlobalID": "f3f20a0c-f795-4e5a-917f-bf997904cffc",
        "ModifiedOnAge": 0,
        "FireDiscoveryAge": 3
      }
    },
    {
      "type": "Feature",
      "id": 491,
      "geometry": {
        "type": "Point",
        "coordinates": [
          -118.1706,
          33.9450000000001
        ]
      },
      "properties": {
        "OBJECTID": 491,
        "IncidentName": "LAC-291356",
        "IncidentTypeCategory": "WF",
        "UniqueFireIdentifier": "2026-CALAC-291356",
        "DailyAcres": null,
        "CalculatedAcres": null,
        "PercentContained": null,
        "ICS209ReportDateTime": null,
        "FireDiscoveryDateTime": 1786951426000,
        "DiscoveryAcres": 0.01,
        "POOCounty": "Los Angeles",
        "POOState": "US-CA",
        "FireCause": "Undetermined",
        "FireCauseGeneral": null,
        "GACC": "OSCC",
        "TotalIncidentPersonnel": null,
        "IncidentManagementOrganization": null,
        "FireMgmtComplexity": null,
        "ResidencesDestroyed": null,
        "OtherStructuresDestroyed": null,
        "Injuries": null,
        "Fatalities": null,
        "PredominantFuelGroup": null,
        "PredominantFuelModel": null,
        "PrimaryFuelModel": null,
        "ContainmentDateTime": null,
        "ControlDateTime": null,
        "FinalAcres": null,
        "IsValid": 1,
        "FireOutDateTime": null,
        "ModifiedOnDateTime": 1786951474000,
        "IncidentTypeKind": "FI",
        "IrwinID": "48cdb239-e0cf-45cc-b012-de757bbb1368",
        "GlobalID": "f224b517-68d7-456d-8c61-e0d2ec04c2c4",
        "ModifiedOnAge": 0,
        "FireDiscoveryAge": 0
      }
    },
    {
      "type": "Feature",
      "id": 248,
      "geometry": {
        "type": "Point",
        "coordinates": [
          -105.43142,
          47.5721500000001
        ]
      },
      "properties": {
        "OBJECTID": 248,
        "IncidentName": "Big Buffalo",
        "IncidentTypeCategory": "WF",
        "UniqueFireIdentifier": "2026-MTLG41-000664",
        "DailyAcres": 3598.8,
        "CalculatedAcres": null,
        "PercentContained": 100,
        "ICS209ReportDateTime": 1786325748000,
        "FireDiscoveryDateTime": 1786059418000,
        "DiscoveryAcres": 1500,
        "POOCounty": "McCone",
        "POOState": "US-MT",
        "FireCause": "Undetermined",
        "FireCauseGeneral": null,
        "GACC": "NRCC",
        "TotalIncidentPersonnel": 8,
        "IncidentManagementOrganization": "Type 4 IC",
        "FireMgmtComplexity": null,
        "ResidencesDestroyed": null,
        "OtherStructuresDestroyed": null,
        "Injuries": null,
        "Fatalities": null,
        "PredominantFuelGroup": null,
        "PredominantFuelModel": null,
        "PrimaryFuelModel": "Short Grass (1 foot)",
        "ContainmentDateTime": 1786123800000,
        "ControlDateTime": null,
        "FinalAcres": null,
        "IsValid": 1,
        "FireOutDateTime": null,
        "ModifiedOnDateTime": 1786379184000,
        "IncidentTypeKind": "FI",
        "IrwinID": "de8b185a-67e9-4562-91e0-571a9c7f6618",
        "GlobalID": "dc3d760f-f50e-4c08-8046-cdae10d16069",
        "ModifiedOnAge": 7,
        "FireDiscoveryAge": 11
      }
    },
    {
      "type": "Feature",
      "id": 99,
      "geometry": {
        "type": "Point",
        "coordinates": [
          -117.25321,
          45.76802
        ]
      },
      "properties": {
        "OBJECTID": 99,
        "IncidentName": "Burnt Creek",
        "IncidentTypeCategory": "WF",
        "UniqueFireIdentifier": "2026-ORWWF-000342",
        "DailyAcres": 4169,
        "CalculatedAcres": 4172.42435968,
        "PercentContained": 95,
        "ICS209ReportDateTime": 1786923932000,
        "FireDiscoveryDateTime": 1784317860000,
        "DiscoveryAcres": 5,
        "POOCounty": "Wallowa",
        "POOState": "US-OR",
        "FireCause": "Natural",
        "FireCauseGeneral": null,
        "GACC": "NWCC",
        "TotalIncidentPersonnel": 8,
        "IncidentManagementOrganization": "Type 4 IC",
        "FireMgmtComplexity": null,
        "ResidencesDestroyed": null,
        "OtherStructuresDestroyed": null,
        "Injuries": 2,
        "Fatalities": null,
        "PredominantFuelGroup": null,
        "PredominantFuelModel": null,
        "PrimaryFuelModel": "Timber (Grass and Understory)",
        "ContainmentDateTime": null,
        "ControlDateTime": null,
        "FinalAcres": null,
        "IsValid": 1,
        "FireOutDateTime": null,
        "ModifiedOnDateTime": 1786923932000,
        "IncidentTypeKind": "FI",
        "IrwinID": "fe589672-1080-4e97-a0d9-ec64d5a31de8",
        "GlobalID": "5660623a-11e2-4ae7-ad2e-d7096a699821",
        "ModifiedOnAge": 1,
        "FireDiscoveryAge": 31
      }
    },
    {
      "type": "Feature",
      "id": 148,
      "geometry": {
        "type": "Point",
        "coordinates": [
          -109.946467,
          46.745367
        ]
      },
      "properties": {
        "OBJECTID": 148,
        "IncidentName": "Twin Sisters",
        "IncidentTypeCategory": "WF",
        "UniqueFireIdentifier": "2026-MTHLF-000497",
        "DailyAcres": 92,
        "CalculatedAcres": null,
        "PercentContained": 100,
        "ICS209ReportDateTime": 1785624634000,
        "FireDiscoveryDateTime": 1785009215000,
        "DiscoveryAcres": 20,
        "POOCounty": "Judith Basin",
        "POOState": "US-MT",
        "FireCause": "Natural",
        "FireCauseGeneral": null,
        "GACC": "NRCC",
        "TotalIncidentPersonnel": 69,
        "IncidentManagementOrganization": "Type 3 IC",
        "FireMgmtComplexity": null,
        "ResidencesDestroyed": null,
        "OtherStructuresDestroyed": null,
        "Injuries": null,
        "Fatalities": null,
        "PredominantFuelGroup": null,
        "PredominantFuelModel": null,
        "PrimaryFuelModel": "Timber (Litter and Understory)",
        "ContainmentDateTime": null,
        "ControlDateTime": null,
        "FinalAcres": null,
        "IsValid": 1,
        "FireOutDateTime": null,
        "ModifiedOnDateTime": 1786553781000,
        "IncidentTypeKind": "FI",
        "IrwinID": "bd729423-8d4d-4fa3-bb9a-b738f6c71b88",
        "GlobalID": "a25cf4c0-1a40-4dd9-a6f6-66c1d3b50761",
        "ModifiedOnAge": 5,
        "FireDiscoveryAge": 23
      }
    },
    {
      "type": "Feature",
      "id": 168,
      "geometry": {
        "type": "Point",
        "coordinates": [
          -112.498983,
          38.728917
        ]
      },
      "properties": {
        "OBJECTID": 168,
        "IncidentName": "Widemouth 2",
        "IncidentTypeCategory": "WF",
        "UniqueFireIdentifier": "2026-UTFIF-260341",
        "DailyAcres": 129741,
        "CalculatedAcres": 2604.9,
        "PercentContained": 91,
        "ICS209ReportDateTime": 1787007641000,
        "FireDiscoveryDateTime": 1785193348000,
        "DiscoveryAcres": 0.1,
        "POOCounty": "Millard",
        "POOState": "US-UT",
        "FireCause": "Natural",
        "FireCauseGeneral": null,
        "GACC": "GBCC",
        "TotalIncidentPersonnel": 403,
        "IncidentManagementOrganization": "Complex Incident Management Team",
        "FireMgmtComplexity": null,
        "ResidencesDestroyed": 3,
        "OtherStructuresDestroyed": 3,
        "Injuries": 4,
        "Fatalities": 2,
        "PredominantFuelGroup": null,
        "PredominantFuelModel": null,
        "PrimaryFuelModel": "Timber (Litter and Understory)",
        "ContainmentDateTime": null,
        "ControlDateTime": null,
        "FinalAcres": null,
        "IsValid": 1,
        "FireOutDateTime": null,
        "ModifiedOnDateTime": 1787007641000,
        "IncidentTypeKind": "FI",
        "IrwinID": "07c99ed8-e61d-43f0-af86-b3a75f30781c",
        "GlobalID": "4a1b6911-7d55-45ae-90c9-31622fc98e94",
        "ModifiedOnAge": 0,
        "FireDiscoveryAge": 21
      }
    },
    {
      "type": "Feature",
      "id": 523,
      "geometry": {
        "type": "Point",
        "coordinates": [
          -120.9048,
          46.9834500000001
        ]
      },
      "properties": {
        "OBJECTID": 523,
        "IncidentName": "BARBER ROAD",
        "IncidentTypeCategory": "WF",
        "UniqueFireIdentifier": "2026-WAOWF-260687",
        "DailyAcres": 0.2,
        "CalculatedAcres": null,
        "PercentContained": null,
        "ICS209ReportDateTime": null,
        "FireDiscoveryDateTime": 1786991642000,
        "DiscoveryAcres": 0.25,
        "POOCounty": "Kittitas",
        "POOState": "US-WA",
        "FireCause": "Natural",
        "FireCauseGeneral": null,
        "GACC": "NWCC",
        "TotalIncidentPersonnel": null,
        "IncidentManagementOrganization": null,
        "FireMgmtComplexity": null,
        "ResidencesDestroyed": null,
        "OtherStructuresDestroyed": null,
        "Injuries": null,
        "Fatalities": null,
        "PredominantFuelGroup": null,
        "PredominantFuelModel": null,
        "PrimaryFuelModel": null,
        "ContainmentDateTime": null,
        "ControlDateTime": null,
        "FinalAcres": null,
        "IsValid": 1,
        "FireOutDateTime": null,
        "ModifiedOnDateTime": 1787010988000,
        "IncidentTypeKind": "FI",
        "IrwinID": "6150721c-6a92-4267-8467-9df4bd4cda16",
        "GlobalID": "7a307eee-77a2-45e5-847d-593c80642078",
        "ModifiedOnAge": 0,
        "FireDiscoveryAge": 0
      }
    },
    {
      "type": "Feature",
      "id": 191,
      "geometry": {
        "type": "Point",
        "coordinates": [
          -117.533414,
          47.6838510000001
        ]
      },
      "properties": {
        "OBJECTID": 191,
        "IncidentName": "OLD TRAILS",
        "IncidentTypeCategory": "WF",
        "UniqueFireIdentifier": "2026-WANES-001845",
        "DailyAcres": 3176,
        "CalculatedAcres": null,
        "PercentContained": 99,
        "ICS209ReportDateTime": 1787011860000,
        "FireDiscoveryDateTime": 1785610784000,
        "DiscoveryAcres": 3,
        "POOCounty": "Spokane",
        "POOState": "US-WA",
        "FireCause": "Human",
        "FireCauseGeneral": null,
        "GACC": "NWCC",
        "TotalIncidentPersonnel": 14,
        "IncidentManagementOrganization": "Type 4 IC",
        "FireMgmtComplexity": null,
        "ResidencesDestroyed": 525,
        "OtherStructuresDestroyed": 130,
        "Injuries": 2,
        "Fatalities": null,
        "PredominantFuelGroup": null,
        "PredominantFuelModel": null,
        "PrimaryFuelModel": "Timber (Litter and Understory)",
        "ContainmentDateTime": null,
        "ControlDateTime": null,
        "FinalAcres": null,
        "IsValid": 1,
        "FireOutDateTime": null,
        "ModifiedOnDateTime": 1787011861000,
        "IncidentTypeKind": "FI",
        "IrwinID": "f0989134-564b-44d7-b186-8c2295c16e5c",
        "GlobalID": "5cd0120f-4bc6-488d-b87a-c4140e733580",
        "ModifiedOnAge": 0,
        "FireDiscoveryAge": 16
      }
    },
    {
      "type": "Feature",
      "id": 377,
      "geometry": {
        "type": "Point",
        "coordinates": [
          -118.23906,
          33.92717
        ]
      },
      "properties": {
        "OBJECTID": 377,
        "IncidentName": "LAC-288908",
        "IncidentTypeCategory": "WF",
        "UniqueFireIdentifier": "2026-CALAC-288908",
        "DailyAcres": null,
        "CalculatedAcres": null,
        "PercentContained": null,
        "ICS209ReportDateTime": null,
        "FireDiscoveryDateTime": 1786794120000,
        "DiscoveryAcres": 0.01,
        "POOCounty": "Los Angeles",
        "POOState": "US-CA",
        "FireCause": "Undetermined",
        "FireCauseGeneral": null,
        "GACC": "OSCC",
        "TotalIncidentPersonnel": null,
        "IncidentManagementOrganization": null,
        "FireMgmtComplexity": null,
        "ResidencesDestroyed": null,
        "OtherStructuresDestroyed": null,
        "Injuries": null,
        "Fatalities": null,
        "PredominantFuelGroup": null,
        "PredominantFuelModel": null,
        "PrimaryFuelModel": null,
        "ContainmentDateTime": null,
        "ControlDateTime": null,
        "FinalAcres": null,
        "IsValid": 1,
        "FireOutDateTime": null,
        "ModifiedOnDateTime": 1786794147000,
        "IncidentTypeKind": "FI",
        "IrwinID": "e8c0ac3b-7394-481e-9469-4974b1d75b2b",
        "GlobalID": "768a23f1-b2cc-446c-af7d-258832cef5c4",
        "ModifiedOnAge": 2,
        "FireDiscoveryAge": 2
      }
    },
    {
      "type": "Feature",
      "id": 116,
      "geometry": {
        "type": "Point",
        "coordinates": [
          -121.014327,
          44.7964420000001
        ]
      },
      "properties": {
        "OBJECTID": 116,
        "IncidentName": "0579 TEN MILE",
        "IncidentTypeCategory": "WF",
        "UniqueFireIdentifier": "2026-ORPRD-000579",
        "DailyAcres": 4834,
        "CalculatedAcres": null,
        "PercentContained": 100,
        "ICS209ReportDateTime": 1785340193000,
        "FireDiscoveryDateTime": 1784791080000,
        "DiscoveryAcres": 800,
        "POOCounty": "Jefferson",
        "POOState": "US-OR",
        "FireCause": "Natural",
        "FireCauseGeneral": null,
        "GACC": "NWCC",
        "TotalIncidentPersonnel": 65,
        "IncidentManagementOrganization": "Type 4 IC",
        "FireMgmtComplexity": null,
        "ResidencesDestroyed": 0,
        "OtherStructuresDestroyed": null,
        "Injuries": null,
        "Fatalities": null,
        "PredominantFuelGroup": null,
        "PredominantFuelModel": null,
        "PrimaryFuelModel": "Short Grass (1 foot)",
        "ContainmentDateTime": null,
        "ControlDateTime": null,
        "FinalAcres": null,
        "IsValid": 1,
        "FireOutDateTime": null,
        "ModifiedOnDateTime": 1786377853000,
        "IncidentTypeKind": "FI",
        "IrwinID": "dcb43c28-36f3-4668-82a0-09cb621d8be1",
        "GlobalID": "68f11d49-ac1c-45c8-9032-890f03a92373",
        "ModifiedOnAge": 7,
        "FireDiscoveryAge": 25
      }
    },
    {
      "type": "Feature",
      "id": 139,
      "geometry": {
        "type": "Point",
        "coordinates": [
          -120.732219,
          46.3622810000001
        ]
      },
      "properties": {
        "OBJECTID": 139,
        "IncidentName": "Signal Peak",
        "IncidentTypeCategory": "WF",
        "UniqueFireIdentifier": "2026-WAYAA-000069",
        "DailyAcres": 3000,
        "CalculatedAcres": null,
        "PercentContained": 100,
        "ICS209ReportDateTime": 1786318478000,
        "FireDiscoveryDateTime": 1784933824000,
        "DiscoveryAcres": 1,
        "POOCounty": "Yakima",
        "POOState": "US-WA",
        "FireCause": "Undetermined",
        "FireCauseGeneral": null,
        "GACC": "NWCC",
        "TotalIncidentPersonnel": 6,
        "IncidentManagementOrganization": "Type 3 IC",
        "FireMgmtComplexity": null,
        "ResidencesDestroyed": null,
        "OtherStructuresDestroyed": null,
        "Injuries": null,
        "Fatalities": null,
        "PredominantFuelGroup": null,
        "PredominantFuelModel": null,
        "PrimaryFuelModel": "Short Grass (1 foot)",
        "ContainmentDateTime": null,
        "ControlDateTime": null,
        "FinalAcres": null,
        "IsValid": 1,
        "FireOutDateTime": null,
        "ModifiedOnDateTime": 1787016742000,
        "IncidentTypeKind": "FI",
        "IrwinID": "092f0d20-3543-4210-ab84-715e3714ba5f",
        "GlobalID": "699bbcea-bd78-44a1-89ab-4bd4572efe0b",
        "ModifiedOnAge": 0,
        "FireDiscoveryAge": 24
      }
    },
    {
      "type": "Feature",
      "id": 477,
      "geometry": {
        "type": "Point",
        "coordinates": [
          -117.682333,
          45.8873330000001
        ]
      },
      "properties": {
        "OBJECTID": 477,
        "IncidentName": "Thorn",
        "IncidentTypeCategory": "WF",
        "UniqueFireIdentifier": "2026-ORUMF-000494",
        "DailyAcres": 2.29,
        "CalculatedAcres": null,
        "PercentContained": null,
        "ICS209ReportDateTime": null,
        "FireDiscoveryDateTime": 1786915148000,
        "DiscoveryAcres": 2,
        "POOCounty": "Wallowa",
        "POOState": "US-OR",
        "FireCause": "Natural",
        "FireCauseGeneral": null,
        "GACC": "NWCC",
        "TotalIncidentPersonnel": null,
        "IncidentManagementOrganization": null,
        "FireMgmtComplexity": null,
        "ResidencesDestroyed": null,
        "OtherStructuresDestroyed": null,
        "Injuries": null,
        "Fatalities": null,
        "PredominantFuelGroup": null,
        "PredominantFuelModel": null,
        "PrimaryFuelModel": null,
        "ContainmentDateTime": null,
        "ControlDateTime": null,
        "FinalAcres": null,
        "IsValid": 1,
        "FireOutDateTime": null,
        "ModifiedOnDateTime": 1786982670000,
        "IncidentTypeKind": "FI",
        "IrwinID": "1e46eaae-7835-4258-9208-c5b25736f31b",
        "GlobalID": "bb5a71f3-0582-4b24-af77-33782db34962",
        "ModifiedOnAge": 0,
        "FireDiscoveryAge": 1
      }
    },
    {
      "type": "Feature",
      "id": 162,
      "geometry": {
        "type": "Point",
        "coordinates": [
          -105.096105,
          44.4561380000001
        ]
      },
      "properties": {
        "OBJECTID": 162,
        "IncidentName": "Kohns",
        "IncidentTypeCategory": "WF",
        "UniqueFireIdentifier": "2026-WYCMX-000338",
        "DailyAcres": 2700,
        "CalculatedAcres": null,
        "PercentContained": 100,
        "ICS209ReportDateTime": 1785362074000,
        "FireDiscoveryDateTime": 1785154000000,
        "DiscoveryAcres": 0.1,
        "POOCounty": "Campbell",
        "POOState": "US-WY",
        "FireCause": "Natural",
        "FireCauseGeneral": null,
        "GACC": "RMCC",
        "TotalIncidentPersonnel": 1,
        "IncidentManagementOrganization": "Type 4 IC",
        "FireMgmtComplexity": null,
        "ResidencesDestroyed": null,
        "OtherStructuresDestroyed": null,
        "Injuries": null,
        "Fatalities": null,
        "PredominantFuelGroup": null,
        "PredominantFuelModel": null,
        "PrimaryFuelModel": "Tall Grass (2.5 feet)",
        "ContainmentDateTime": null,
        "ControlDateTime": null,
        "FinalAcres": null,
        "IsValid": 1,
        "FireOutDateTime": null,
        "ModifiedOnDateTime": 1786212298000,
        "IncidentTypeKind": "FI",
        "IrwinID": "4e341e80-f37d-4721-b8fd-34e62cf510e7",
        "GlobalID": "10423909-8520-465d-8d82-6fef6a1c1616",
        "ModifiedOnAge": 9,
        "FireDiscoveryAge": 21
      }
    },
    {
      "type": "Feature",
      "id": 185,
      "geometry": {
        "type": "Point",
        "coordinates": [
          -106.4085,
          44.8235000000001
        ]
      },
      "properties": {
        "OBJECTID": 185,
        "IncidentName": "Lumin",
        "IncidentTypeCategory": "WF",
        "UniqueFireIdentifier": "2026-WYSHX-000363",
        "DailyAcres": 7285,
        "CalculatedAcres": null,
        "PercentContained": 100,
        "ICS209ReportDateTime": 1785879676000,
        "FireDiscoveryDateTime": 1785525000000,
        "DiscoveryAcres": 20,
        "POOCounty": "Sheridan",
        "POOState": "US-WY",
        "FireCause": "Undetermined",
        "FireCauseGeneral": null,
        "GACC": "RMCC",
        "TotalIncidentPersonnel": 4,
        "IncidentManagementOrganization": "Type 3 Team",
        "FireMgmtComplexity": null,
        "ResidencesDestroyed": 0,
        "OtherStructuresDestroyed": 0,
        "Injuries": null,
        "Fatalities": null,
        "PredominantFuelGroup": null,
        "PredominantFuelModel": null,
        "PrimaryFuelModel": "Short Grass (1 foot)",
        "ContainmentDateTime": null,
        "ControlDateTime": null,
        "FinalAcres": null,
        "IsValid": 1,
        "FireOutDateTime": null,
        "ModifiedOnDateTime": 1786216075000,
        "IncidentTypeKind": "FI",
        "IrwinID": "956240d7-5c2b-476e-b0c7-a1ef1bad6bfa",
        "GlobalID": "0cabe338-7029-404e-a21c-249beb4814fb",
        "ModifiedOnAge": 9,
        "FireDiscoveryAge": 17
      }
    },
    {
      "type": "Feature",
      "id": 308,
      "geometry": {
        "type": "Point",
        "coordinates": [
          -102.43719904,
          43.63141289
        ]
      },
      "properties": {
        "OBJECTID": 308,
        "IncidentName": "XU Hill",
        "IncidentTypeCategory": "WF",
        "UniqueFireIdentifier": "2026-SDPRA-000130",
        "DailyAcres": 1297.23,
        "CalculatedAcres": 1297.23,
        "PercentContained": 90,
        "ICS209ReportDateTime": 1786649336000,
        "FireDiscoveryDateTime": 1786487280000,
        "DiscoveryAcres": null,
        "POOCounty": "Oglala Lakota",
        "POOState": "US-SD",
        "FireCause": "Natural",
        "FireCauseGeneral": "Natural",
        "GACC": "RMCC",
        "TotalIncidentPersonnel": 28,
        "IncidentManagementOrganization": "Type 4 IC",
        "FireMgmtComplexity": null,
        "ResidencesDestroyed": null,
        "OtherStructuresDestroyed": 1,
        "Injuries": null,
        "Fatalities": null,
        "PredominantFuelGroup": "Grass",
        "PredominantFuelModel": "GR7",
        "PrimaryFuelModel": "Tall Grass (2.5 feet)",
        "ContainmentDateTime": null,
        "ControlDateTime": null,
        "FinalAcres": null,
        "IsValid": 1,
        "FireOutDateTime": null,
        "ModifiedOnDateTime": 1786892150000,
        "IncidentTypeKind": "FI",
        "IrwinID": "03edd376-3393-4938-9193-39c4d274614c",
        "GlobalID": "8b1d7c59-a930-415c-90c7-cb4f843bc265",
        "ModifiedOnAge": 1,
        "FireDiscoveryAge": 6
      }
    },
    {
      "type": "Feature",
      "id": 268,
      "geometry": {
        "type": "Point",
        "coordinates": [
          -120.038117,
          39.7278830000001
        ]
      },
      "properties": {
        "OBJECTID": 268,
        "IncidentName": "Bug",
        "IncidentTypeCategory": "WF",
        "UniqueFireIdentifier": "2026-NVCCD-030683",
        "DailyAcres": 93733,
        "CalculatedAcres": 3476.45886501,
        "PercentContained": 87,
        "ICS209ReportDateTime": 1787011429000,
        "FireDiscoveryDateTime": 1786228249000,
        "DiscoveryAcres": 50,
        "POOCounty": "Lassen",
        "POOState": "US-CA",
        "FireCause": "Human",
        "FireCauseGeneral": null,
        "GACC": "GBCC",
        "TotalIncidentPersonnel": 541,
        "IncidentManagementOrganization": "Complex Incident Management Team",
        "FireMgmtComplexity": null,
        "ResidencesDestroyed": 9,
        "OtherStructuresDestroyed": 7,
        "Injuries": 3,
        "Fatalities": 1,
        "PredominantFuelGroup": null,
        "PredominantFuelModel": null,
        "PrimaryFuelModel": "Short Grass (1 foot)",
        "ContainmentDateTime": null,
        "ControlDateTime": null,
        "FinalAcres": null,
        "IsValid": 1,
        "FireOutDateTime": null,
        "ModifiedOnDateTime": 1787011428000,
        "IncidentTypeKind": "FI",
        "IrwinID": "286b7f1d-8945-4a5d-9d81-5235c18af1fe",
        "GlobalID": "fe6c0e6c-5cbf-43e2-8faa-1b03ba9e8efe",
        "ModifiedOnAge": 0,
        "FireDiscoveryAge": 9
      }
    },
    {
      "type": "Feature",
      "id": 231,
      "geometry": {
        "type": "Point",
        "coordinates": [
          -107.72742,
          46.0746600000001
        ]
      },
      "properties": {
        "OBJECTID": 231,
        "IncidentName": "Captain Clark",
        "IncidentTypeCategory": "WF",
        "UniqueFireIdentifier": "2026-MTLG03-261040",
        "DailyAcres": 2.25,
        "CalculatedAcres": null,
        "PercentContained": null,
        "ICS209ReportDateTime": null,
        "FireDiscoveryDateTime": 1785960084000,
        "DiscoveryAcres": 0.1,
        "POOCounty": "Yellowstone",
        "POOState": "US-MT",
        "FireCause": "Undetermined",
        "FireCauseGeneral": null,
        "GACC": "NRCC",
        "TotalIncidentPersonnel": null,
        "IncidentManagementOrganization": null,
        "FireMgmtComplexity": null,
        "ResidencesDestroyed": null,
        "OtherStructuresDestroyed": null,
        "Injuries": null,
        "Fatalities": null,
        "PredominantFuelGroup": null,
        "PredominantFuelModel": null,
        "PrimaryFuelModel": null,
        "ContainmentDateTime": null,
        "ControlDateTime": null,
        "FinalAcres": null,
        "IsValid": 1,
        "FireOutDateTime": null,
        "ModifiedOnDateTime": 1786995590000,
        "IncidentTypeKind": "FI",
        "IrwinID": "a62b941a-1f70-449c-a661-17a7515f7edb",
        "GlobalID": "e9f3e7be-3c35-48cb-ae5e-c9e663991e6e",
        "ModifiedOnAge": 0,
        "FireDiscoveryAge": 12
      }
    },
    {
      "type": "Feature",
      "id": 325,
      "geometry": {
        "type": "Point",
        "coordinates": [
          -102.1134553,
          43.31879417
        ]
      },
      "properties": {
        "OBJECTID": 325,
        "IncidentName": "Mato Zi",
        "IncidentTypeCategory": "WF",
        "UniqueFireIdentifier": "2026-SDPRA-000137",
        "DailyAcres": 4.71,
        "CalculatedAcres": 4.71,
        "PercentContained": null,
        "ICS209ReportDateTime": null,
        "FireDiscoveryDateTime": 1786560540000,
        "DiscoveryAcres": null,
        "POOCounty": "Oglala Lakota",
        "POOState": "US-SD",
        "FireCause": "Natural",
        "FireCauseGeneral": "Natural",
        "GACC": "RMCC",
        "TotalIncidentPersonnel": null,
        "IncidentManagementOrganization": null,
        "FireMgmtComplexity": null,
        "ResidencesDestroyed": null,
        "OtherStructuresDestroyed": null,
        "Injuries": null,
        "Fatalities": null,
        "PredominantFuelGroup": "Timber",
        "PredominantFuelModel": "TU2",
        "PrimaryFuelModel": null,
        "ContainmentDateTime": null,
        "ControlDateTime": null,
        "FinalAcres": null,
        "IsValid": 1,
        "FireOutDateTime": null,
        "ModifiedOnDateTime": 1786895612000,
        "IncidentTypeKind": "FI",
        "IrwinID": "fcec53ed-34a3-4287-84e4-39bb15977a65",
        "GlobalID": "793caa59-5998-4c12-b354-fe8c32e4231a",
        "ModifiedOnAge": 1,
        "FireDiscoveryAge": 5
      }
    },
    {
      "type": "Feature",
      "id": 314,
      "geometry": {
        "type": "Point",
        "coordinates": [
          -102.41213843,
          43.2638356200001
        ]
      },
      "properties": {
        "OBJECTID": 314,
        "IncidentName": "Redwood",
        "IncidentTypeCategory": "WF",
        "UniqueFireIdentifier": "2026-SDPRA-000133",
        "DailyAcres": 169.16,
        "CalculatedAcres": 169.16,
        "PercentContained": 85,
        "ICS209ReportDateTime": 1786997844000,
        "FireDiscoveryDateTime": 1786493100000,
        "DiscoveryAcres": null,
        "POOCounty": "Oglala Lakota",
        "POOState": "US-SD",
        "FireCause": "Natural",
        "FireCauseGeneral": "Natural",
        "GACC": "RMCC",
        "TotalIncidentPersonnel": 5,
        "IncidentManagementOrganization": "Type 4 IC",
        "FireMgmtComplexity": null,
        "ResidencesDestroyed": 0,
        "OtherStructuresDestroyed": 0,
        "Injuries": null,
        "Fatalities": null,
        "PredominantFuelGroup": "Timber",
        "PredominantFuelModel": "TU3",
        "PrimaryFuelModel": "Heavy Logging Slash",
        "ContainmentDateTime": null,
        "ControlDateTime": null,
        "FinalAcres": null,
        "IsValid": 1,
        "FireOutDateTime": null,
        "ModifiedOnDateTime": 1786997844000,
        "IncidentTypeKind": "FI",
        "IrwinID": "5bc82723-c06f-493f-abe0-afdbc5dab6ae",
        "GlobalID": "8ebaa8cb-e4a1-44b3-b37e-6b0aea8ae2cb",
        "ModifiedOnAge": 0,
        "FireDiscoveryAge": 6
      }
    },
    {
      "type": "Feature",
      "id": 371,
      "geometry": {
        "type": "Point",
        "coordinates": [
          -117.8202,
          34.01354
        ]
      },
      "properties": {
        "OBJECTID": 371,
        "IncidentName": "LAC-288653",
        "IncidentTypeCategory": "WF",
        "UniqueFireIdentifier": "2026-CALAC-288653",
        "DailyAcres": null,
        "CalculatedAcres": null,
        "PercentContained": null,
        "ICS209ReportDateTime": null,
        "FireDiscoveryDateTime": 1786770320000,
        "DiscoveryAcres": 0.01,
        "POOCounty": "Los Angeles",
        "POOState": "US-CA",
        "FireCause": "Undetermined",
        "FireCauseGeneral": null,
        "GACC": "OSCC",
        "TotalIncidentPersonnel": null,
        "IncidentManagementOrganization": null,
        "FireMgmtComplexity": null,
        "ResidencesDestroyed": null,
        "OtherStructuresDestroyed": null,
        "Injuries": null,
        "Fatalities": null,
        "PredominantFuelGroup": null,
        "PredominantFuelModel": null,
        "PrimaryFuelModel": null,
        "ContainmentDateTime": null,
        "ControlDateTime": null,
        "FinalAcres": null,
        "IsValid": 1,
        "FireOutDateTime": null,
        "ModifiedOnDateTime": 1786770343000,
        "IncidentTypeKind": "FI",
        "IrwinID": "eb61dd71-d7ff-4ffb-9128-8da6c1214f4e",
        "GlobalID": "9109e101-3932-4721-a575-69b8f2ff0444",
        "ModifiedOnAge": 2,
        "FireDiscoveryAge": 2
      }
    },
    {
      "type": "Feature",
      "id": 122,
      "geometry": {
        "type": "Point",
        "coordinates": [
          -118.474267,
          42.9956080000001
        ]
      },
      "properties": {
        "OBJECTID": 122,
        "IncidentName": "Bald Mountain",
        "IncidentTypeCategory": "WF",
        "UniqueFireIdentifier": "2026-ORBUD-002687",
        "DailyAcres": 76443,
        "CalculatedAcres": null,
        "PercentContained": 93,
        "ICS209ReportDateTime": 1787016816000,
        "FireDiscoveryDateTime": 1784850000000,
        "DiscoveryAcres": 0.1,
        "POOCounty": "Harney",
        "POOState": "US-OR",
        "FireCause": "Natural",
        "FireCauseGeneral": null,
        "GACC": "NWCC",
        "TotalIncidentPersonnel": 51,
        "IncidentManagementOrganization": "Type 3 Team",
        "FireMgmtComplexity": null,
        "ResidencesDestroyed": null,
        "OtherStructuresDestroyed": 2,
        "Injuries": null,
        "Fatalities": null,
        "PredominantFuelGroup": null,
        "PredominantFuelModel": null,
        "PrimaryFuelModel": "Short Grass (1 foot)",
        "ContainmentDateTime": null,
        "ControlDateTime": null,
        "FinalAcres": null,
        "IsValid": 1,
        "FireOutDateTime": null,
        "ModifiedOnDateTime": 1787016816000,
        "IncidentTypeKind": "FI",
        "IrwinID": "7820bfdb-1edd-43fe-9b6e-2bd23fa5af15",
        "GlobalID": "b0f0cbdd-18e8-4793-bebe-5cecb862a93c",
        "ModifiedOnAge": 0,
        "FireDiscoveryAge": 25
      }
    },
    {
      "type": "Feature",
      "id": 128,
      "geometry": {
        "type": "Point",
        "coordinates": [
          -121.510133,
          45.2529670000001
        ]
      },
      "properties": {
        "OBJECTID": 128,
        "IncidentName": "GRASSHOPPER",
        "IncidentTypeCategory": "WF",
        "UniqueFireIdentifier": "2026-ORMHF-000688",
        "DailyAcres": 90667,
        "CalculatedAcres": null,
        "PercentContained": 49,
        "ICS209ReportDateTime": 1787020581000,
        "FireDiscoveryDateTime": 1784860860000,
        "DiscoveryAcres": 0.1,
        "POOCounty": "Wasco",
        "POOState": "US-OR",
        "FireCause": "Natural",
        "FireCauseGeneral": null,
        "GACC": "NWCC",
        "TotalIncidentPersonnel": 1588,
        "IncidentManagementOrganization": "Complex Incident Management Team",
        "FireMgmtComplexity": null,
        "ResidencesDestroyed": 6,
        "OtherStructuresDestroyed": 16,
        "Injuries": 9,
        "Fatalities": null,
        "PredominantFuelGroup": null,
        "PredominantFuelModel": null,
        "PrimaryFuelModel": "Timber (Litter and Understory)",
        "ContainmentDateTime": null,
        "ControlDateTime": null,
        "FinalAcres": null,
        "IsValid": 1,
        "FireOutDateTime": null,
        "ModifiedOnDateTime": 1787020581000,
        "IncidentTypeKind": "FI",
        "IrwinID": "6aa4c355-ad18-472f-aaab-78baa9de31b1",
        "GlobalID": "b72ec946-ddcd-4ae2-9c8d-1ee6943b2c11",
        "ModifiedOnAge": 0,
        "FireDiscoveryAge": 25
      }
    },
    {
      "type": "Feature",
      "id": 471,
      "geometry": {
        "type": "Point",
        "coordinates": [
          -121.562323,
          40.1630210000001
        ]
      },
      "properties": {
        "OBJECTID": 471,
        "IncidentName": "SNAKE",
        "IncidentTypeCategory": "WF",
        "UniqueFireIdentifier": "2026-CALNF-005149",
        "DailyAcres": 0.01,
        "CalculatedAcres": null,
        "PercentContained": null,
        "ICS209ReportDateTime": null,
        "FireDiscoveryDateTime": 1786918709000,
        "DiscoveryAcres": 0.01,
        "POOCounty": "Tehama",
        "POOState": "US-CA",
        "FireCause": "Undetermined",
        "FireCauseGeneral": null,
        "GACC": "ONCC",
        "TotalIncidentPersonnel": null,
        "IncidentManagementOrganization": null,
        "FireMgmtComplexity": null,
        "ResidencesDestroyed": null,
        "OtherStructuresDestroyed": null,
        "Injuries": null,
        "Fatalities": null,
        "PredominantFuelGroup": null,
        "PredominantFuelModel": null,
        "PrimaryFuelModel": null,
        "ContainmentDateTime": null,
        "ControlDateTime": null,
        "FinalAcres": 0.01,
        "IsValid": 1,
        "FireOutDateTime": null,
        "ModifiedOnDateTime": 1786918920000,
        "IncidentTypeKind": "FI",
        "IrwinID": "90e45756-c68d-49f3-b0c0-e10eaa847bab",
        "GlobalID": "b0db04a7-35bf-43af-baba-c95f83b1102f",
        "ModifiedOnAge": 1,
        "FireDiscoveryAge": 1
      }
    },
    {
      "type": "Feature",
      "id": 417,
      "geometry": {
        "type": "Point",
        "coordinates": [
          -121.5052,
          42.4733670000001
        ]
      },
      "properties": {
        "OBJECTID": 417,
        "IncidentName": "Pole",
        "IncidentTypeCategory": "WF",
        "UniqueFireIdentifier": "2026-OR981S-260312",
        "DailyAcres": 0.1,
        "CalculatedAcres": null,
        "PercentContained": null,
        "ICS209ReportDateTime": null,
        "FireDiscoveryDateTime": 1786841431000,
        "DiscoveryAcres": 0.1,
        "POOCounty": "Klamath",
        "POOState": "US-OR",
        "FireCause": "Undetermined",
        "FireCauseGeneral": null,
        "GACC": "NWCC",
        "TotalIncidentPersonnel": null,
        "IncidentManagementOrganization": null,
        "FireMgmtComplexity": null,
        "ResidencesDestroyed": null,
        "OtherStructuresDestroyed": null,
        "Injuries": null,
        "Fatalities": null,
        "PredominantFuelGroup": null,
        "PredominantFuelModel": null,
        "PrimaryFuelModel": null,
        "ContainmentDateTime": null,
        "ControlDateTime": null,
        "FinalAcres": null,
        "IsValid": 1,
        "FireOutDateTime": null,
        "ModifiedOnDateTime": 1786845430000,
        "IncidentTypeKind": "FI",
        "IrwinID": "8cf57526-c1fd-4e76-93da-431a9c500de5",
        "GlobalID": "af9b434c-b8bd-4917-94dc-1c318dc3b100",
        "ModifiedOnAge": 2,
        "FireDiscoveryAge": 2
      }
    },
    {
      "type": "Feature",
      "id": 76,
      "geometry": {
        "type": "Point",
        "coordinates": [
          -117.974282,
          45.998139
        ]
      },
      "properties": {
        "OBJECTID": 76,
        "IncidentName": "Paradise",
        "IncidentTypeCategory": "WF",
        "UniqueFireIdentifier": "2026-ORUMF-000302",
        "DailyAcres": 5333,
        "CalculatedAcres": 5332.62406595,
        "PercentContained": 0,
        "ICS209ReportDateTime": 1787013985000,
        "FireDiscoveryDateTime": 1784230710000,
        "DiscoveryAcres": 0.1,
        "POOCounty": "Wallowa",
        "POOState": "US-OR",
        "FireCause": "Natural",
        "FireCauseGeneral": null,
        "GACC": "NWCC",
        "TotalIncidentPersonnel": 349,
        "IncidentManagementOrganization": "Complex Incident Management Team",
        "FireMgmtComplexity": null,
        "ResidencesDestroyed": null,
        "OtherStructuresDestroyed": null,
        "Injuries": 2,
        "Fatalities": null,
        "PredominantFuelGroup": null,
        "PredominantFuelModel": null,
        "PrimaryFuelModel": "Timber (Grass and Understory)",
        "ContainmentDateTime": null,
        "ControlDateTime": null,
        "FinalAcres": null,
        "IsValid": 1,
        "FireOutDateTime": null,
        "ModifiedOnDateTime": 1787013985000,
        "IncidentTypeKind": "FI",
        "IrwinID": "c8034780-d588-48da-8bc9-c6ced34cd8df",
        "GlobalID": "03285a84-c65e-4f45-9028-520393698e0d",
        "ModifiedOnAge": 0,
        "FireDiscoveryAge": 32
      }
    },
    {
      "type": "Feature",
      "id": 517,
      "geometry": {
        "type": "Point",
        "coordinates": [
          -116.36187,
          32.687399
        ]
      },
      "properties": {
        "OBJECTID": 517,
        "IncidentName": "CHURCH 2",
        "IncidentTypeCategory": "WF",
        "UniqueFireIdentifier": "2026-CASDU-018662",
        "DailyAcres": 132,
        "CalculatedAcres": null,
        "PercentContained": null,
        "ICS209ReportDateTime": null,
        "FireDiscoveryDateTime": 1787000504000,
        "DiscoveryAcres": 0.01,
        "POOCounty": "San Diego",
        "POOState": "US-CA",
        "FireCause": "Undetermined",
        "FireCauseGeneral": null,
        "GACC": "OSCC",
        "TotalIncidentPersonnel": null,
        "IncidentManagementOrganization": null,
        "FireMgmtComplexity": null,
        "ResidencesDestroyed": null,
        "OtherStructuresDestroyed": null,
        "Injuries": null,
        "Fatalities": null,
        "PredominantFuelGroup": null,
        "PredominantFuelModel": null,
        "PrimaryFuelModel": null,
        "ContainmentDateTime": null,
        "ControlDateTime": null,
        "FinalAcres": null,
        "IsValid": 1,
        "FireOutDateTime": null,
        "ModifiedOnDateTime": 1787006546000,
        "IncidentTypeKind": "FI",
        "IrwinID": "112b9b87-43fe-49c0-98c3-cbc6277625c4",
        "GlobalID": "db781f0c-f0ff-483d-a716-8d810b527326",
        "ModifiedOnAge": 0,
        "FireDiscoveryAge": 0
      }
    },
    {
      "type": "Feature",
      "id": 222,
      "geometry": {
        "type": "Point",
        "coordinates": [
          -105.848167,
          35.908667
        ]
      },
      "properties": {
        "OBJECTID": 222,
        "IncidentName": "Frijoles",
        "IncidentTypeCategory": "WF",
        "UniqueFireIdentifier": "2026-NMSNF-000444",
        "DailyAcres": 11335,
        "CalculatedAcres": 3104.05,
        "PercentContained": 9,
        "ICS209ReportDateTime": 1787011297000,
        "FireDiscoveryDateTime": 1785891420000,
        "DiscoveryAcres": 3,
        "POOCounty": "Santa Fe",
        "POOState": "US-NM",
        "FireCause": "Natural",
        "FireCauseGeneral": null,
        "GACC": "SWCC",
        "TotalIncidentPersonnel": 695,
        "IncidentManagementOrganization": "Complex Incident Management Team",
        "FireMgmtComplexity": null,
        "ResidencesDestroyed": 0,
        "OtherStructuresDestroyed": 0,
        "Injuries": 2,
        "Fatalities": null,
        "PredominantFuelGroup": null,
        "PredominantFuelModel": null,
        "PrimaryFuelModel": "Timber (Grass and Understory)",
        "ContainmentDateTime": null,
        "ControlDateTime": null,
        "FinalAcres": null,
        "IsValid": 1,
        "FireOutDateTime": null,
        "ModifiedOnDateTime": 1787011297000,
        "IncidentTypeKind": "FI",
        "IrwinID": "ad65ff54-337f-4938-af35-bb1744cebf48",
        "GlobalID": "723f9471-45f6-4529-bf20-d152e7f0c0c3",
        "ModifiedOnAge": 0,
        "FireDiscoveryAge": 13
      }
    },
    {
      "type": "Feature",
      "id": 463,
      "geometry": {
        "type": "Point",
        "coordinates": [
          -117.1985083,
          32.9135667
        ]
      },
      "properties": {
        "OBJECTID": 463,
        "IncidentName": "Sorrento",
        "IncidentTypeCategory": "WF",
        "UniqueFireIdentifier": "2026-CASND-26150541",
        "DailyAcres": null,
        "CalculatedAcres": null,
        "PercentContained": null,
        "ICS209ReportDateTime": null,
        "FireDiscoveryDateTime": 1786912620000,
        "DiscoveryAcres": null,
        "POOCounty": "San Diego",
        "POOState": "US-CA",
        "FireCause": null,
        "FireCauseGeneral": null,
        "GACC": "OSCC",
        "TotalIncidentPersonnel": null,
        "IncidentManagementOrganization": null,
        "FireMgmtComplexity": null,
        "ResidencesDestroyed": null,
        "OtherStructuresDestroyed": null,
        "Injuries": null,
        "Fatalities": null,
        "PredominantFuelGroup": null,
        "PredominantFuelModel": null,
        "PrimaryFuelModel": null,
        "ContainmentDateTime": null,
        "ControlDateTime": null,
        "FinalAcres": null,
        "IsValid": 1,
        "FireOutDateTime": null,
        "ModifiedOnDateTime": 1786977765000,
        "IncidentTypeKind": "FI",
        "IrwinID": "935a7271-98f6-440e-85c1-1e954330267d",
        "GlobalID": "b618cece-faaa-4199-9f05-7aa25e0ec891",
        "ModifiedOnAge": 0,
        "FireDiscoveryAge": 1
      }
    },
    {
      "type": "Feature",
      "id": 202,
      "geometry": {
        "type": "Point",
        "coordinates": [
          -113.8895,
          46.167967
        ]
      },
      "properties": {
        "OBJECTID": 202,
        "IncidentName": "Black Bear",
        "IncidentTypeCategory": "WF",
        "UniqueFireIdentifier": "2026-MTBRF-000282",
        "DailyAcres": 2126,
        "CalculatedAcres": null,
        "PercentContained": 20,
        "ICS209ReportDateTime": 1787005354000,
        "FireDiscoveryDateTime": 1785628980000,
        "DiscoveryAcres": 5,
        "POOCounty": "Ravalli",
        "POOState": "US-MT",
        "FireCause": "Natural",
        "FireCauseGeneral": null,
        "GACC": "NRCC",
        "TotalIncidentPersonnel": 34,
        "IncidentManagementOrganization": "Type 3 IC",
        "FireMgmtComplexity": null,
        "ResidencesDestroyed": 0,
        "OtherStructuresDestroyed": 0,
        "Injuries": null,
        "Fatalities": null,
        "PredominantFuelGroup": null,
        "PredominantFuelModel": null,
        "PrimaryFuelModel": "Timber (Litter and Understory)",
        "ContainmentDateTime": null,
        "ControlDateTime": null,
        "FinalAcres": null,
        "IsValid": 1,
        "FireOutDateTime": null,
        "ModifiedOnDateTime": 1787005354000,
        "IncidentTypeKind": "FI",
        "IrwinID": "98bceefd-1e76-40e6-9352-54fd64f60e7d",
        "GlobalID": "47a1ebca-9f07-4de6-827f-b4ca0a25aa49",
        "ModifiedOnAge": 0,
        "FireDiscoveryAge": 16
      }
    },
    {
      "type": "Feature",
      "id": 274,
      "geometry": {
        "type": "Point",
        "coordinates": [
          -119.8492,
          39.7626670000001
        ]
      },
      "properties": {
        "OBJECTID": 274,
        "IncidentName": "Fred Mt",
        "IncidentTypeCategory": "WF",
        "UniqueFireIdentifier": "2026-NVTMFX-030694",
        "DailyAcres": 3482,
        "CalculatedAcres": null,
        "PercentContained": 100,
        "ICS209ReportDateTime": 1787011431000,
        "FireDiscoveryDateTime": 1786296825000,
        "DiscoveryAcres": 3,
        "POOCounty": "Washoe",
        "POOState": "US-NV",
        "FireCause": "Human",
        "FireCauseGeneral": null,
        "GACC": "GBCC",
        "TotalIncidentPersonnel": null,
        "IncidentManagementOrganization": "Type 3 IC",
        "FireMgmtComplexity": null,
        "ResidencesDestroyed": null,
        "OtherStructuresDestroyed": null,
        "Injuries": null,
        "Fatalities": null,
        "PredominantFuelGroup": null,
        "PredominantFuelModel": null,
        "PrimaryFuelModel": "Brush (2 feet)",
        "ContainmentDateTime": null,
        "ControlDateTime": null,
        "FinalAcres": null,
        "IsValid": 1,
        "FireOutDateTime": null,
        "ModifiedOnDateTime": 1787011431000,
        "IncidentTypeKind": "FI",
        "IrwinID": "9214ed4c-46df-4430-b780-5af36fb92bd9",
        "GlobalID": "2726208e-6e1a-441e-9db3-6bd81c486edb",
        "ModifiedOnAge": 0,
        "FireDiscoveryAge": 8
      }
    },
    {
      "type": "Feature",
      "id": 557,
      "geometry": {
        "type": "Point",
        "coordinates": [
          -113.12833,
          37.6743300000001
        ]
      },
      "properties": {
        "OBJECTID": 557,
        "IncidentName": "4050",
        "IncidentTypeCategory": "WF",
        "UniqueFireIdentifier": "2026-UTSWS-000534",
        "DailyAcres": 0.5,
        "CalculatedAcres": null,
        "PercentContained": null,
        "ICS209ReportDateTime": null,
        "FireDiscoveryDateTime": 1787005597000,
        "DiscoveryAcres": 0.5,
        "POOCounty": "Iron",
        "POOState": "US-UT",
        "FireCause": "Human",
        "FireCauseGeneral": null,
        "GACC": "GBCC",
        "TotalIncidentPersonnel": null,
        "IncidentManagementOrganization": null,
        "FireMgmtComplexity": null,
        "ResidencesDestroyed": null,
        "OtherStructuresDestroyed": null,
        "Injuries": null,
        "Fatalities": null,
        "PredominantFuelGroup": null,
        "PredominantFuelModel": null,
        "PrimaryFuelModel": null,
        "ContainmentDateTime": null,
        "ControlDateTime": null,
        "FinalAcres": null,
        "IsValid": 1,
        "FireOutDateTime": null,
        "ModifiedOnDateTime": 1787018480000,
        "IncidentTypeKind": "FI",
        "IrwinID": "ec10f1bc-1cc3-4cb8-953b-21eacd4be32d",
        "GlobalID": "85939301-4117-47ba-8750-f26fb4183fb0",
        "ModifiedOnAge": 0,
        "FireDiscoveryAge": 0
      }
    },
    {
      "type": "Feature",
      "id": 59,
      "geometry": {
        "type": "Point",
        "coordinates": [
          -106.718318,
          40.401602
        ]
      },
      "properties": {
        "OBJECTID": 59,
        "IncidentName": "Fishhook",
        "IncidentTypeCategory": "WF",
        "UniqueFireIdentifier": "2026-WYMRF-000841",
        "DailyAcres": 309,
        "CalculatedAcres": 313.11,
        "PercentContained": 100,
        "ICS209ReportDateTime": 1785195877000,
        "FireDiscoveryDateTime": 1783877280000,
        "DiscoveryAcres": 0.1,
        "POOCounty": "Routt",
        "POOState": "US-CO",
        "FireCause": "Natural",
        "FireCauseGeneral": null,
        "GACC": "RMCC",
        "TotalIncidentPersonnel": 175,
        "IncidentManagementOrganization": "Type 4 IC",
        "FireMgmtComplexity": null,
        "ResidencesDestroyed": null,
        "OtherStructuresDestroyed": null,
        "Injuries": 1,
        "Fatalities": null,
        "PredominantFuelGroup": null,
        "PredominantFuelModel": null,
        "PrimaryFuelModel": "Short Grass (1 foot)",
        "ContainmentDateTime": null,
        "ControlDateTime": null,
        "FinalAcres": null,
        "IsValid": 1,
        "FireOutDateTime": null,
        "ModifiedOnDateTime": 1786484648000,
        "IncidentTypeKind": "FI",
        "IrwinID": "7ce74a5f-5438-4d0f-8589-52a029eaa3f7",
        "GlobalID": "c8bfccb2-db34-4003-894b-7036cc93b875",
        "ModifiedOnAge": 6,
        "FireDiscoveryAge": 36
      }
    },
    {
      "type": "Feature",
      "id": 82,
      "geometry": {
        "type": "Point",
        "coordinates": [
          -119.468417,
          43.7271670000001
        ]
      },
      "properties": {
        "OBJECTID": 82,
        "IncidentName": "Egypt",
        "IncidentTypeCategory": "WF",
        "UniqueFireIdentifier": "2026-ORMAF-002671",
        "DailyAcres": 4553,
        "CalculatedAcres": null,
        "PercentContained": 82,
        "ICS209ReportDateTime": 1786935472000,
        "FireDiscoveryDateTime": 1784219460000,
        "DiscoveryAcres": 0.1,
        "POOCounty": "Harney",
        "POOState": "US-OR",
        "FireCause": "Natural",
        "FireCauseGeneral": null,
        "GACC": "NWCC",
        "TotalIncidentPersonnel": 3,
        "IncidentManagementOrganization": "Type 4 IC",
        "FireMgmtComplexity": null,
        "ResidencesDestroyed": null,
        "OtherStructuresDestroyed": null,
        "Injuries": null,
        "Fatalities": null,
        "PredominantFuelGroup": null,
        "PredominantFuelModel": null,
        "PrimaryFuelModel": "Timber (Litter and Understory)",
        "ContainmentDateTime": null,
        "ControlDateTime": null,
        "FinalAcres": null,
        "IsValid": 1,
        "FireOutDateTime": null,
        "ModifiedOnDateTime": 1786935472000,
        "IncidentTypeKind": "FI",
        "IrwinID": "51f19bd3-95d8-4d13-9efb-861321edb7ae",
        "GlobalID": "b89add41-c4dc-4764-8fe0-b6d7dda07063",
        "ModifiedOnAge": 1,
        "FireDiscoveryAge": 32
      }
    },
    {
      "type": "Feature",
      "id": 414,
      "geometry": {
        "type": "Point",
        "coordinates": [
          -121.152972,
          48.1235150000001
        ]
      },
      "properties": {
        "OBJECTID": 414,
        "IncidentName": "Glacier",
        "IncidentTypeCategory": "WF",
        "UniqueFireIdentifier": "2026-WAMSF-000446",
        "DailyAcres": 0.2,
        "CalculatedAcres": null,
        "PercentContained": null,
        "ICS209ReportDateTime": null,
        "FireDiscoveryDateTime": 1786827790000,
        "DiscoveryAcres": 0.1,
        "POOCounty": "Snohomish",
        "POOState": "US-WA",
        "FireCause": "Natural",
        "FireCauseGeneral": null,
        "GACC": "NWCC",
        "TotalIncidentPersonnel": null,
        "IncidentManagementOrganization": null,
        "FireMgmtComplexity": null,
        "ResidencesDestroyed": null,
        "OtherStructuresDestroyed": null,
        "Injuries": null,
        "Fatalities": null,
        "PredominantFuelGroup": null,
        "PredominantFuelModel": null,
        "PrimaryFuelModel": null,
        "ContainmentDateTime": null,
        "ControlDateTime": null,
        "FinalAcres": null,
        "IsValid": 1,
        "FireOutDateTime": null,
        "ModifiedOnDateTime": 1786905438000,
        "IncidentTypeKind": "FI",
        "IrwinID": "2f9e77b3-7367-451e-8966-176aa0e510ff",
        "GlobalID": "a46f71db-0cfc-44a5-b821-87fb1f80e204",
        "ModifiedOnAge": 1,
        "FireDiscoveryAge": 2
      }
    },
    {
      "type": "Feature",
      "id": 437,
      "geometry": {
        "type": "Point",
        "coordinates": [
          -117.97676,
          34.0134100000001
        ]
      },
      "properties": {
        "OBJECTID": 437,
        "IncidentName": "LAC-290246",
        "IncidentTypeCategory": "WF",
        "UniqueFireIdentifier": "2026-CALAC-290246",
        "DailyAcres": null,
        "CalculatedAcres": null,
        "PercentContained": null,
        "ICS209ReportDateTime": null,
        "FireDiscoveryDateTime": 1786880923000,
        "DiscoveryAcres": 0.01,
        "POOCounty": "Los Angeles",
        "POOState": "US-CA",
        "FireCause": "Undetermined",
        "FireCauseGeneral": null,
        "GACC": "OSCC",
        "TotalIncidentPersonnel": null,
        "IncidentManagementOrganization": null,
        "FireMgmtComplexity": null,
        "ResidencesDestroyed": null,
        "OtherStructuresDestroyed": null,
        "Injuries": null,
        "Fatalities": null,
        "PredominantFuelGroup": null,
        "PredominantFuelModel": null,
        "PrimaryFuelModel": null,
        "ContainmentDateTime": null,
        "ControlDateTime": null,
        "FinalAcres": null,
        "IsValid": 1,
        "FireOutDateTime": null,
        "ModifiedOnDateTime": 1786880943000,
        "IncidentTypeKind": "FI",
        "IrwinID": "b2683cd0-668a-48f5-8bd5-64b5d45157d3",
        "GlobalID": "0f450ab5-2110-4dd4-9e7f-224992470d92",
        "ModifiedOnAge": 1,
        "FireDiscoveryAge": 1
      }
    },
    {
      "type": "Feature",
      "id": 33,
      "geometry": {
        "type": "Point",
        "coordinates": [
          -118.480617,
          45.6830830000001
        ]
      },
      "properties": {
        "OBJECTID": 33,
        "IncidentName": "North Cayuse",
        "IncidentTypeCategory": "WF",
        "UniqueFireIdentifier": "2026-OR973S-000206",
        "DailyAcres": 4887,
        "CalculatedAcres": 4663.01,
        "PercentContained": 97,
        "ICS209ReportDateTime": 1786237855000,
        "FireDiscoveryDateTime": 1783202460000,
        "DiscoveryAcres": 2,
        "POOCounty": "Umatilla",
        "POOState": "US-OR",
        "FireCause": "Human",
        "FireCauseGeneral": null,
        "GACC": "NWCC",
        "TotalIncidentPersonnel": 3,
        "IncidentManagementOrganization": "Type 4 IC",
        "FireMgmtComplexity": null,
        "ResidencesDestroyed": null,
        "OtherStructuresDestroyed": 1,
        "Injuries": 2,
        "Fatalities": null,
        "PredominantFuelGroup": null,
        "PredominantFuelModel": null,
        "PrimaryFuelModel": "Timber (Grass and Understory)",
        "ContainmentDateTime": null,
        "ControlDateTime": null,
        "FinalAcres": null,
        "IsValid": 1,
        "FireOutDateTime": null,
        "ModifiedOnDateTime": 1786718507000,
        "IncidentTypeKind": "FI",
        "IrwinID": "b0396ac9-6c41-4bc3-a899-f309fc28baae",
        "GlobalID": "4ed668a3-6bdb-4e1f-ad13-adbd5fb8e4ca",
        "ModifiedOnAge": 3,
        "FireDiscoveryAge": 44
      }
    },
    {
      "type": "Feature",
      "id": 182,
      "geometry": {
        "type": "Point",
        "coordinates": [
          -111.307967,
          39.383
        ]
      },
      "properties": {
        "OBJECTID": 182,
        "IncidentName": "Black Canyon",
        "IncidentTypeCategory": "WF",
        "UniqueFireIdentifier": "2026-UTMLF-005244",
        "DailyAcres": 3571,
        "CalculatedAcres": 1205.19,
        "PercentContained": 47,
        "ICS209ReportDateTime": 1787007769000,
        "FireDiscoveryDateTime": 1785443400000,
        "DiscoveryAcres": 0.5,
        "POOCounty": "Sanpete",
        "POOState": "US-UT",
        "FireCause": "Natural",
        "FireCauseGeneral": null,
        "GACC": "GBCC",
        "TotalIncidentPersonnel": 526,
        "IncidentManagementOrganization": "Type 3 Team",
        "FireMgmtComplexity": null,
        "ResidencesDestroyed": null,
        "OtherStructuresDestroyed": null,
        "Injuries": 6,
        "Fatalities": null,
        "PredominantFuelGroup": null,
        "PredominantFuelModel": null,
        "PrimaryFuelModel": "Timber (Litter and Understory)",
        "ContainmentDateTime": null,
        "ControlDateTime": null,
        "FinalAcres": null,
        "IsValid": 1,
        "FireOutDateTime": null,
        "ModifiedOnDateTime": 1787007769000,
        "IncidentTypeKind": "FI",
        "IrwinID": "c1ed0ef1-0bd2-41c2-9292-41c6df3dd61f",
        "GlobalID": "a7096c6d-555e-4fa2-aaf4-96b57c1e8e02",
        "ModifiedOnAge": 0,
        "FireDiscoveryAge": 18
      }
    },
    {
      "type": "Feature",
      "id": 88,
      "geometry": {
        "type": "Point",
        "coordinates": [
          -118.345971,
          45.5418080000001
        ]
      },
      "properties": {
        "OBJECTID": 88,
        "IncidentName": "Horse Ridge",
        "IncidentTypeCategory": "WF",
        "UniqueFireIdentifier": "2026-ORUMF-000315",
        "DailyAcres": 860,
        "CalculatedAcres": 859.92808966,
        "PercentContained": 98,
        "ICS209ReportDateTime": 1787010306000,
        "FireDiscoveryDateTime": 1784237400000,
        "DiscoveryAcres": 10,
        "POOCounty": "Umatilla",
        "POOState": "US-OR",
        "FireCause": "Natural",
        "FireCauseGeneral": null,
        "GACC": "NWCC",
        "TotalIncidentPersonnel": 4,
        "IncidentManagementOrganization": "Complex Incident Management Team",
        "FireMgmtComplexity": null,
        "ResidencesDestroyed": null,
        "OtherStructuresDestroyed": null,
        "Injuries": null,
        "Fatalities": null,
        "PredominantFuelGroup": null,
        "PredominantFuelModel": null,
        "PrimaryFuelModel": "Timber (Grass and Understory)",
        "ContainmentDateTime": null,
        "ControlDateTime": null,
        "FinalAcres": null,
        "IsValid": 1,
        "FireOutDateTime": null,
        "ModifiedOnDateTime": 1787010308000,
        "IncidentTypeKind": "FI",
        "IrwinID": "59d0ccba-067c-4422-8fd0-07f3eab5581b",
        "GlobalID": "e07aa3a7-797f-4e8b-8a86-b33c9e6d188a",
        "ModifiedOnAge": 0,
        "FireDiscoveryAge": 32
      }
    },
    {
      "type": "Feature",
      "id": 159,
      "geometry": {
        "type": "Point",
        "coordinates": [
          -119.693117,
          48.704617
        ]
      },
      "properties": {
        "OBJECTID": 159,
        "IncidentName": "SINLAHEKIN",
        "IncidentTypeCategory": "WF",
        "UniqueFireIdentifier": "2026-WANES-001791",
        "DailyAcres": 153843,
        "CalculatedAcres": null,
        "PercentContained": 44,
        "ICS209ReportDateTime": 1787017080000,
        "FireDiscoveryDateTime": 1785100320000,
        "DiscoveryAcres": 10,
        "POOCounty": "Okanogan",
        "POOState": "US-WA",
        "FireCause": "Undetermined",
        "FireCauseGeneral": null,
        "GACC": "NWCC",
        "TotalIncidentPersonnel": 1731,
        "IncidentManagementOrganization": "Type 1 Team",
        "FireMgmtComplexity": null,
        "ResidencesDestroyed": 33,
        "OtherStructuresDestroyed": 2,
        "Injuries": 2,
        "Fatalities": null,
        "PredominantFuelGroup": null,
        "PredominantFuelModel": null,
        "PrimaryFuelModel": "Timber (Grass and Understory)",
        "ContainmentDateTime": null,
        "ControlDateTime": null,
        "FinalAcres": null,
        "IsValid": 1,
        "FireOutDateTime": null,
        "ModifiedOnDateTime": 1787017081000,
        "IncidentTypeKind": "FI",
        "IrwinID": "78d35d3b-f791-4961-ae36-c6d1a4dff5a0",
        "GlobalID": "56b6b56b-52ec-480a-8376-1dc49326acff",
        "ModifiedOnAge": 0,
        "FireDiscoveryAge": 22
      }
    },
    {
      "type": "Feature",
      "id": 208,
      "geometry": {
        "type": "Point",
        "coordinates": [
          -117.492867,
          33.7630830000001
        ]
      },
      "properties": {
        "OBJECTID": 208,
        "IncidentName": "VEHICLE",
        "IncidentTypeCategory": "WF",
        "UniqueFireIdentifier": "2026-CACNF-002636",
        "DailyAcres": 0.1,
        "CalculatedAcres": null,
        "PercentContained": null,
        "ICS209ReportDateTime": null,
        "FireDiscoveryDateTime": 1785699720000,
        "DiscoveryAcres": 0.1,
        "POOCounty": "Riverside",
        "POOState": "US-CA",
        "FireCause": "Undetermined",
        "FireCauseGeneral": null,
        "GACC": "OSCC",
        "TotalIncidentPersonnel": null,
        "IncidentManagementOrganization": null,
        "FireMgmtComplexity": null,
        "ResidencesDestroyed": null,
        "OtherStructuresDestroyed": null,
        "Injuries": null,
        "Fatalities": null,
        "PredominantFuelGroup": null,
        "PredominantFuelModel": null,
        "PrimaryFuelModel": null,
        "ContainmentDateTime": null,
        "ControlDateTime": null,
        "FinalAcres": null,
        "IsValid": 1,
        "FireOutDateTime": null,
        "ModifiedOnDateTime": 1786981124000,
        "IncidentTypeKind": "FI",
        "IrwinID": "18da104b-7fe4-4c0f-a7c7-3ec41e1bbeaa",
        "GlobalID": "6a19c49a-401b-40f5-a942-1ffa96f6e53b",
        "ModifiedOnAge": 0,
        "FireDiscoveryAge": 15
      }
    },
    {
      "type": "Feature",
      "id": 53,
      "geometry": {
        "type": "Point",
        "coordinates": [
          -123.00183333,
          42.6039500000001
        ]
      },
      "properties": {
        "OBJECTID": 53,
        "IncidentName": "E Evans Creek Rd 18000",
        "IncidentTypeCategory": "WF",
        "UniqueFireIdentifier": "2026-OR711S-000039",
        "DailyAcres": 15580,
        "CalculatedAcres": null,
        "PercentContained": 98,
        "ICS209ReportDateTime": 1787015677000,
        "FireDiscoveryDateTime": 1783719540000,
        "DiscoveryAcres": 2,
        "POOCounty": "Jackson",
        "POOState": "US-OR",
        "FireCause": "Undetermined",
        "FireCauseGeneral": "Undetermined (remarks required)",
        "GACC": "NWCC",
        "TotalIncidentPersonnel": 270,
        "IncidentManagementOrganization": "Type 3 IC",
        "FireMgmtComplexity": null,
        "ResidencesDestroyed": 1,
        "OtherStructuresDestroyed": 6,
        "Injuries": 6,
        "Fatalities": null,
        "PredominantFuelGroup": null,
        "PredominantFuelModel": null,
        "PrimaryFuelModel": "Closed Timber Litter",
        "ContainmentDateTime": null,
        "ControlDateTime": null,
        "FinalAcres": null,
        "IsValid": 1,
        "FireOutDateTime": null,
        "ModifiedOnDateTime": 1787015677000,
        "IncidentTypeKind": "FI",
        "IrwinID": "c12bfcd9-62ee-42d7-a015-fc8b8bfa0793",
        "GlobalID": "01c4ba26-d8a4-4566-9ec6-cee373df6231",
        "ModifiedOnAge": 0,
        "FireDiscoveryAge": 38
      }
    },
    {
      "type": "Feature",
      "id": 102,
      "geometry": {
        "type": "Point",
        "coordinates": [
          -118.567968,
          46.5764820000001
        ]
      },
      "properties": {
        "OBJECTID": 102,
        "IncidentName": "WALLACE WALKER",
        "IncidentTypeCategory": "WF",
        "UniqueFireIdentifier": "2026-WAWFS-260455",
        "DailyAcres": 801,
        "CalculatedAcres": null,
        "PercentContained": 100,
        "ICS209ReportDateTime": 1784681554000,
        "FireDiscoveryDateTime": 1784331150000,
        "DiscoveryAcres": 0.1,
        "POOCounty": "Franklin",
        "POOState": "US-WA",
        "FireCause": "Undetermined",
        "FireCauseGeneral": null,
        "GACC": "NWCC",
        "TotalIncidentPersonnel": null,
        "IncidentManagementOrganization": "Type 3 Team",
        "FireMgmtComplexity": null,
        "ResidencesDestroyed": null,
        "OtherStructuresDestroyed": null,
        "Injuries": null,
        "Fatalities": null,
        "PredominantFuelGroup": null,
        "PredominantFuelModel": null,
        "PrimaryFuelModel": "Tall Grass (2.5 feet)",
        "ContainmentDateTime": null,
        "ControlDateTime": null,
        "FinalAcres": null,
        "IsValid": 1,
        "FireOutDateTime": null,
        "ModifiedOnDateTime": 1786403291000,
        "IncidentTypeKind": "FI",
        "IrwinID": "ae1ab3c1-454b-489a-af7a-8604ff56c86b",
        "GlobalID": "fa028382-4247-47b7-be00-c7ffe32a01dd",
        "ModifiedOnAge": 7,
        "FireDiscoveryAge": 31
      }
    },
    {
      "type": "Feature",
      "id": 400,
      "geometry": {
        "type": "Point",
        "coordinates": [
          -118.9715,
          37.0245
        ]
      },
      "properties": {
        "OBJECTID": 400,
        "IncidentName": "WISHON",
        "IncidentTypeCategory": "WF",
        "UniqueFireIdentifier": "2026-CASNF-001434",
        "DailyAcres": 1,
        "CalculatedAcres": null,
        "PercentContained": null,
        "ICS209ReportDateTime": null,
        "FireDiscoveryDateTime": 1786831614000,
        "DiscoveryAcres": 1,
        "POOCounty": "Fresno",
        "POOState": "US-CA",
        "FireCause": "Undetermined",
        "FireCauseGeneral": null,
        "GACC": "OSCC",
        "TotalIncidentPersonnel": null,
        "IncidentManagementOrganization": null,
        "FireMgmtComplexity": null,
        "ResidencesDestroyed": null,
        "OtherStructuresDestroyed": null,
        "Injuries": null,
        "Fatalities": null,
        "PredominantFuelGroup": null,
        "PredominantFuelModel": null,
        "PrimaryFuelModel": null,
        "ContainmentDateTime": null,
        "ControlDateTime": null,
        "FinalAcres": null,
        "IsValid": 1,
        "FireOutDateTime": null,
        "ModifiedOnDateTime": 1786832126000,
        "IncidentTypeKind": "FI",
        "IrwinID": "b9b8d78c-04af-47e2-8c72-984314e1643b",
        "GlobalID": "8b3eb259-65e8-419c-973f-a1ce73dd7a23",
        "ModifiedOnAge": 2,
        "FireDiscoveryAge": 2
      }
    },
    {
      "type": "Feature",
      "id": 302,
      "geometry": {
        "type": "Point",
        "coordinates": [
          -123.10448333,
          43.57173333
        ]
      },
      "properties": {
        "OBJECTID": 302,
        "IncidentName": "Harness 1310",
        "IncidentTypeCategory": "WF",
        "UniqueFireIdentifier": "2026-OR771S-000053",
        "DailyAcres": 26.5,
        "CalculatedAcres": null,
        "PercentContained": null,
        "ICS209ReportDateTime": null,
        "FireDiscoveryDateTime": 1786478640000,
        "DiscoveryAcres": 3,
        "POOCounty": "Lane",
        "POOState": "US-OR",
        "FireCause": "Undetermined",
        "FireCauseGeneral": "Undetermined (remarks required)",
        "GACC": "NWCC",
        "TotalIncidentPersonnel": null,
        "IncidentManagementOrganization": null,
        "FireMgmtComplexity": null,
        "ResidencesDestroyed": null,
        "OtherStructuresDestroyed": null,
        "Injuries": null,
        "Fatalities": null,
        "PredominantFuelGroup": null,
        "PredominantFuelModel": null,
        "PrimaryFuelModel": null,
        "ContainmentDateTime": null,
        "ControlDateTime": null,
        "FinalAcres": null,
        "IsValid": 1,
        "FireOutDateTime": null,
        "ModifiedOnDateTime": 1786977391000,
        "IncidentTypeKind": "FI",
        "IrwinID": "bd3276c2-6c4d-4670-896d-12608d49468b",
        "GlobalID": "2f5bf11a-9f81-4bc4-8b76-82cbc2515c22",
        "ModifiedOnAge": 0,
        "FireDiscoveryAge": 6
      }
    },
    {
      "type": "Feature",
      "id": 45,
      "geometry": {
        "type": "Point",
        "coordinates": [
          -118.452867,
          44.745217
        ]
      },
      "properties": {
        "OBJECTID": 45,
        "IncidentName": "Olive Butte",
        "IncidentTypeCategory": "WF",
        "UniqueFireIdentifier": "2026-ORWWF-000224",
        "DailyAcres": 3092,
        "CalculatedAcres": 3092.4444452,
        "PercentContained": 94,
        "ICS209ReportDateTime": 1786319699000,
        "FireDiscoveryDateTime": 1783525189000,
        "DiscoveryAcres": 0.5,
        "POOCounty": "Grant",
        "POOState": "US-OR",
        "FireCause": "Natural",
        "FireCauseGeneral": null,
        "GACC": "NWCC",
        "TotalIncidentPersonnel": null,
        "IncidentManagementOrganization": "Type 3 Team",
        "FireMgmtComplexity": null,
        "ResidencesDestroyed": null,
        "OtherStructuresDestroyed": null,
        "Injuries": null,
        "Fatalities": null,
        "PredominantFuelGroup": null,
        "PredominantFuelModel": null,
        "PrimaryFuelModel": "Timber (Litter and Understory)",
        "ContainmentDateTime": null,
        "ControlDateTime": null,
        "FinalAcres": null,
        "IsValid": 1,
        "FireOutDateTime": null,
        "ModifiedOnDateTime": 1786371550000,
        "IncidentTypeKind": "FI",
        "IrwinID": "882db1be-b19e-4733-b3cd-2140c2c822bb",
        "GlobalID": "4733065f-403a-47a7-abce-8d01b6d822e1",
        "ModifiedOnAge": 7,
        "FireDiscoveryAge": 40
      }
    },
    {
      "type": "Feature",
      "id": 543,
      "geometry": {
        "type": "Point",
        "coordinates": [
          -120.44878,
          46.4197950000001
        ]
      },
      "properties": {
        "OBJECTID": 543,
        "IncidentName": "Progressive & Higgins",
        "IncidentTypeCategory": "WF",
        "UniqueFireIdentifier": "2026-WAYAA-000088",
        "DailyAcres": 44.1,
        "CalculatedAcres": null,
        "PercentContained": null,
        "ICS209ReportDateTime": null,
        "FireDiscoveryDateTime": 1787007321000,
        "DiscoveryAcres": 0.5,
        "POOCounty": "Yakima",
        "POOState": "US-WA",
        "FireCause": "Undetermined",
        "FireCauseGeneral": null,
        "GACC": "NWCC",
        "TotalIncidentPersonnel": null,
        "IncidentManagementOrganization": null,
        "FireMgmtComplexity": null,
        "ResidencesDestroyed": null,
        "OtherStructuresDestroyed": null,
        "Injuries": null,
        "Fatalities": null,
        "PredominantFuelGroup": null,
        "PredominantFuelModel": null,
        "PrimaryFuelModel": null,
        "ContainmentDateTime": null,
        "ControlDateTime": null,
        "FinalAcres": null,
        "IsValid": 1,
        "FireOutDateTime": null,
        "ModifiedOnDateTime": 1787015434000,
        "IncidentTypeKind": "FI",
        "IrwinID": "e4ce6d5c-9044-48a3-9a9c-f44f01e0d479",
        "GlobalID": "21a94aa1-adc0-41e9-bc73-1bab335713b7",
        "ModifiedOnAge": 0,
        "FireDiscoveryAge": 0
      }
    },
    {
      "type": "Feature",
      "id": 537,
      "geometry": {
        "type": "Point",
        "coordinates": [
          -122.886667,
          48.018467
        ]
      },
      "properties": {
        "OBJECTID": 537,
        "IncidentName": "NIGHTHAWK",
        "IncidentTypeCategory": "WF",
        "UniqueFireIdentifier": "2026-WAOLS-000098",
        "DailyAcres": 0.5,
        "CalculatedAcres": null,
        "PercentContained": null,
        "ICS209ReportDateTime": null,
        "FireDiscoveryDateTime": 1787002959000,
        "DiscoveryAcres": 0.5,
        "POOCounty": "Jefferson",
        "POOState": "US-WA",
        "FireCause": "Human",
        "FireCauseGeneral": null,
        "GACC": "NWCC",
        "TotalIncidentPersonnel": null,
        "IncidentManagementOrganization": null,
        "FireMgmtComplexity": null,
        "ResidencesDestroyed": null,
        "OtherStructuresDestroyed": null,
        "Injuries": null,
        "Fatalities": null,
        "PredominantFuelGroup": null,
        "PredominantFuelModel": null,
        "PrimaryFuelModel": null,
        "ContainmentDateTime": null,
        "ControlDateTime": null,
        "FinalAcres": null,
        "IsValid": 1,
        "FireOutDateTime": null,
        "ModifiedOnDateTime": 1787008801000,
        "IncidentTypeKind": "FI",
        "IrwinID": "2a50c295-8619-43a4-a0e9-326a8ab763fd",
        "GlobalID": "d8d60aba-85f2-48e8-a3b4-549bf0547cad",
        "ModifiedOnAge": 0,
        "FireDiscoveryAge": 0
      }
    },
    {
      "type": "Feature",
      "id": 145,
      "geometry": {
        "type": "Point",
        "coordinates": [
          -116.149,
          48.251
        ]
      },
      "properties": {
        "OBJECTID": 145,
        "IncidentName": "Porcupine",
        "IncidentTypeCategory": "WF",
        "UniqueFireIdentifier": "2026-IDIPF-000495",
        "DailyAcres": 115,
        "CalculatedAcres": null,
        "PercentContained": 0,
        "ICS209ReportDateTime": 1787010979000,
        "FireDiscoveryDateTime": 1784946300000,
        "DiscoveryAcres": 3,
        "POOCounty": "Bonner",
        "POOState": "US-ID",
        "FireCause": "Natural",
        "FireCauseGeneral": null,
        "GACC": "NRCC",
        "TotalIncidentPersonnel": 2,
        "IncidentManagementOrganization": "Type 4 IC",
        "FireMgmtComplexity": null,
        "ResidencesDestroyed": null,
        "OtherStructuresDestroyed": null,
        "Injuries": null,
        "Fatalities": null,
        "PredominantFuelGroup": null,
        "PredominantFuelModel": null,
        "PrimaryFuelModel": "Timber (Litter and Understory)",
        "ContainmentDateTime": null,
        "ControlDateTime": null,
        "FinalAcres": null,
        "IsValid": 1,
        "FireOutDateTime": null,
        "ModifiedOnDateTime": 1787010979000,
        "IncidentTypeKind": "FI",
        "IrwinID": "1d2500f1-9401-4668-8eec-82d9181e4193",
        "GlobalID": "fe9f81d9-802d-422d-93a1-018b263bbe25",
        "ModifiedOnAge": 0,
        "FireDiscoveryAge": 24
      }
    },
    {
      "type": "Feature",
      "id": 245,
      "geometry": {
        "type": "Point",
        "coordinates": [
          -106.805,
          45.7525000000001
        ]
      },
      "properties": {
        "OBJECTID": 245,
        "IncidentName": "Slough Grass",
        "IncidentTypeCategory": "WF",
        "UniqueFireIdentifier": "2026-MTLG29-000661",
        "DailyAcres": 5465,
        "CalculatedAcres": null,
        "PercentContained": 100,
        "ICS209ReportDateTime": 1786325341000,
        "FireDiscoveryDateTime": 1786051327000,
        "DiscoveryAcres": 400,
        "POOCounty": "Rosebud",
        "POOState": "US-MT",
        "FireCause": "Natural",
        "FireCauseGeneral": null,
        "GACC": "NRCC",
        "TotalIncidentPersonnel": 69,
        "IncidentManagementOrganization": "Type 3 IC",
        "FireMgmtComplexity": null,
        "ResidencesDestroyed": null,
        "OtherStructuresDestroyed": null,
        "Injuries": null,
        "Fatalities": null,
        "PredominantFuelGroup": null,
        "PredominantFuelModel": null,
        "PrimaryFuelModel": "Timber (Grass and Understory)",
        "ContainmentDateTime": 1786300200000,
        "ControlDateTime": null,
        "FinalAcres": null,
        "IsValid": 1,
        "FireOutDateTime": null,
        "ModifiedOnDateTime": 1786325340000,
        "IncidentTypeKind": "FI",
        "IrwinID": "a0d9b680-54d9-4943-a878-2d3f0e7a7d22",
        "GlobalID": "9a8bcd54-9948-4c80-9610-cc196f159928",
        "ModifiedOnAge": 8,
        "FireDiscoveryAge": 11
      }
    },
    {
      "type": "Feature",
      "id": 345,
      "geometry": {
        "type": "Point",
        "coordinates": [
          -120.039833,
          44.840133
        ]
      },
      "properties": {
        "OBJECTID": 345,
        "IncidentName": "0722 ROSENBAUM",
        "IncidentTypeCategory": "WF",
        "UniqueFireIdentifier": "2026-OR953S-000722",
        "DailyAcres": 483,
        "CalculatedAcres": null,
        "PercentContained": 38,
        "ICS209ReportDateTime": 1787021220000,
        "FireDiscoveryDateTime": 1786674720000,
        "DiscoveryAcres": 0.1,
        "POOCounty": "Wheeler",
        "POOState": "US-OR",
        "FireCause": "Natural",
        "FireCauseGeneral": null,
        "GACC": "NWCC",
        "TotalIncidentPersonnel": 307,
        "IncidentManagementOrganization": "Complex Incident Management Team",
        "FireMgmtComplexity": null,
        "ResidencesDestroyed": null,
        "OtherStructuresDestroyed": null,
        "Injuries": null,
        "Fatalities": null,
        "PredominantFuelGroup": null,
        "PredominantFuelModel": null,
        "PrimaryFuelModel": "Timber (Grass and Understory)",
        "ContainmentDateTime": null,
        "ControlDateTime": null,
        "FinalAcres": null,
        "IsValid": 1,
        "FireOutDateTime": null,
        "ModifiedOnDateTime": 1787021220000,
        "IncidentTypeKind": "FI",
        "IrwinID": "2059a645-6d4b-4ef9-8d1a-8ea49732a456",
        "GlobalID": "4b0e8412-a12e-4ded-946d-21820affb5cf",
        "ModifiedOnAge": 0,
        "FireDiscoveryAge": 4
      }
    },
    {
      "type": "Feature",
      "id": 380,
      "geometry": {
        "type": "Point",
        "coordinates": [
          -118.23906,
          33.92717
        ]
      },
      "properties": {
        "OBJECTID": 380,
        "IncidentName": "LAC-288953",
        "IncidentTypeCategory": "WF",
        "UniqueFireIdentifier": "2026-CALAC-288953",
        "DailyAcres": null,
        "CalculatedAcres": null,
        "PercentContained": null,
        "ICS209ReportDateTime": null,
        "FireDiscoveryDateTime": 1786801315000,
        "DiscoveryAcres": 0.01,
        "POOCounty": "Los Angeles",
        "POOState": "US-CA",
        "FireCause": "Undetermined",
        "FireCauseGeneral": null,
        "GACC": "OSCC",
        "TotalIncidentPersonnel": null,
        "IncidentManagementOrganization": null,
        "FireMgmtComplexity": null,
        "ResidencesDestroyed": null,
        "OtherStructuresDestroyed": null,
        "Injuries": null,
        "Fatalities": null,
        "PredominantFuelGroup": null,
        "PredominantFuelModel": null,
        "PrimaryFuelModel": null,
        "ContainmentDateTime": null,
        "ControlDateTime": null,
        "FinalAcres": null,
        "IsValid": 1,
        "FireOutDateTime": null,
        "ModifiedOnDateTime": 1786801336000,
        "IncidentTypeKind": "FI",
        "IrwinID": "aff4b55a-873e-4ce7-9266-67c4717340e7",
        "GlobalID": "6446f407-4eb1-4355-86e2-e2abfa56af19",
        "ModifiedOnAge": 2,
        "FireDiscoveryAge": 2
      }
    },
    {
      "type": "Feature",
      "id": 403,
      "geometry": {
        "type": "Point",
        "coordinates": [
          -121.189118,
          44.2424550000001
        ]
      },
      "properties": {
        "OBJECTID": 403,
        "IncidentName": "0737 (Redmond FD Assist)",
        "IncidentTypeCategory": "WF",
        "UniqueFireIdentifier": "2026-ORPRD-000737",
        "DailyAcres": 0.25,
        "CalculatedAcres": null,
        "PercentContained": null,
        "ICS209ReportDateTime": null,
        "FireDiscoveryDateTime": 1786831500000,
        "DiscoveryAcres": 0.1,
        "POOCounty": "Deschutes",
        "POOState": "US-OR",
        "FireCause": "Undetermined",
        "FireCauseGeneral": null,
        "GACC": "NWCC",
        "TotalIncidentPersonnel": null,
        "IncidentManagementOrganization": null,
        "FireMgmtComplexity": null,
        "ResidencesDestroyed": null,
        "OtherStructuresDestroyed": null,
        "Injuries": null,
        "Fatalities": null,
        "PredominantFuelGroup": null,
        "PredominantFuelModel": null,
        "PrimaryFuelModel": null,
        "ContainmentDateTime": null,
        "ControlDateTime": null,
        "FinalAcres": null,
        "IsValid": 1,
        "FireOutDateTime": null,
        "ModifiedOnDateTime": 1786833683000,
        "IncidentTypeKind": "FI",
        "IrwinID": "8608a169-6773-40d5-a125-29409e290def",
        "GlobalID": "8047e736-590b-4c90-b16f-09aa8bdf6603",
        "ModifiedOnAge": 2,
        "FireDiscoveryAge": 2
      }
    },
    {
      "type": "Feature",
      "id": 71,
      "geometry": {
        "type": "Point",
        "coordinates": [
          -120.052,
          44.761667
        ]
      },
      "properties": {
        "OBJECTID": 71,
        "IncidentName": "0446 CAMEL HUMP",
        "IncidentTypeCategory": "WF",
        "UniqueFireIdentifier": "2026-ORPRD-000446",
        "DailyAcres": 6789,
        "CalculatedAcres": null,
        "PercentContained": 68,
        "ICS209ReportDateTime": 1787014573000,
        "FireDiscoveryDateTime": 1784163180000,
        "DiscoveryAcres": 0.1,
        "POOCounty": "Wheeler",
        "POOState": "US-OR",
        "FireCause": "Natural",
        "FireCauseGeneral": null,
        "GACC": "NWCC",
        "TotalIncidentPersonnel": 1,
        "IncidentManagementOrganization": "Type 3 Team",
        "FireMgmtComplexity": null,
        "ResidencesDestroyed": null,
        "OtherStructuresDestroyed": null,
        "Injuries": null,
        "Fatalities": null,
        "PredominantFuelGroup": null,
        "PredominantFuelModel": null,
        "PrimaryFuelModel": "Short Grass (1 foot)",
        "ContainmentDateTime": null,
        "ControlDateTime": null,
        "FinalAcres": null,
        "IsValid": 1,
        "FireOutDateTime": null,
        "ModifiedOnDateTime": 1787014573000,
        "IncidentTypeKind": "FI",
        "IrwinID": "ff6762f8-a3ab-4432-9114-ff06358a7a84",
        "GlobalID": "d13ccb53-eb96-4aeb-97da-90755ff3da04",
        "ModifiedOnAge": 0,
        "FireDiscoveryAge": 33
      }
    },
    {
      "type": "Feature",
      "id": 263,
      "geometry": {
        "type": "Point",
        "coordinates": [
          -122.093611,
          45.1469010000001
        ]
      },
      "properties": {
        "OBJECTID": 263,
        "IncidentName": "THE NARROWS",
        "IncidentTypeCategory": "WF",
        "UniqueFireIdentifier": "2026-ORMHF-000855",
        "DailyAcres": 89,
        "CalculatedAcres": null,
        "PercentContained": null,
        "ICS209ReportDateTime": null,
        "FireDiscoveryDateTime": 1786206060000,
        "DiscoveryAcres": 5,
        "POOCounty": "Clackamas",
        "POOState": "US-OR",
        "FireCause": "Human",
        "FireCauseGeneral": null,
        "GACC": "NWCC",
        "TotalIncidentPersonnel": null,
        "IncidentManagementOrganization": null,
        "FireMgmtComplexity": null,
        "ResidencesDestroyed": null,
        "OtherStructuresDestroyed": null,
        "Injuries": null,
        "Fatalities": null,
        "PredominantFuelGroup": null,
        "PredominantFuelModel": null,
        "PrimaryFuelModel": null,
        "ContainmentDateTime": null,
        "ControlDateTime": null,
        "FinalAcres": null,
        "IsValid": 1,
        "FireOutDateTime": null,
        "ModifiedOnDateTime": 1787008252000,
        "IncidentTypeKind": "FI",
        "IrwinID": "7f8205dd-40b8-4abd-ab53-2c4a87394b87",
        "GlobalID": "6c39886b-699b-4728-8eca-6540ec44f912",
        "ModifiedOnAge": 0,
        "FireDiscoveryAge": 9
      }
    },
    {
      "type": "Feature",
      "id": 94,
      "geometry": {
        "type": "Point",
        "coordinates": [
          -117.277667,
          44.75525
        ]
      },
      "properties": {
        "OBJECTID": 94,
        "IncidentName": "POWDER RIVER",
        "IncidentTypeCategory": "WF",
        "UniqueFireIdentifier": "2026-ORVAD-260173",
        "DailyAcres": 21088,
        "CalculatedAcres": 1051.79817729,
        "PercentContained": 100,
        "ICS209ReportDateTime": 1786741236000,
        "FireDiscoveryDateTime": 1784266200000,
        "DiscoveryAcres": 1,
        "POOCounty": "Baker",
        "POOState": "US-OR",
        "FireCause": "Undetermined",
        "FireCauseGeneral": null,
        "GACC": "NWCC",
        "TotalIncidentPersonnel": 4,
        "IncidentManagementOrganization": "Type 4 IC",
        "FireMgmtComplexity": null,
        "ResidencesDestroyed": 0,
        "OtherStructuresDestroyed": 0,
        "Injuries": null,
        "Fatalities": null,
        "PredominantFuelGroup": null,
        "PredominantFuelModel": null,
        "PrimaryFuelModel": "Short Grass (1 foot)",
        "ContainmentDateTime": null,
        "ControlDateTime": null,
        "FinalAcres": null,
        "IsValid": 1,
        "FireOutDateTime": null,
        "ModifiedOnDateTime": 1786741236000,
        "IncidentTypeKind": "FI",
        "IrwinID": "40ef4d3a-a1d9-48da-a96b-a58f164e5e68",
        "GlobalID": "f21e9847-4ec6-4e5b-a32e-d15e016fda7e",
        "ModifiedOnAge": 3,
        "FireDiscoveryAge": 31
      }
    },
    {
      "type": "Feature",
      "id": 240,
      "geometry": {
        "type": "Point",
        "coordinates": [
          -123.002264,
          42.2231808000001
        ]
      },
      "properties": {
        "OBJECTID": 240,
        "IncidentName": "Woodrat Mountain",
        "IncidentTypeCategory": "WF",
        "UniqueFireIdentifier": "2026-ORMED-711175",
        "DailyAcres": 282,
        "CalculatedAcres": null,
        "PercentContained": 85,
        "ICS209ReportDateTime": 1787015137000,
        "FireDiscoveryDateTime": 1786044180000,
        "DiscoveryAcres": 5,
        "POOCounty": "Jackson",
        "POOState": "US-OR",
        "FireCause": "Human",
        "FireCauseGeneral": "Equipment and vehicle use",
        "GACC": "NWCC",
        "TotalIncidentPersonnel": 118,
        "IncidentManagementOrganization": "Type 4 IC",
        "FireMgmtComplexity": null,
        "ResidencesDestroyed": 0,
        "OtherStructuresDestroyed": 0,
        "Injuries": null,
        "Fatalities": null,
        "PredominantFuelGroup": null,
        "PredominantFuelModel": null,
        "PrimaryFuelModel": "Timber (Grass and Understory)",
        "ContainmentDateTime": null,
        "ControlDateTime": null,
        "FinalAcres": null,
        "IsValid": 1,
        "FireOutDateTime": null,
        "ModifiedOnDateTime": 1787015138000,
        "IncidentTypeKind": "FI",
        "IrwinID": "ab1c7a3e-f5b4-4c5f-91fa-7bc3bd4c254f",
        "GlobalID": "aab86744-3164-4da9-89b9-6a648f377413",
        "ModifiedOnAge": 0,
        "FireDiscoveryAge": 11
      }
    },
    {
      "type": "Feature",
      "id": 117,
      "geometry": {
        "type": "Point",
        "coordinates": [
          -120.426363,
          45.4534090000001
        ]
      },
      "properties": {
        "OBJECTID": 117,
        "IncidentName": "0584 COTTONWOOD",
        "IncidentTypeCategory": "WF",
        "UniqueFireIdentifier": "2026-ORPRD-000584",
        "DailyAcres": 15658,
        "CalculatedAcres": null,
        "PercentContained": 100,
        "ICS209ReportDateTime": 1786648625000,
        "FireDiscoveryDateTime": 1784825485000,
        "DiscoveryAcres": 0.1,
        "POOCounty": "Gilliam",
        "POOState": "US-OR",
        "FireCause": "Natural",
        "FireCauseGeneral": null,
        "GACC": "NWCC",
        "TotalIncidentPersonnel": null,
        "IncidentManagementOrganization": "Type 5 IC",
        "FireMgmtComplexity": null,
        "ResidencesDestroyed": null,
        "OtherStructuresDestroyed": null,
        "Injuries": 0,
        "Fatalities": null,
        "PredominantFuelGroup": null,
        "PredominantFuelModel": null,
        "PrimaryFuelModel": "Short Grass (1 foot)",
        "ContainmentDateTime": null,
        "ControlDateTime": null,
        "FinalAcres": null,
        "IsValid": 1,
        "FireOutDateTime": null,
        "ModifiedOnDateTime": 1786648625000,
        "IncidentTypeKind": "FI",
        "IrwinID": "b454dacb-0fe8-49d7-9603-08759cdcd5c1",
        "GlobalID": "e00a055f-413b-4967-b74a-8c2c0fafe13c",
        "ModifiedOnAge": 4,
        "FireDiscoveryAge": 25
      }
    },
    {
      "type": "Feature",
      "id": 140,
      "geometry": {
        "type": "Point",
        "coordinates": [
          -119.439167,
          43.608667
        ]
      },
      "properties": {
        "OBJECTID": 140,
        "IncidentName": "Second Flat",
        "IncidentTypeCategory": "WF",
        "UniqueFireIdentifier": "2026-ORBUD-002693",
        "DailyAcres": 105501,
        "CalculatedAcres": null,
        "PercentContained": 90,
        "ICS209ReportDateTime": 1787016856000,
        "FireDiscoveryDateTime": 1784933580000,
        "DiscoveryAcres": 0.1,
        "POOCounty": "Harney",
        "POOState": "US-OR",
        "FireCause": "Natural",
        "FireCauseGeneral": null,
        "GACC": "NWCC",
        "TotalIncidentPersonnel": 130,
        "IncidentManagementOrganization": "Type 3 Team",
        "FireMgmtComplexity": null,
        "ResidencesDestroyed": 2,
        "OtherStructuresDestroyed": 5,
        "Injuries": null,
        "Fatalities": null,
        "PredominantFuelGroup": null,
        "PredominantFuelModel": null,
        "PrimaryFuelModel": "Timber (Litter and Understory)",
        "ContainmentDateTime": null,
        "ControlDateTime": null,
        "FinalAcres": null,
        "IsValid": 1,
        "FireOutDateTime": null,
        "ModifiedOnDateTime": 1787016856000,
        "IncidentTypeKind": "FI",
        "IrwinID": "d1885386-0825-4eb4-8bec-b4c0274c5bbd",
        "GlobalID": "5eac436d-8ffa-4b95-8b32-6d5e7d9435ee",
        "ModifiedOnAge": 0,
        "FireDiscoveryAge": 24
      }
    },
    {
      "type": "Feature",
      "id": 549,
      "geometry": {
        "type": "Point",
        "coordinates": [
          -120.533163,
          47.4472280000001
        ]
      },
      "properties": {
        "OBJECTID": 549,
        "IncidentName": "POISON",
        "IncidentTypeCategory": "WF",
        "UniqueFireIdentifier": "2026-WASES-260688",
        "DailyAcres": 0.25,
        "CalculatedAcres": null,
        "PercentContained": null,
        "ICS209ReportDateTime": null,
        "FireDiscoveryDateTime": 1786999391000,
        "DiscoveryAcres": 0.1,
        "POOCounty": "Chelan",
        "POOState": "US-WA",
        "FireCause": "Natural",
        "FireCauseGeneral": null,
        "GACC": "NWCC",
        "TotalIncidentPersonnel": null,
        "IncidentManagementOrganization": null,
        "FireMgmtComplexity": null,
        "ResidencesDestroyed": null,
        "OtherStructuresDestroyed": null,
        "Injuries": null,
        "Fatalities": null,
        "PredominantFuelGroup": null,
        "PredominantFuelModel": null,
        "PrimaryFuelModel": null,
        "ContainmentDateTime": null,
        "ControlDateTime": null,
        "FinalAcres": null,
        "IsValid": 1,
        "FireOutDateTime": null,
        "ModifiedOnDateTime": 1787016389000,
        "IncidentTypeKind": "FI",
        "IrwinID": "18b671ef-b72c-4a42-b682-cf0526d1b5fa",
        "GlobalID": "e42b4284-1428-4c21-a5a5-f802e604e9a5",
        "ModifiedOnAge": 0,
        "FireDiscoveryAge": 0
      }
    },
    {
      "type": "Feature",
      "id": 163,
      "geometry": {
        "type": "Point",
        "coordinates": [
          -108.46745,
          33.2457000000001
        ]
      },
      "properties": {
        "OBJECTID": 163,
        "IncidentName": "Johnson",
        "IncidentTypeCategory": "WF",
        "UniqueFireIdentifier": "2026-NMGNF-000506",
        "DailyAcres": 402,
        "CalculatedAcres": null,
        "PercentContained": 0,
        "ICS209ReportDateTime": 1786753966000,
        "FireDiscoveryDateTime": 1785094736000,
        "DiscoveryAcres": 50,
        "POOCounty": "Catron",
        "POOState": "US-NM",
        "FireCause": "Natural",
        "FireCauseGeneral": null,
        "GACC": "SWCC",
        "TotalIncidentPersonnel": 1,
        "IncidentManagementOrganization": "Type 4 IC",
        "FireMgmtComplexity": null,
        "ResidencesDestroyed": null,
        "OtherStructuresDestroyed": null,
        "Injuries": null,
        "Fatalities": null,
        "PredominantFuelGroup": null,
        "PredominantFuelModel": null,
        "PrimaryFuelModel": "Hardwood Litter",
        "ContainmentDateTime": null,
        "ControlDateTime": null,
        "FinalAcres": null,
        "IsValid": 1,
        "FireOutDateTime": null,
        "ModifiedOnDateTime": 1786753966000,
        "IncidentTypeKind": "FI",
        "IrwinID": "438c97dc-b8f8-44e1-8c0c-7d58494f4d99",
        "GlobalID": "9eac7165-51b7-4f90-baad-020894fe6c1b",
        "ModifiedOnAge": 3,
        "FireDiscoveryAge": 22
      }
    },
    {
      "type": "Feature",
      "id": 526,
      "geometry": {
        "type": "Point",
        "coordinates": [
          -123.57580333,
          42.2391083300001
        ]
      },
      "properties": {
        "OBJECTID": 526,
        "IncidentName": "McMullen Creek",
        "IncidentTypeCategory": "WF",
        "UniqueFireIdentifier": "2026-OR712S-033327",
        "DailyAcres": null,
        "CalculatedAcres": null,
        "PercentContained": null,
        "ICS209ReportDateTime": null,
        "FireDiscoveryDateTime": 1787001120000,
        "DiscoveryAcres": 0.1,
        "POOCounty": "Josephine",
        "POOState": "US-OR",
        "FireCause": "Undetermined",
        "FireCauseGeneral": "Undetermined (remarks required)",
        "GACC": "NWCC",
        "TotalIncidentPersonnel": null,
        "IncidentManagementOrganization": null,
        "FireMgmtComplexity": null,
        "ResidencesDestroyed": null,
        "OtherStructuresDestroyed": null,
        "Injuries": null,
        "Fatalities": null,
        "PredominantFuelGroup": null,
        "PredominantFuelModel": null,
        "PrimaryFuelModel": null,
        "ContainmentDateTime": null,
        "ControlDateTime": null,
        "FinalAcres": null,
        "IsValid": 1,
        "FireOutDateTime": null,
        "ModifiedOnDateTime": 1787003032000,
        "IncidentTypeKind": "FI",
        "IrwinID": "db475539-9766-4f87-b602-d69c2bcc4b9c",
        "GlobalID": "7bb0431f-a6b2-4995-a214-4352006bff45",
        "ModifiedOnAge": 0,
        "FireDiscoveryAge": 0
      }
    },
    {
      "type": "Feature",
      "id": 257,
      "geometry": {
        "type": "Point",
        "coordinates": [
          -111.642133,
          40.9395170000001
        ]
      },
      "properties": {
        "OBJECTID": 257,
        "IncidentName": "Rocky Canyon",
        "IncidentTypeCategory": "WF",
        "UniqueFireIdentifier": "2026-UTNWS-200580",
        "DailyAcres": 16464,
        "CalculatedAcres": null,
        "PercentContained": 85,
        "ICS209ReportDateTime": 1787011106000,
        "FireDiscoveryDateTime": 1786138804000,
        "DiscoveryAcres": 150,
        "POOCounty": "Morgan",
        "POOState": "US-UT",
        "FireCause": "Human",
        "FireCauseGeneral": null,
        "GACC": "GBCC",
        "TotalIncidentPersonnel": 227,
        "IncidentManagementOrganization": "Type 3 Team",
        "FireMgmtComplexity": null,
        "ResidencesDestroyed": null,
        "OtherStructuresDestroyed": 2,
        "Injuries": 5,
        "Fatalities": null,
        "PredominantFuelGroup": null,
        "PredominantFuelModel": null,
        "PrimaryFuelModel": "Short Grass (1 foot)",
        "ContainmentDateTime": null,
        "ControlDateTime": null,
        "FinalAcres": null,
        "IsValid": 1,
        "FireOutDateTime": null,
        "ModifiedOnDateTime": 1787011106000,
        "IncidentTypeKind": "FI",
        "IrwinID": "0258851a-69b4-4b68-ac68-7401725397c1",
        "GlobalID": "252d9f56-88ca-4942-97f5-72ad0741d856",
        "ModifiedOnAge": 0,
        "FireDiscoveryAge": 10
      }
    },
    {
      "type": "Feature",
      "id": 186,
      "geometry": {
        "type": "Point",
        "coordinates": [
          -110.639667,
          46.7365
        ]
      },
      "properties": {
        "OBJECTID": 186,
        "IncidentName": "Ant Park",
        "IncidentTypeCategory": "WF",
        "UniqueFireIdentifier": "2026-MTHLF-000529",
        "DailyAcres": 400,
        "CalculatedAcres": null,
        "PercentContained": 88,
        "ICS209ReportDateTime": 1786918555000,
        "FireDiscoveryDateTime": 1785531240000,
        "DiscoveryAcres": 10,
        "POOCounty": "Meagher",
        "POOState": "US-MT",
        "FireCause": "Undetermined",
        "FireCauseGeneral": null,
        "GACC": "NRCC",
        "TotalIncidentPersonnel": 97,
        "IncidentManagementOrganization": "Type 3 IC",
        "FireMgmtComplexity": null,
        "ResidencesDestroyed": null,
        "OtherStructuresDestroyed": null,
        "Injuries": 2,
        "Fatalities": null,
        "PredominantFuelGroup": null,
        "PredominantFuelModel": null,
        "PrimaryFuelModel": "Closed Timber Litter",
        "ContainmentDateTime": null,
        "ControlDateTime": null,
        "FinalAcres": null,
        "IsValid": 1,
        "FireOutDateTime": null,
        "ModifiedOnDateTime": 1786918555000,
        "IncidentTypeKind": "FI",
        "IrwinID": "0910a9e1-186b-4da3-8ecb-75028dcc057f",
        "GlobalID": "6119e5db-08f5-4719-a8b4-0219a4c6c061",
        "ModifiedOnAge": 1,
        "FireDiscoveryAge": 17
      }
    },
    {
      "type": "Feature",
      "id": 432,
      "geometry": {
        "type": "Point",
        "coordinates": [
          -103.16024,
          34.22513
        ]
      },
      "properties": {
        "OBJECTID": 432,
        "IncidentName": "BLACKWATER",
        "IncidentTypeCategory": "WF",
        "UniqueFireIdentifier": "2026-NMN5S-000637",
        "DailyAcres": 66.2,
        "CalculatedAcres": null,
        "PercentContained": null,
        "ICS209ReportDateTime": null,
        "FireDiscoveryDateTime": 1786831200000,
        "DiscoveryAcres": 66.2,
        "POOCounty": "Roosevelt",
        "POOState": "US-NM",
        "FireCause": "Natural",
        "FireCauseGeneral": null,
        "GACC": "SWCC",
        "TotalIncidentPersonnel": null,
        "IncidentManagementOrganization": null,
        "FireMgmtComplexity": null,
        "ResidencesDestroyed": null,
        "OtherStructuresDestroyed": null,
        "Injuries": null,
        "Fatalities": null,
        "PredominantFuelGroup": null,
        "PredominantFuelModel": null,
        "PrimaryFuelModel": null,
        "ContainmentDateTime": null,
        "ControlDateTime": null,
        "FinalAcres": null,
        "IsValid": 1,
        "FireOutDateTime": null,
        "ModifiedOnDateTime": 1786859747000,
        "IncidentTypeKind": "FI",
        "IrwinID": "434d39bd-19d4-480a-9d13-8d53fd6d61f0",
        "GlobalID": "754db874-50ef-46bf-a73f-7035dd7084f8",
        "ModifiedOnAge": 1,
        "FireDiscoveryAge": 2
      }
    },
    {
      "type": "Feature",
      "id": 455,
      "geometry": {
        "type": "Point",
        "coordinates": [
          -118.2134,
          33.92625
        ]
      },
      "properties": {
        "OBJECTID": 455,
        "IncidentName": "LAC-290553",
        "IncidentTypeCategory": "WF",
        "UniqueFireIdentifier": "2026-CALAC-290553",
        "DailyAcres": null,
        "CalculatedAcres": null,
        "PercentContained": null,
        "ICS209ReportDateTime": null,
        "FireDiscoveryDateTime": 1786907238000,
        "DiscoveryAcres": 0.01,
        "POOCounty": "Los Angeles",
        "POOState": "US-CA",
        "FireCause": "Undetermined",
        "FireCauseGeneral": null,
        "GACC": "OSCC",
        "TotalIncidentPersonnel": null,
        "IncidentManagementOrganization": null,
        "FireMgmtComplexity": null,
        "ResidencesDestroyed": null,
        "OtherStructuresDestroyed": null,
        "Injuries": null,
        "Fatalities": null,
        "PredominantFuelGroup": null,
        "PredominantFuelModel": null,
        "PrimaryFuelModel": null,
        "ContainmentDateTime": null,
        "ControlDateTime": null,
        "FinalAcres": null,
        "IsValid": 1,
        "FireOutDateTime": null,
        "ModifiedOnDateTime": 1786908338000,
        "IncidentTypeKind": "FI",
        "IrwinID": "647ca121-f223-4ceb-834a-bc537735d367",
        "GlobalID": "ea6953e8-50c0-4e98-8c8d-155984ae10a3",
        "ModifiedOnAge": 1,
        "FireDiscoveryAge": 1
      }
    },
    {
      "type": "Feature",
      "id": 409,
      "geometry": {
        "type": "Point",
        "coordinates": [
          -118.1795,
          33.9624900000001
        ]
      },
      "properties": {
        "OBJECTID": 409,
        "IncidentName": "LAC-289560",
        "IncidentTypeCategory": "WF",
        "UniqueFireIdentifier": "2026-CALAC-289560",
        "DailyAcres": null,
        "CalculatedAcres": null,
        "PercentContained": null,
        "ICS209ReportDateTime": null,
        "FireDiscoveryDateTime": 1786835482000,
        "DiscoveryAcres": 0.01,
        "POOCounty": "Los Angeles",
        "POOState": "US-CA",
        "FireCause": "Undetermined",
        "FireCauseGeneral": null,
        "GACC": "OSCC",
        "TotalIncidentPersonnel": null,
        "IncidentManagementOrganization": null,
        "FireMgmtComplexity": null,
        "ResidencesDestroyed": null,
        "OtherStructuresDestroyed": null,
        "Injuries": null,
        "Fatalities": null,
        "PredominantFuelGroup": null,
        "PredominantFuelModel": null,
        "PrimaryFuelModel": null,
        "ContainmentDateTime": null,
        "ControlDateTime": null,
        "FinalAcres": null,
        "IsValid": 1,
        "FireOutDateTime": null,
        "ModifiedOnDateTime": 1786835496000,
        "IncidentTypeKind": "FI",
        "IrwinID": "b82b43c6-b6f7-4640-a0f8-bc433c5b299d",
        "GlobalID": "f0dbb17e-4213-40e4-8976-b95922179e4e",
        "ModifiedOnAge": 2,
        "FireDiscoveryAge": 2
      }
    },
    {
      "type": "Feature",
      "id": 77,
      "geometry": {
        "type": "Point",
        "coordinates": [
          -108.55943,
          46.28434
        ]
      },
      "properties": {
        "OBJECTID": 77,
        "IncidentName": "Holdover",
        "IncidentTypeCategory": "WF",
        "UniqueFireIdentifier": "2026-MTLG23-260779",
        "DailyAcres": 0.25,
        "CalculatedAcres": null,
        "PercentContained": null,
        "ICS209ReportDateTime": null,
        "FireDiscoveryDateTime": 1784233172000,
        "DiscoveryAcres": 0.25,
        "POOCounty": "Musselshell",
        "POOState": "US-MT",
        "FireCause": "Undetermined",
        "FireCauseGeneral": null,
        "GACC": "NRCC",
        "TotalIncidentPersonnel": null,
        "IncidentManagementOrganization": null,
        "FireMgmtComplexity": null,
        "ResidencesDestroyed": null,
        "OtherStructuresDestroyed": null,
        "Injuries": null,
        "Fatalities": null,
        "PredominantFuelGroup": null,
        "PredominantFuelModel": null,
        "PrimaryFuelModel": null,
        "ContainmentDateTime": null,
        "ControlDateTime": null,
        "FinalAcres": null,
        "IsValid": 1,
        "FireOutDateTime": null,
        "ModifiedOnDateTime": 1787000301000,
        "IncidentTypeKind": "FI",
        "IrwinID": "1caf195c-1888-4bf7-8171-87e1d0096154",
        "GlobalID": "07304afa-1e51-4c1d-ae84-c10143abf0b7",
        "ModifiedOnAge": 0,
        "FireDiscoveryAge": 32
      }
    },
    {
      "type": "Feature",
      "id": 17,
      "geometry": {
        "type": "Point",
        "coordinates": [
          -112.550767,
          38.26975
        ]
      },
      "properties": {
        "OBJECTID": 17,
        "IncidentName": "Cottonwood",
        "IncidentTypeCategory": "WF",
        "UniqueFireIdentifier": "2026-UTFIF-260198",
        "DailyAcres": 97464,
        "CalculatedAcres": 94422.95,
        "PercentContained": 95,
        "ICS209ReportDateTime": 1787006732000,
        "FireDiscoveryDateTime": 1782164206000,
        "DiscoveryAcres": 0.1,
        "POOCounty": "Beaver",
        "POOState": "US-UT",
        "FireCause": "Undetermined",
        "FireCauseGeneral": null,
        "GACC": "GBCC",
        "TotalIncidentPersonnel": 44,
        "IncidentManagementOrganization": "Type 4 IC",
        "FireMgmtComplexity": null,
        "ResidencesDestroyed": 145,
        "OtherStructuresDestroyed": 40,
        "Injuries": 7,
        "Fatalities": null,
        "PredominantFuelGroup": null,
        "PredominantFuelModel": null,
        "PrimaryFuelModel": "Timber (Litter and Understory)",
        "ContainmentDateTime": null,
        "ControlDateTime": null,
        "FinalAcres": null,
        "IsValid": 1,
        "FireOutDateTime": null,
        "ModifiedOnDateTime": 1787006732000,
        "IncidentTypeKind": "FI",
        "IrwinID": "b1b09572-cd77-4b0a-8e06-71284617a28f",
        "GlobalID": "f3390221-d6cf-4d5b-bd89-d786719a5731",
        "ModifiedOnAge": 0,
        "FireDiscoveryAge": 56
      }
    },
    {
      "type": "Feature",
      "id": 31,
      "geometry": {
        "type": "Point",
        "coordinates": [
          -104.52734,
          42.5199200000001
        ]
      },
      "properties": {
        "OBJECTID": 31,
        "IncidentName": "Rocky Ridge",
        "IncidentTypeCategory": "WF",
        "UniqueFireIdentifier": "2026-WYGOX-000214",
        "DailyAcres": 222,
        "CalculatedAcres": null,
        "PercentContained": 100,
        "ICS209ReportDateTime": 1782841516000,
        "FireDiscoveryDateTime": 1782768943000,
        "DiscoveryAcres": 300,
        "POOCounty": "Goshen",
        "POOState": "US-WY",
        "FireCause": "Human",
        "FireCauseGeneral": null,
        "GACC": "RMCC",
        "TotalIncidentPersonnel": 3,
        "IncidentManagementOrganization": "Type 5 IC",
        "FireMgmtComplexity": null,
        "ResidencesDestroyed": 0,
        "OtherStructuresDestroyed": null,
        "Injuries": null,
        "Fatalities": null,
        "PredominantFuelGroup": null,
        "PredominantFuelModel": null,
        "PrimaryFuelModel": "Short Grass (1 foot)",
        "ContainmentDateTime": null,
        "ControlDateTime": null,
        "FinalAcres": null,
        "IsValid": 1,
        "FireOutDateTime": null,
        "ModifiedOnDateTime": 1786213122000,
        "IncidentTypeKind": "FI",
        "IrwinID": "995160fa-1c35-4c76-949c-ba3655c6eb26",
        "GlobalID": "547eb3c0-f100-465c-8a28-8633d604962d",
        "ModifiedOnAge": 9,
        "FireDiscoveryAge": 49
      }
    },
    {
      "type": "Feature",
      "id": 326,
      "geometry": {
        "type": "Point",
        "coordinates": [
          -102.32173145,
          43.3113469100001
        ]
      },
      "properties": {
        "OBJECTID": 326,
        "IncidentName": "Candle",
        "IncidentTypeCategory": "WF",
        "UniqueFireIdentifier": "2026-SDPRA-000139",
        "DailyAcres": 63.61,
        "CalculatedAcres": null,
        "PercentContained": null,
        "ICS209ReportDateTime": null,
        "FireDiscoveryDateTime": 1786554000000,
        "DiscoveryAcres": null,
        "POOCounty": "Oglala Lakota",
        "POOState": "US-SD",
        "FireCause": "Natural",
        "FireCauseGeneral": "Natural",
        "GACC": "RMCC",
        "TotalIncidentPersonnel": null,
        "IncidentManagementOrganization": null,
        "FireMgmtComplexity": null,
        "ResidencesDestroyed": 0,
        "OtherStructuresDestroyed": 0,
        "Injuries": null,
        "Fatalities": null,
        "PredominantFuelGroup": "Slash",
        "PredominantFuelModel": "SB3",
        "PrimaryFuelModel": null,
        "ContainmentDateTime": null,
        "ControlDateTime": null,
        "FinalAcres": null,
        "IsValid": 1,
        "FireOutDateTime": null,
        "ModifiedOnDateTime": 1786901961000,
        "IncidentTypeKind": "FI",
        "IrwinID": "45616b85-5f1c-471b-9b4b-25091a141aec",
        "GlobalID": "f56f0f0b-3f95-4ac7-97c2-522c138de11d",
        "ModifiedOnAge": 1,
        "FireDiscoveryAge": 5
      }
    },
    {
      "type": "Feature",
      "id": 223,
      "geometry": {
        "type": "Point",
        "coordinates": [
          -118.9227778,
          34.8997222
        ]
      },
      "properties": {
        "OBJECTID": 223,
        "IncidentName": "BUZZARD",
        "IncidentTypeCategory": "WF",
        "UniqueFireIdentifier": "2026-CAKRN-032905",
        "DailyAcres": 902,
        "CalculatedAcres": null,
        "PercentContained": 100,
        "ICS209ReportDateTime": 1786637959000,
        "FireDiscoveryDateTime": 1785941460000,
        "DiscoveryAcres": null,
        "POOCounty": "Kern",
        "POOState": "US-CA",
        "FireCause": "Human",
        "FireCauseGeneral": null,
        "GACC": "OSCC",
        "TotalIncidentPersonnel": 55,
        "IncidentManagementOrganization": "Type 4 IC",
        "FireMgmtComplexity": null,
        "ResidencesDestroyed": null,
        "OtherStructuresDestroyed": null,
        "Injuries": 2,
        "Fatalities": null,
        "PredominantFuelGroup": null,
        "PredominantFuelModel": null,
        "PrimaryFuelModel": "Tall Grass (2.5 feet)",
        "ContainmentDateTime": null,
        "ControlDateTime": null,
        "FinalAcres": null,
        "IsValid": 1,
        "FireOutDateTime": null,
        "ModifiedOnDateTime": 1786637959000,
        "IncidentTypeKind": "FI",
        "IrwinID": "e53d7a7b-30f7-40ce-b772-2ad3253a9b27",
        "GlobalID": "65097e68-9fcd-4aaf-8278-0be52450d16d",
        "ModifiedOnAge": 4,
        "FireDiscoveryAge": 12
      }
    },
    {
      "type": "Feature",
      "id": 466,
      "geometry": {
        "type": "Point",
        "coordinates": [
          -118.09441,
          34.6530700000001
        ]
      },
      "properties": {
        "OBJECTID": 466,
        "IncidentName": "LAC-290713",
        "IncidentTypeCategory": "WF",
        "UniqueFireIdentifier": "2026-CALAC-290713",
        "DailyAcres": null,
        "CalculatedAcres": null,
        "PercentContained": null,
        "ICS209ReportDateTime": null,
        "FireDiscoveryDateTime": 1786915332000,
        "DiscoveryAcres": 0.01,
        "POOCounty": "Los Angeles",
        "POOState": "US-CA",
        "FireCause": "Undetermined",
        "FireCauseGeneral": null,
        "GACC": "OSCC",
        "TotalIncidentPersonnel": null,
        "IncidentManagementOrganization": null,
        "FireMgmtComplexity": null,
        "ResidencesDestroyed": null,
        "OtherStructuresDestroyed": null,
        "Injuries": null,
        "Fatalities": null,
        "PredominantFuelGroup": null,
        "PredominantFuelModel": null,
        "PrimaryFuelModel": null,
        "ContainmentDateTime": null,
        "ControlDateTime": null,
        "FinalAcres": null,
        "IsValid": 1,
        "FireOutDateTime": null,
        "ModifiedOnDateTime": 1786919158000,
        "IncidentTypeKind": "FI",
        "IrwinID": "63c45304-c8e7-4726-9cdf-3773cbc7d2f6",
        "GlobalID": "9eff285c-e642-4a27-8a07-4bcae7e8d4d2",
        "ModifiedOnAge": 1,
        "FireDiscoveryAge": 1
      }
    },
    {
      "type": "Feature",
      "id": 472,
      "geometry": {
        "type": "Point",
        "coordinates": [
          -103.777517,
          44.560867
        ]
      },
      "properties": {
        "OBJECTID": 472,
        "IncidentName": "False Bottom Creek",
        "IncidentTypeCategory": "WF",
        "UniqueFireIdentifier": "2026-SDSDS-260847",
        "DailyAcres": 242,
        "CalculatedAcres": null,
        "PercentContained": 100,
        "ICS209ReportDateTime": 1787003257000,
        "FireDiscoveryDateTime": 1786916578000,
        "DiscoveryAcres": 0.1,
        "POOCounty": "Lawrence",
        "POOState": "US-SD",
        "FireCause": "Undetermined",
        "FireCauseGeneral": null,
        "GACC": "RMCC",
        "TotalIncidentPersonnel": 10,
        "IncidentManagementOrganization": "Type 4 IC",
        "FireMgmtComplexity": null,
        "ResidencesDestroyed": null,
        "OtherStructuresDestroyed": null,
        "Injuries": null,
        "Fatalities": null,
        "PredominantFuelGroup": null,
        "PredominantFuelModel": null,
        "PrimaryFuelModel": "Timber (Grass and Understory)",
        "ContainmentDateTime": 1786982400000,
        "ControlDateTime": null,
        "FinalAcres": null,
        "IsValid": 1,
        "FireOutDateTime": null,
        "ModifiedOnDateTime": 1787003257000,
        "IncidentTypeKind": "FI",
        "IrwinID": "e16ecd3d-034f-43cd-80df-0f8905a53a8e",
        "GlobalID": "79b2cc86-b0d6-4d09-bcdf-87b42a0704bb",
        "ModifiedOnAge": 0,
        "FireDiscoveryAge": 1
      }
    },
    {
      "type": "Feature",
      "id": 372,
      "geometry": {
        "type": "Point",
        "coordinates": [
          -118.27099,
          34.5959800000001
        ]
      },
      "properties": {
        "OBJECTID": 372,
        "IncidentName": "WEBB",
        "IncidentTypeCategory": "WF",
        "UniqueFireIdentifier": "2026-CALAC-288682",
        "DailyAcres": null,
        "CalculatedAcres": null,
        "PercentContained": null,
        "ICS209ReportDateTime": null,
        "FireDiscoveryDateTime": 1786772012000,
        "DiscoveryAcres": 0.01,
        "POOCounty": "Los Angeles",
        "POOState": "US-CA",
        "FireCause": "Undetermined",
        "FireCauseGeneral": null,
        "GACC": "OSCC",
        "TotalIncidentPersonnel": null,
        "IncidentManagementOrganization": null,
        "FireMgmtComplexity": null,
        "ResidencesDestroyed": null,
        "OtherStructuresDestroyed": null,
        "Injuries": null,
        "Fatalities": null,
        "PredominantFuelGroup": null,
        "PredominantFuelModel": null,
        "PrimaryFuelModel": null,
        "ContainmentDateTime": null,
        "ControlDateTime": null,
        "FinalAcres": null,
        "IsValid": 1,
        "FireOutDateTime": null,
        "ModifiedOnDateTime": 1786772443000,
        "IncidentTypeKind": "FI",
        "IrwinID": "5b190339-8078-4303-bc16-74ffc7f3883a",
        "GlobalID": "c472c415-9bcc-4fc8-8af1-16bac8b5e4c2",
        "ModifiedOnAge": 2,
        "FireDiscoveryAge": 2
      }
    },
    {
      "type": "Feature",
      "id": 123,
      "geometry": {
        "type": "Point",
        "coordinates": [
          -120.646917,
          45.0403000000001
        ]
      },
      "properties": {
        "OBJECTID": 123,
        "IncidentName": "0567 LITTLE BUCK",
        "IncidentTypeCategory": "WF",
        "UniqueFireIdentifier": "2026-ORPRD-000567",
        "DailyAcres": 4000,
        "CalculatedAcres": null,
        "PercentContained": 89,
        "ICS209ReportDateTime": 1786648623000,
        "FireDiscoveryDateTime": 1784771520000,
        "DiscoveryAcres": 0.1,
        "POOCounty": "Wasco",
        "POOState": "US-OR",
        "FireCause": "Natural",
        "FireCauseGeneral": null,
        "GACC": "NWCC",
        "TotalIncidentPersonnel": null,
        "IncidentManagementOrganization": "Type 5 IC",
        "FireMgmtComplexity": null,
        "ResidencesDestroyed": null,
        "OtherStructuresDestroyed": null,
        "Injuries": 1,
        "Fatalities": null,
        "PredominantFuelGroup": null,
        "PredominantFuelModel": null,
        "PrimaryFuelModel": "Short Grass (1 foot)",
        "ContainmentDateTime": 1786669200000,
        "ControlDateTime": null,
        "FinalAcres": null,
        "IsValid": 1,
        "FireOutDateTime": null,
        "ModifiedOnDateTime": 1786723699000,
        "IncidentTypeKind": "FI",
        "IrwinID": "e8f22827-a59b-46d6-9e01-65002c1b9284",
        "GlobalID": "dc55cf73-3bf7-4519-ac6f-f8fd7bebb265",
        "ModifiedOnAge": 3,
        "FireDiscoveryAge": 26
      }
    },
    {
      "type": "Feature",
      "id": 558,
      "geometry": {
        "type": "Point",
        "coordinates": [
          -113.425714,
          37.1763480000001
        ]
      },
      "properties": {
        "OBJECTID": 558,
        "IncidentName": "MM17 I15",
        "IncidentTypeCategory": "WF",
        "UniqueFireIdentifier": "2026-UTSWS-000535",
        "DailyAcres": 0.1,
        "CalculatedAcres": null,
        "PercentContained": null,
        "ICS209ReportDateTime": null,
        "FireDiscoveryDateTime": 1787011366000,
        "DiscoveryAcres": 0.1,
        "POOCounty": "Washington",
        "POOState": "US-UT",
        "FireCause": "Human",
        "FireCauseGeneral": null,
        "GACC": "GBCC",
        "TotalIncidentPersonnel": null,
        "IncidentManagementOrganization": null,
        "FireMgmtComplexity": null,
        "ResidencesDestroyed": null,
        "OtherStructuresDestroyed": null,
        "Injuries": null,
        "Fatalities": null,
        "PredominantFuelGroup": null,
        "PredominantFuelModel": null,
        "PrimaryFuelModel": null,
        "ContainmentDateTime": null,
        "ControlDateTime": null,
        "FinalAcres": null,
        "IsValid": 1,
        "FireOutDateTime": null,
        "ModifiedOnDateTime": 1787018630000,
        "IncidentTypeKind": "FI",
        "IrwinID": "debcd26e-2d15-4cd8-9c57-7a6a7a633737",
        "GlobalID": "6bcf3c84-bfe6-48bb-aac9-a419b85625e8",
        "ModifiedOnAge": 0,
        "FireDiscoveryAge": 0
      }
    },
    {
      "type": "Feature",
      "id": 226,
      "geometry": {
        "type": "Point",
        "coordinates": [
          -120.602283,
          43.3387000000001
        ]
      },
      "properties": {
        "OBJECTID": 226,
        "IncidentName": "MA #12",
        "IncidentTypeCategory": "WF",
        "UniqueFireIdentifier": "2026-ORLAD-260284",
        "DailyAcres": 0.1,
        "CalculatedAcres": null,
        "PercentContained": null,
        "ICS209ReportDateTime": null,
        "FireDiscoveryDateTime": 1785959738000,
        "DiscoveryAcres": 0.1,
        "POOCounty": "Lake",
        "POOState": "US-OR",
        "FireCause": "Undetermined",
        "FireCauseGeneral": null,
        "GACC": "NWCC",
        "TotalIncidentPersonnel": null,
        "IncidentManagementOrganization": null,
        "FireMgmtComplexity": null,
        "ResidencesDestroyed": null,
        "OtherStructuresDestroyed": null,
        "Injuries": null,
        "Fatalities": null,
        "PredominantFuelGroup": null,
        "PredominantFuelModel": null,
        "PrimaryFuelModel": null,
        "ContainmentDateTime": null,
        "ControlDateTime": null,
        "FinalAcres": null,
        "IsValid": 1,
        "FireOutDateTime": null,
        "ModifiedOnDateTime": 1786987845000,
        "IncidentTypeKind": "FI",
        "IrwinID": "e830bd0b-e2c0-4df8-abff-8e782fcedfe4",
        "GlobalID": "007f479a-d901-41ae-84e7-eb432a647caa",
        "ModifiedOnAge": 0,
        "FireDiscoveryAge": 12
      }
    },
    {
      "type": "Feature",
      "id": 297,
      "geometry": {
        "type": "Point",
        "coordinates": [
          -119.04215,
          44.5154000000001
        ]
      },
      "properties": {
        "OBJECTID": 297,
        "IncidentName": "LITTLE BEAR",
        "IncidentTypeCategory": "WF",
        "UniqueFireIdentifier": "2026-OR952S-026183",
        "DailyAcres": 67,
        "CalculatedAcres": 67.16518683,
        "PercentContained": 95,
        "ICS209ReportDateTime": 1787021156000,
        "FireDiscoveryDateTime": 1786408860000,
        "DiscoveryAcres": 10,
        "POOCounty": "Grant",
        "POOState": "US-OR",
        "FireCause": "Undetermined",
        "FireCauseGeneral": null,
        "GACC": "NWCC",
        "TotalIncidentPersonnel": 96,
        "IncidentManagementOrganization": "Complex Incident Management Team",
        "FireMgmtComplexity": null,
        "ResidencesDestroyed": null,
        "OtherStructuresDestroyed": null,
        "Injuries": null,
        "Fatalities": null,
        "PredominantFuelGroup": null,
        "PredominantFuelModel": null,
        "PrimaryFuelModel": "Timber (Grass and Understory)",
        "ContainmentDateTime": null,
        "ControlDateTime": null,
        "FinalAcres": null,
        "IsValid": 1,
        "FireOutDateTime": null,
        "ModifiedOnDateTime": 1787021156000,
        "IncidentTypeKind": "FI",
        "IrwinID": "ddd323aa-005f-4859-8f72-866a09dd049b",
        "GlobalID": "9ba60809-d262-45f2-92d5-3fb3132166b2",
        "ModifiedOnAge": 0,
        "FireDiscoveryAge": 7
      }
    },
    {
      "type": "Feature",
      "id": 60,
      "geometry": {
        "type": "Point",
        "coordinates": [
          -108.146,
          46.4416600000001
        ]
      },
      "properties": {
        "OBJECTID": 60,
        "IncidentName": "Heavy Timber",
        "IncidentTypeCategory": "WF",
        "UniqueFireIdentifier": "2026-MTLG23-260727",
        "DailyAcres": 175.84,
        "CalculatedAcres": null,
        "PercentContained": 100,
        "ICS209ReportDateTime": 1784152038000,
        "FireDiscoveryDateTime": 1783900961000,
        "DiscoveryAcres": 40,
        "POOCounty": "Musselshell",
        "POOState": "US-MT",
        "FireCause": "Undetermined",
        "FireCauseGeneral": null,
        "GACC": "NRCC",
        "TotalIncidentPersonnel": 53,
        "IncidentManagementOrganization": "Type 4 IC",
        "FireMgmtComplexity": null,
        "ResidencesDestroyed": null,
        "OtherStructuresDestroyed": null,
        "Injuries": null,
        "Fatalities": null,
        "PredominantFuelGroup": null,
        "PredominantFuelModel": null,
        "PrimaryFuelModel": "Timber (Grass and Understory)",
        "ContainmentDateTime": null,
        "ControlDateTime": null,
        "FinalAcres": null,
        "IsValid": 1,
        "FireOutDateTime": null,
        "ModifiedOnDateTime": 1787000763000,
        "IncidentTypeKind": "FI",
        "IrwinID": "c28a5f79-8fac-4658-b3af-1f42740bf110",
        "GlobalID": "08d7ab3d-083f-4750-9b13-8091c5b5ec11",
        "ModifiedOnAge": 0,
        "FireDiscoveryAge": 36
      }
    },
    {
      "type": "Feature",
      "id": 83,
      "geometry": {
        "type": "Point",
        "coordinates": [
          -120.492667,
          44.1000330000001
        ]
      },
      "properties": {
        "OBJECTID": 83,
        "IncidentName": "0500 COYOTE",
        "IncidentTypeCategory": "WF",
        "UniqueFireIdentifier": "2026-OROCF-000500",
        "DailyAcres": 17459,
        "CalculatedAcres": 16687.62,
        "PercentContained": 88,
        "ICS209ReportDateTime": 1787013466000,
        "FireDiscoveryDateTime": 1784239440000,
        "DiscoveryAcres": 0.1,
        "POOCounty": "Crook",
        "POOState": "US-OR",
        "FireCause": "Natural",
        "FireCauseGeneral": null,
        "GACC": "NWCC",
        "TotalIncidentPersonnel": 23,
        "IncidentManagementOrganization": "Type 3 IC",
        "FireMgmtComplexity": null,
        "ResidencesDestroyed": null,
        "OtherStructuresDestroyed": null,
        "Injuries": null,
        "Fatalities": null,
        "PredominantFuelGroup": null,
        "PredominantFuelModel": null,
        "PrimaryFuelModel": "Brush (2 feet)",
        "ContainmentDateTime": null,
        "ControlDateTime": null,
        "FinalAcres": null,
        "IsValid": 1,
        "FireOutDateTime": null,
        "ModifiedOnDateTime": 1787013466000,
        "IncidentTypeKind": "FI",
        "IrwinID": "e602a548-46c4-4074-a213-3e7c70fa9444",
        "GlobalID": "806cb0af-aea5-44b3-94bb-17be871e9836",
        "ModifiedOnAge": 0,
        "FireDiscoveryAge": 32
      }
    },
    {
      "type": "Feature",
      "id": 177,
      "geometry": {
        "type": "Point",
        "coordinates": [
          -113.020005,
          42.665061
        ]
      },
      "properties": {
        "OBJECTID": 177,
        "IncidentName": "Lake Channel",
        "IncidentTypeCategory": "WF",
        "UniqueFireIdentifier": "2026-IDTFD-000999",
        "DailyAcres": 2516.39,
        "CalculatedAcres": null,
        "PercentContained": null,
        "ICS209ReportDateTime": null,
        "FireDiscoveryDateTime": 1785255474000,
        "DiscoveryAcres": 0.1,
        "POOCounty": "Power",
        "POOState": "US-ID",
        "FireCause": "Natural",
        "FireCauseGeneral": null,
        "GACC": "GBCC",
        "TotalIncidentPersonnel": null,
        "IncidentManagementOrganization": null,
        "FireMgmtComplexity": null,
        "ResidencesDestroyed": null,
        "OtherStructuresDestroyed": null,
        "Injuries": null,
        "Fatalities": null,
        "PredominantFuelGroup": null,
        "PredominantFuelModel": null,
        "PrimaryFuelModel": null,
        "ContainmentDateTime": null,
        "ControlDateTime": null,
        "FinalAcres": null,
        "IsValid": 1,
        "FireOutDateTime": null,
        "ModifiedOnDateTime": 1786569809000,
        "IncidentTypeKind": "FI",
        "IrwinID": "e6162ef2-ca20-4804-a442-c1c94692d3e7",
        "GlobalID": "a246503f-0c27-4005-b573-04f67120849e",
        "ModifiedOnAge": 5,
        "FireDiscoveryAge": 20
      }
    },
    {
      "type": "Feature",
      "id": 203,
      "geometry": {
        "type": "Point",
        "coordinates": [
          -112.304918,
          41.874782
        ]
      },
      "properties": {
        "OBJECTID": 203,
        "IncidentName": "Johnson Canyon",
        "IncidentTypeCategory": "WF",
        "UniqueFireIdentifier": "2026-UTBRS-200554",
        "DailyAcres": 6889,
        "CalculatedAcres": null,
        "PercentContained": 100,
        "ICS209ReportDateTime": 1785876017000,
        "FireDiscoveryDateTime": 1785628260000,
        "DiscoveryAcres": 300,
        "POOCounty": "Box Elder",
        "POOState": "US-UT",
        "FireCause": "Undetermined",
        "FireCauseGeneral": null,
        "GACC": "GBCC",
        "TotalIncidentPersonnel": 2,
        "IncidentManagementOrganization": "Type 4 IC",
        "FireMgmtComplexity": null,
        "ResidencesDestroyed": 0,
        "OtherStructuresDestroyed": 0,
        "Injuries": null,
        "Fatalities": null,
        "PredominantFuelGroup": null,
        "PredominantFuelModel": null,
        "PrimaryFuelModel": "Short Grass (1 foot)",
        "ContainmentDateTime": null,
        "ControlDateTime": null,
        "FinalAcres": null,
        "IsValid": 1,
        "FireOutDateTime": null,
        "ModifiedOnDateTime": 1785886417000,
        "IncidentTypeKind": "FI",
        "IrwinID": "36ff39ca-b437-4425-b92d-b8607082102c",
        "GlobalID": "5ddd974b-97ac-43c4-a8e0-beed1fe650dc",
        "ModifiedOnAge": 13,
        "FireDiscoveryAge": 16
      }
    },
    {
      "type": "Feature",
      "id": 154,
      "geometry": {
        "type": "Point",
        "coordinates": [
          -104.8353,
          44.6200000000001
        ]
      },
      "properties": {
        "OBJECTID": 154,
        "IncidentName": "Long Draw",
        "IncidentTypeCategory": "WF",
        "UniqueFireIdentifier": "2026-WYCRX-260713",
        "DailyAcres": 250,
        "CalculatedAcres": null,
        "PercentContained": 100,
        "ICS209ReportDateTime": 1785285377000,
        "FireDiscoveryDateTime": 1785065637000,
        "DiscoveryAcres": 250,
        "POOCounty": "Crook",
        "POOState": "US-WY",
        "FireCause": "Human",
        "FireCauseGeneral": null,
        "GACC": "RMCC",
        "TotalIncidentPersonnel": 52,
        "IncidentManagementOrganization": "Type 4 IC",
        "FireMgmtComplexity": null,
        "ResidencesDestroyed": null,
        "OtherStructuresDestroyed": 1,
        "Injuries": null,
        "Fatalities": null,
        "PredominantFuelGroup": null,
        "PredominantFuelModel": null,
        "PrimaryFuelModel": "Timber (Grass and Understory)",
        "ContainmentDateTime": null,
        "ControlDateTime": null,
        "FinalAcres": null,
        "IsValid": 1,
        "FireOutDateTime": null,
        "ModifiedOnDateTime": 1786211987000,
        "IncidentTypeKind": "FI",
        "IrwinID": "38d3f400-6384-414a-8ce4-819b0ba4a9c5",
        "GlobalID": "f6438363-1962-4ad2-8999-514c63a8f493",
        "ModifiedOnAge": 9,
        "FireDiscoveryAge": 22
      }
    },
    {
      "type": "Feature",
      "id": 134,
      "geometry": {
        "type": "Point",
        "coordinates": [
          -113.2735,
          47.8355000000001
        ]
      },
      "properties": {
        "OBJECTID": 134,
        "IncidentName": "Silvertip",
        "IncidentTypeCategory": "WF",
        "UniqueFireIdentifier": "2026-MTFNF-000280",
        "DailyAcres": 6681,
        "CalculatedAcres": 4142.26359667,
        "PercentContained": 0,
        "ICS209ReportDateTime": 1787006409000,
        "FireDiscoveryDateTime": 1784927955000,
        "DiscoveryAcres": 6,
        "POOCounty": "Flathead",
        "POOState": "US-MT",
        "FireCause": "Natural",
        "FireCauseGeneral": null,
        "GACC": "NRCC",
        "TotalIncidentPersonnel": 10,
        "IncidentManagementOrganization": "Type 4 IC",
        "FireMgmtComplexity": null,
        "ResidencesDestroyed": null,
        "OtherStructuresDestroyed": null,
        "Injuries": 1,
        "Fatalities": null,
        "PredominantFuelGroup": null,
        "PredominantFuelModel": null,
        "PrimaryFuelModel": "Timber (Litter and Understory)",
        "ContainmentDateTime": null,
        "ControlDateTime": null,
        "FinalAcres": null,
        "IsValid": 1,
        "FireOutDateTime": null,
        "ModifiedOnDateTime": 1787006409000,
        "IncidentTypeKind": "FI",
        "IrwinID": "c4138756-16b2-412f-b32b-4db4520de5bc",
        "GlobalID": "72e80ecd-c26f-4858-a78e-b07609430168",
        "ModifiedOnAge": 0,
        "FireDiscoveryAge": 24
      }
    },
    {
      "type": "Feature",
      "id": 34,
      "geometry": {
        "type": "Point",
        "coordinates": [
          -116.17155,
          43.6339
        ]
      },
      "properties": {
        "OBJECTID": 34,
        "IncidentName": "RA 6 ADA CO CLAREMONT",
        "IncidentTypeCategory": "WF",
        "UniqueFireIdentifier": "2026-ID1AX-000618",
        "DailyAcres": 6627,
        "CalculatedAcres": 6564.52,
        "PercentContained": 100,
        "ICS209ReportDateTime": 1785796909000,
        "FireDiscoveryDateTime": 1783365900000,
        "DiscoveryAcres": 0.1,
        "POOCounty": "Ada",
        "POOState": "US-ID",
        "FireCause": "Human",
        "FireCauseGeneral": null,
        "GACC": "GBCC",
        "TotalIncidentPersonnel": 23,
        "IncidentManagementOrganization": "Type 3 IC",
        "FireMgmtComplexity": null,
        "ResidencesDestroyed": null,
        "OtherStructuresDestroyed": 2,
        "Injuries": 3,
        "Fatalities": null,
        "PredominantFuelGroup": null,
        "PredominantFuelModel": null,
        "PrimaryFuelModel": "Short Grass (1 foot)",
        "ContainmentDateTime": null,
        "ControlDateTime": null,
        "FinalAcres": null,
        "IsValid": 1,
        "FireOutDateTime": null,
        "ModifiedOnDateTime": 1786113057000,
        "IncidentTypeKind": "FI",
        "IrwinID": "c255b5c1-9a81-49e1-b5dc-cce84cdfe61f",
        "GlobalID": "852336cd-271d-45e3-b30a-49c1b0e3442c",
        "ModifiedOnAge": 10,
        "FireDiscoveryAge": 42
      }
    },
    {
      "type": "Feature",
      "id": 532,
      "geometry": {
        "type": "Point",
        "coordinates": [
          -107.3075,
          43.7251670000001
        ]
      },
      "properties": {
        "OBJECTID": 532,
        "IncidentName": "BIG SPRINGS",
        "IncidentTypeCategory": "WF",
        "UniqueFireIdentifier": "2026-WYWYS-000306",
        "DailyAcres": 6.2,
        "CalculatedAcres": null,
        "PercentContained": null,
        "ICS209ReportDateTime": null,
        "FireDiscoveryDateTime": 1787003340000,
        "DiscoveryAcres": 5,
        "POOCounty": "Washakie",
        "POOState": "US-WY",
        "FireCause": "Natural",
        "FireCauseGeneral": null,
        "GACC": "RMCC",
        "TotalIncidentPersonnel": null,
        "IncidentManagementOrganization": null,
        "FireMgmtComplexity": null,
        "ResidencesDestroyed": null,
        "OtherStructuresDestroyed": null,
        "Injuries": null,
        "Fatalities": null,
        "PredominantFuelGroup": null,
        "PredominantFuelModel": null,
        "PrimaryFuelModel": null,
        "ContainmentDateTime": null,
        "ControlDateTime": null,
        "FinalAcres": null,
        "IsValid": 1,
        "FireOutDateTime": null,
        "ModifiedOnDateTime": 1787011255000,
        "IncidentTypeKind": "FI",
        "IrwinID": "d421a8bd-bbaf-4f47-8ec6-a6e94c7b9ba5",
        "GlobalID": "484720d5-0de6-4cf0-96f5-0bc8b6d669ef",
        "ModifiedOnAge": 0,
        "FireDiscoveryAge": 0
      }
    },
    {
      "type": "Feature",
      "id": 183,
      "geometry": {
        "type": "Point",
        "coordinates": [
          -114.89485,
          39.103167
        ]
      },
      "properties": {
        "OBJECTID": 183,
        "IncidentName": "Ward",
        "IncidentTypeCategory": "WF",
        "UniqueFireIdentifier": "2026-NVHTF-040303",
        "DailyAcres": 8683,
        "CalculatedAcres": null,
        "PercentContained": 99,
        "ICS209ReportDateTime": 1787008127000,
        "FireDiscoveryDateTime": 1785515400000,
        "DiscoveryAcres": 2,
        "POOCounty": "White Pine",
        "POOState": "US-NV",
        "FireCause": "Natural",
        "FireCauseGeneral": null,
        "GACC": "GBCC",
        "TotalIncidentPersonnel": 27,
        "IncidentManagementOrganization": "Type 4 IC",
        "FireMgmtComplexity": null,
        "ResidencesDestroyed": null,
        "OtherStructuresDestroyed": null,
        "Injuries": 2,
        "Fatalities": null,
        "PredominantFuelGroup": null,
        "PredominantFuelModel": null,
        "PrimaryFuelModel": "Timber (Litter and Understory)",
        "ContainmentDateTime": null,
        "ControlDateTime": null,
        "FinalAcres": null,
        "IsValid": 1,
        "FireOutDateTime": null,
        "ModifiedOnDateTime": 1787008127000,
        "IncidentTypeKind": "FI",
        "IrwinID": "21ab97f4-82f1-4569-9ff4-4a716c703575",
        "GlobalID": "c6b2a236-8576-4562-a039-1e400d6f6648",
        "ModifiedOnAge": 0,
        "FireDiscoveryAge": 17
      }
    },
    {
      "type": "Feature",
      "id": 11,
      "geometry": {
        "type": "Point",
        "coordinates": [
          -120.3144,
          46.2760200000001
        ]
      },
      "properties": {
        "OBJECTID": 11,
        "IncidentName": "4170 Tule Rd",
        "IncidentTypeCategory": "WF",
        "UniqueFireIdentifier": "2026-WAYAA-000023",
        "DailyAcres": 24180.23,
        "CalculatedAcres": 20665.19,
        "PercentContained": 95,
        "ICS209ReportDateTime": 1782087370000,
        "FireDiscoveryDateTime": 1781466600000,
        "DiscoveryAcres": 0.5,
        "POOCounty": "Yakima",
        "POOState": "US-WA",
        "FireCause": "Human",
        "FireCauseGeneral": null,
        "GACC": "NWCC",
        "TotalIncidentPersonnel": 64,
        "IncidentManagementOrganization": "Complex Incident Management Team",
        "FireMgmtComplexity": null,
        "ResidencesDestroyed": null,
        "OtherStructuresDestroyed": null,
        "Injuries": null,
        "Fatalities": null,
        "PredominantFuelGroup": null,
        "PredominantFuelModel": null,
        "PrimaryFuelModel": "Short Grass (1 foot)",
        "ContainmentDateTime": 1782263160000,
        "ControlDateTime": null,
        "FinalAcres": null,
        "IsValid": 1,
        "FireOutDateTime": null,
        "ModifiedOnDateTime": 1786641525000,
        "IncidentTypeKind": "FI",
        "IrwinID": "508c8cf0-37e0-4de8-8135-3ecd306c7386",
        "GlobalID": "ec651d38-cdc7-4e8f-96b0-a9ca84f0daa8",
        "ModifiedOnAge": 4,
        "FireDiscoveryAge": 64
      }
    },
    {
      "type": "Feature",
      "id": 160,
      "geometry": {
        "type": "Point",
        "coordinates": [
          -118.892,
          36.7533
        ]
      },
      "properties": {
        "OBJECTID": 160,
        "IncidentName": "PT 31 UNATTENDED CAMP FIRE",
        "IncidentTypeCategory": "WF",
        "UniqueFireIdentifier": "2026-CASQF-001171",
        "DailyAcres": 0.01,
        "CalculatedAcres": null,
        "PercentContained": null,
        "ICS209ReportDateTime": null,
        "FireDiscoveryDateTime": 1785101573000,
        "DiscoveryAcres": 0.01,
        "POOCounty": "Fresno",
        "POOState": "US-CA",
        "FireCause": "Undetermined",
        "FireCauseGeneral": null,
        "GACC": "OSCC",
        "TotalIncidentPersonnel": null,
        "IncidentManagementOrganization": null,
        "FireMgmtComplexity": null,
        "ResidencesDestroyed": null,
        "OtherStructuresDestroyed": null,
        "Injuries": null,
        "Fatalities": null,
        "PredominantFuelGroup": null,
        "PredominantFuelModel": null,
        "PrimaryFuelModel": null,
        "ContainmentDateTime": null,
        "ControlDateTime": null,
        "FinalAcres": null,
        "IsValid": 1,
        "FireOutDateTime": null,
        "ModifiedOnDateTime": 1786984886000,
        "IncidentTypeKind": "FI",
        "IrwinID": "4db4a2c4-ce65-40d8-b370-bf831acf8f57",
        "GlobalID": "57d326cd-f9a5-43dc-a9e2-5d9eacb01d9f",
        "ModifiedOnAge": 0,
        "FireDiscoveryAge": 22
      }
    },
    {
      "type": "Feature",
      "id": 303,
      "geometry": {
        "type": "Point",
        "coordinates": [
          -117.8483,
          46.9450000000001
        ]
      },
      "properties": {
        "OBJECTID": 303,
        "IncidentName": "WINONA",
        "IncidentTypeCategory": "WF",
        "UniqueFireIdentifier": "2026-WAWTMN-001953",
        "DailyAcres": 20,
        "CalculatedAcres": null,
        "PercentContained": null,
        "ICS209ReportDateTime": null,
        "FireDiscoveryDateTime": 1786483553000,
        "DiscoveryAcres": 50,
        "POOCounty": "Whitman",
        "POOState": "US-WA",
        "FireCause": "Human",
        "FireCauseGeneral": null,
        "GACC": "NWCC",
        "TotalIncidentPersonnel": null,
        "IncidentManagementOrganization": null,
        "FireMgmtComplexity": null,
        "ResidencesDestroyed": null,
        "OtherStructuresDestroyed": null,
        "Injuries": null,
        "Fatalities": null,
        "PredominantFuelGroup": null,
        "PredominantFuelModel": null,
        "PrimaryFuelModel": null,
        "ContainmentDateTime": null,
        "ControlDateTime": null,
        "FinalAcres": null,
        "IsValid": 1,
        "FireOutDateTime": null,
        "ModifiedOnDateTime": 1786493014000,
        "IncidentTypeKind": "FI",
        "IrwinID": "a07b4cb8-c751-45d0-a2f9-6e0863bd28ed",
        "GlobalID": "55882e0d-380d-4229-9aeb-a4d31c962170",
        "ModifiedOnAge": 6,
        "FireDiscoveryAge": 6
      }
    },
    {
      "type": "Feature",
      "id": 340,
      "geometry": {
        "type": "Point",
        "coordinates": [
          -123.20677425,
          42.4217473
        ]
      },
      "properties": {
        "OBJECTID": 340,
        "IncidentName": "Fielder Mtn",
        "IncidentTypeCategory": "WF",
        "UniqueFireIdentifier": "2026-OR712S-030327",
        "DailyAcres": 573,
        "CalculatedAcres": null,
        "PercentContained": 38,
        "ICS209ReportDateTime": 1787015309000,
        "FireDiscoveryDateTime": 1786658700000,
        "DiscoveryAcres": 1,
        "POOCounty": "Jackson",
        "POOState": "US-OR",
        "FireCause": "Undetermined",
        "FireCauseGeneral": "Undetermined (remarks required)",
        "GACC": "NWCC",
        "TotalIncidentPersonnel": 690,
        "IncidentManagementOrganization": "Complex Incident Management Team",
        "FireMgmtComplexity": null,
        "ResidencesDestroyed": null,
        "OtherStructuresDestroyed": null,
        "Injuries": null,
        "Fatalities": null,
        "PredominantFuelGroup": null,
        "PredominantFuelModel": null,
        "PrimaryFuelModel": "Timber (Litter and Understory)",
        "ContainmentDateTime": null,
        "ControlDateTime": null,
        "FinalAcres": null,
        "IsValid": 1,
        "FireOutDateTime": null,
        "ModifiedOnDateTime": 1787015308000,
        "IncidentTypeKind": "FI",
        "IrwinID": "6e75a47e-2ae2-42e8-b82a-36174eda16ef",
        "GlobalID": "6f2e835e-b339-4093-a478-5a7adf85ec8e",
        "ModifiedOnAge": 0,
        "FireDiscoveryAge": 4
      }
    },
    {
      "type": "Feature",
      "id": 91,
      "geometry": {
        "type": "Point",
        "coordinates": [
          -119.804967,
          44.8044
        ]
      },
      "properties": {
        "OBJECTID": 91,
        "IncidentName": "0453",
        "IncidentTypeCategory": "WF",
        "UniqueFireIdentifier": "2026-ORPRD-000453",
        "DailyAcres": 0.2,
        "CalculatedAcres": null,
        "PercentContained": null,
        "ICS209ReportDateTime": null,
        "FireDiscoveryDateTime": 1784165880000,
        "DiscoveryAcres": 0.2,
        "POOCounty": "Wheeler",
        "POOState": "US-OR",
        "FireCause": "Natural",
        "FireCauseGeneral": null,
        "GACC": "NWCC",
        "TotalIncidentPersonnel": null,
        "IncidentManagementOrganization": null,
        "FireMgmtComplexity": null,
        "ResidencesDestroyed": null,
        "OtherStructuresDestroyed": null,
        "Injuries": null,
        "Fatalities": null,
        "PredominantFuelGroup": null,
        "PredominantFuelModel": null,
        "PrimaryFuelModel": null,
        "ContainmentDateTime": null,
        "ControlDateTime": null,
        "FinalAcres": null,
        "IsValid": 1,
        "FireOutDateTime": null,
        "ModifiedOnDateTime": 1787013498000,
        "IncidentTypeKind": "FI",
        "IrwinID": "49db8219-6c5e-4f95-83f8-91162c74e5eb",
        "GlobalID": "d8a49538-5ce1-4743-89e2-bd02036a84d7",
        "ModifiedOnAge": 0,
        "FireDiscoveryAge": 33
      }
    },
    {
      "type": "Feature",
      "id": 103,
      "geometry": {
        "type": "Point",
        "coordinates": [
          -115.130333,
          46.084867
        ]
      },
      "properties": {
        "OBJECTID": 103,
        "IncidentName": "Wolf Creek",
        "IncidentTypeCategory": "WF",
        "UniqueFireIdentifier": "2026-IDNCF-000295",
        "DailyAcres": 260,
        "CalculatedAcres": null,
        "PercentContained": 20,
        "ICS209ReportDateTime": 1786027152000,
        "FireDiscoveryDateTime": 1784330836000,
        "DiscoveryAcres": 0.3,
        "POOCounty": "Idaho",
        "POOState": "US-ID",
        "FireCause": "Undetermined",
        "FireCauseGeneral": null,
        "GACC": "NRCC",
        "TotalIncidentPersonnel": null,
        "IncidentManagementOrganization": "Type 4 IC",
        "FireMgmtComplexity": null,
        "ResidencesDestroyed": null,
        "OtherStructuresDestroyed": null,
        "Injuries": null,
        "Fatalities": null,
        "PredominantFuelGroup": null,
        "PredominantFuelModel": null,
        "PrimaryFuelModel": "Timber (Litter and Understory)",
        "ContainmentDateTime": null,
        "ControlDateTime": null,
        "FinalAcres": null,
        "IsValid": 1,
        "FireOutDateTime": null,
        "ModifiedOnDateTime": 1786027151000,
        "IncidentTypeKind": "FI",
        "IrwinID": "f706588f-5eec-4acd-8ff1-2cda2c432f37",
        "GlobalID": "c58157b2-04e8-46c3-a96b-9b1ad49d6b83",
        "ModifiedOnAge": 11,
        "FireDiscoveryAge": 31
      }
    },
    {
      "type": "Feature",
      "id": 352,
      "geometry": {
        "type": "Point",
        "coordinates": [
          -105.985817,
          46.3202170000001
        ]
      },
      "properties": {
        "OBJECTID": 352,
        "IncidentName": "You Haul - Custer",
        "IncidentTypeCategory": "WF",
        "UniqueFireIdentifier": "2026-MTLG14-000696",
        "DailyAcres": 0.1,
        "CalculatedAcres": null,
        "PercentContained": null,
        "ICS209ReportDateTime": null,
        "FireDiscoveryDateTime": 1786723045000,
        "DiscoveryAcres": 0.1,
        "POOCounty": "Custer",
        "POOState": "US-MT",
        "FireCause": "Human",
        "FireCauseGeneral": null,
        "GACC": "NRCC",
        "TotalIncidentPersonnel": null,
        "IncidentManagementOrganization": null,
        "FireMgmtComplexity": null,
        "ResidencesDestroyed": null,
        "OtherStructuresDestroyed": null,
        "Injuries": null,
        "Fatalities": null,
        "PredominantFuelGroup": null,
        "PredominantFuelModel": null,
        "PrimaryFuelModel": null,
        "ContainmentDateTime": null,
        "ControlDateTime": null,
        "FinalAcres": null,
        "IsValid": 1,
        "FireOutDateTime": null,
        "ModifiedOnDateTime": 1786933382000,
        "IncidentTypeKind": "FI",
        "IrwinID": "67b6c5c2-0385-428a-9509-4076bcebd709",
        "GlobalID": "d4b9503d-1ebc-4d09-bdcb-49e35b634eca",
        "ModifiedOnAge": 1,
        "FireDiscoveryAge": 3
      }
    },
    {
      "type": "Feature",
      "id": 289,
      "geometry": {
        "type": "Point",
        "coordinates": [
          -118.663333,
          37.4265
        ]
      },
      "properties": {
        "OBJECTID": 289,
        "IncidentName": "WHEELER",
        "IncidentTypeCategory": "WF",
        "UniqueFireIdentifier": "2026-CAINF-001648",
        "DailyAcres": 0.1,
        "CalculatedAcres": null,
        "PercentContained": null,
        "ICS209ReportDateTime": null,
        "FireDiscoveryDateTime": 1786398600000,
        "DiscoveryAcres": 0.1,
        "POOCounty": "Inyo",
        "POOState": "US-CA",
        "FireCause": "Undetermined",
        "FireCauseGeneral": null,
        "GACC": "OSCC",
        "TotalIncidentPersonnel": null,
        "IncidentManagementOrganization": null,
        "FireMgmtComplexity": null,
        "ResidencesDestroyed": null,
        "OtherStructuresDestroyed": null,
        "Injuries": null,
        "Fatalities": null,
        "PredominantFuelGroup": null,
        "PredominantFuelModel": null,
        "PrimaryFuelModel": null,
        "ContainmentDateTime": null,
        "ControlDateTime": null,
        "FinalAcres": null,
        "IsValid": 1,
        "FireOutDateTime": null,
        "ModifiedOnDateTime": 1787005482000,
        "IncidentTypeKind": "FI",
        "IrwinID": "e3743de2-9be7-4326-b9d4-ec096214029a",
        "GlobalID": "bf338fda-741a-4424-b477-79d6f8ad511d",
        "ModifiedOnAge": 0,
        "FireDiscoveryAge": 7
      }
    },
    {
      "type": "Feature",
      "id": 389,
      "geometry": {
        "type": "Point",
        "coordinates": [
          -118.11228,
          34.7187700000001
        ]
      },
      "properties": {
        "OBJECTID": 389,
        "IncidentName": "LAC-289341",
        "IncidentTypeCategory": "WF",
        "UniqueFireIdentifier": "2026-CALAC-289341",
        "DailyAcres": null,
        "CalculatedAcres": null,
        "PercentContained": null,
        "ICS209ReportDateTime": null,
        "FireDiscoveryDateTime": 1786824827000,
        "DiscoveryAcres": 0.01,
        "POOCounty": "Los Angeles",
        "POOState": "US-CA",
        "FireCause": "Undetermined",
        "FireCauseGeneral": null,
        "GACC": "OSCC",
        "TotalIncidentPersonnel": null,
        "IncidentManagementOrganization": null,
        "FireMgmtComplexity": null,
        "ResidencesDestroyed": null,
        "OtherStructuresDestroyed": null,
        "Injuries": null,
        "Fatalities": null,
        "PredominantFuelGroup": null,
        "PredominantFuelModel": null,
        "PrimaryFuelModel": null,
        "ContainmentDateTime": null,
        "ControlDateTime": null,
        "FinalAcres": null,
        "IsValid": 1,
        "FireOutDateTime": null,
        "ModifiedOnDateTime": 1786824865000,
        "IncidentTypeKind": "FI",
        "IrwinID": "20db59dd-3ddd-43f6-9428-332b152edc0d",
        "GlobalID": "8fdd3f23-ca16-4c8d-a8c5-88287bdead09",
        "ModifiedOnAge": 2,
        "FireDiscoveryAge": 2
      }
    },
    {
      "type": "Feature",
      "id": 395,
      "geometry": {
        "type": "Point",
        "coordinates": [
          -119.25345,
          48.6437000000001
        ]
      },
      "properties": {
        "OBJECTID": 395,
        "IncidentName": "REEVAS BASIN",
        "IncidentTypeCategory": "WF",
        "UniqueFireIdentifier": "2026-WANES-002007",
        "DailyAcres": 250,
        "CalculatedAcres": null,
        "PercentContained": 40,
        "ICS209ReportDateTime": 1787017028000,
        "FireDiscoveryDateTime": 1786827060000,
        "DiscoveryAcres": 0.5,
        "POOCounty": "Okanogan",
        "POOState": "US-WA",
        "FireCause": "Human",
        "FireCauseGeneral": null,
        "GACC": "NWCC",
        "TotalIncidentPersonnel": 96,
        "IncidentManagementOrganization": "Type 1 Team",
        "FireMgmtComplexity": null,
        "ResidencesDestroyed": null,
        "OtherStructuresDestroyed": 1,
        "Injuries": null,
        "Fatalities": null,
        "PredominantFuelGroup": null,
        "PredominantFuelModel": null,
        "PrimaryFuelModel": "Short Grass (1 foot)",
        "ContainmentDateTime": null,
        "ControlDateTime": null,
        "FinalAcres": null,
        "IsValid": 1,
        "FireOutDateTime": null,
        "ModifiedOnDateTime": 1787017028000,
        "IncidentTypeKind": "FI",
        "IrwinID": "d403aa0f-da05-401e-822a-85120b0dbced",
        "GlobalID": "3261417d-924c-4915-9353-e432b96f6521",
        "ModifiedOnAge": 0,
        "FireDiscoveryAge": 2
      }
    },
    {
      "type": "Feature",
      "id": 538,
      "geometry": {
        "type": "Point",
        "coordinates": [
          -117.68275895,
          33.5579571700001
        ]
      },
      "properties": {
        "OBJECTID": 538,
        "IncidentName": "GREENFIELD",
        "IncidentTypeCategory": "WF",
        "UniqueFireIdentifier": "2026-CAORC-116286",
        "DailyAcres": null,
        "CalculatedAcres": null,
        "PercentContained": null,
        "ICS209ReportDateTime": null,
        "FireDiscoveryDateTime": 1787007900000,
        "DiscoveryAcres": 0.1,
        "POOCounty": "Orange",
        "POOState": "US-CA",
        "FireCause": "Undetermined",
        "FireCauseGeneral": null,
        "GACC": "OSCC",
        "TotalIncidentPersonnel": null,
        "IncidentManagementOrganization": null,
        "FireMgmtComplexity": null,
        "ResidencesDestroyed": null,
        "OtherStructuresDestroyed": null,
        "Injuries": null,
        "Fatalities": null,
        "PredominantFuelGroup": null,
        "PredominantFuelModel": null,
        "PrimaryFuelModel": null,
        "ContainmentDateTime": null,
        "ControlDateTime": null,
        "FinalAcres": null,
        "IsValid": 1,
        "FireOutDateTime": null,
        "ModifiedOnDateTime": 1787008420000,
        "IncidentTypeKind": "FI",
        "IrwinID": "926365a2-9c4b-4ecf-8caa-dd6e1ad071f1",
        "GlobalID": "18f7a754-479d-47a0-b07e-35315d319a72",
        "ModifiedOnAge": 0,
        "FireDiscoveryAge": 0
      }
    },
    {
      "type": "Feature",
      "id": 495,
      "geometry": {
        "type": "Point",
        "coordinates": [
          -123.510317,
          39.673094
        ]
      },
      "properties": {
        "OBJECTID": 495,
        "IncidentName": "BRANSCOMB",
        "IncidentTypeCategory": "WF",
        "UniqueFireIdentifier": "2026-CAMEU-009637",
        "DailyAcres": 0.1,
        "CalculatedAcres": null,
        "PercentContained": null,
        "ICS209ReportDateTime": null,
        "FireDiscoveryDateTime": 1786974041000,
        "DiscoveryAcres": 0.01,
        "POOCounty": "Mendocino",
        "POOState": "US-CA",
        "FireCause": "Undetermined",
        "FireCauseGeneral": null,
        "GACC": "ONCC",
        "TotalIncidentPersonnel": null,
        "IncidentManagementOrganization": null,
        "FireMgmtComplexity": null,
        "ResidencesDestroyed": null,
        "OtherStructuresDestroyed": null,
        "Injuries": null,
        "Fatalities": null,
        "PredominantFuelGroup": null,
        "PredominantFuelModel": null,
        "PrimaryFuelModel": null,
        "ContainmentDateTime": null,
        "ControlDateTime": null,
        "FinalAcres": null,
        "IsValid": 1,
        "FireOutDateTime": null,
        "ModifiedOnDateTime": 1786974969000,
        "IncidentTypeKind": "FI",
        "IrwinID": "2853f9fe-2c79-48fd-ad2a-c11aea6cdbbb",
        "GlobalID": "1b1504c2-1157-41c5-ac54-2f09906d0c8a",
        "ModifiedOnAge": 0,
        "FireDiscoveryAge": 0
      }
    },
    {
      "type": "Feature",
      "id": 97,
      "geometry": {
        "type": "Point",
        "coordinates": [
          -118.312583,
          48.0690000000001
        ]
      },
      "properties": {
        "OBJECTID": 97,
        "IncidentName": "Modrite",
        "IncidentTypeCategory": "WF",
        "UniqueFireIdentifier": "2026-WANES-260149",
        "DailyAcres": 57639,
        "CalculatedAcres": 2.19805147,
        "PercentContained": 90,
        "ICS209ReportDateTime": 1787014454000,
        "FireDiscoveryDateTime": 1784299860000,
        "DiscoveryAcres": 5,
        "POOCounty": "Ferry",
        "POOState": "US-WA",
        "FireCause": "Natural",
        "FireCauseGeneral": null,
        "GACC": "NWCC",
        "TotalIncidentPersonnel": 589,
        "IncidentManagementOrganization": "Complex Incident Management Team",
        "FireMgmtComplexity": null,
        "ResidencesDestroyed": 71,
        "OtherStructuresDestroyed": 17,
        "Injuries": 18,
        "Fatalities": null,
        "PredominantFuelGroup": null,
        "PredominantFuelModel": null,
        "PrimaryFuelModel": "Timber (Grass and Understory)",
        "ContainmentDateTime": null,
        "ControlDateTime": null,
        "FinalAcres": null,
        "IsValid": 1,
        "FireOutDateTime": null,
        "ModifiedOnDateTime": 1787014454000,
        "IncidentTypeKind": "FI",
        "IrwinID": "22d5bb97-9b75-4fb1-a8f6-caacebb7c124",
        "GlobalID": "a3286328-ff37-4803-b42e-5b34a0b740fc",
        "ModifiedOnAge": 0,
        "FireDiscoveryAge": 31
      }
    },
    {
      "type": "Feature",
      "id": 246,
      "geometry": {
        "type": "Point",
        "coordinates": [
          -119.380383,
          44.628133
        ]
      },
      "properties": {
        "OBJECTID": 246,
        "IncidentName": "COTTONWOOD",
        "IncidentTypeCategory": "WF",
        "UniqueFireIdentifier": "2026-OR952S-026181",
        "DailyAcres": 722,
        "CalculatedAcres": null,
        "PercentContained": 95,
        "ICS209ReportDateTime": 1787021073000,
        "FireDiscoveryDateTime": 1786055141000,
        "DiscoveryAcres": 5,
        "POOCounty": "Grant",
        "POOState": "US-OR",
        "FireCause": "Undetermined",
        "FireCauseGeneral": null,
        "GACC": "NWCC",
        "TotalIncidentPersonnel": 3,
        "IncidentManagementOrganization": "Complex Incident Management Team",
        "FireMgmtComplexity": null,
        "ResidencesDestroyed": null,
        "OtherStructuresDestroyed": null,
        "Injuries": 1,
        "Fatalities": null,
        "PredominantFuelGroup": null,
        "PredominantFuelModel": null,
        "PrimaryFuelModel": "Timber (Grass and Understory)",
        "ContainmentDateTime": null,
        "ControlDateTime": null,
        "FinalAcres": null,
        "IsValid": 1,
        "FireOutDateTime": null,
        "ModifiedOnDateTime": 1787021073000,
        "IncidentTypeKind": "FI",
        "IrwinID": "33435106-9985-464e-9894-386b522e0b39",
        "GlobalID": "59012502-e1c9-4fd6-b45b-261a845f0f82",
        "ModifiedOnAge": 0,
        "FireDiscoveryAge": 11
      }
    },
    {
      "type": "Feature",
      "id": 197,
      "geometry": {
        "type": "Point",
        "coordinates": [
          -117.612833,
          47.7945
        ]
      },
      "properties": {
        "OBJECTID": 197,
        "IncidentName": "AUTUMN LANE",
        "IncidentTypeCategory": "WF",
        "UniqueFireIdentifier": "2026-WANES-001857",
        "DailyAcres": 5764,
        "CalculatedAcres": null,
        "PercentContained": 97,
        "ICS209ReportDateTime": 1786929664000,
        "FireDiscoveryDateTime": 1785623580000,
        "DiscoveryAcres": 1,
        "POOCounty": "Spokane",
        "POOState": "US-WA",
        "FireCause": "Human",
        "FireCauseGeneral": null,
        "GACC": "NWCC",
        "TotalIncidentPersonnel": 43,
        "IncidentManagementOrganization": "Type 4 IC",
        "FireMgmtComplexity": null,
        "ResidencesDestroyed": 50,
        "OtherStructuresDestroyed": 113,
        "Injuries": 1,
        "Fatalities": null,
        "PredominantFuelGroup": null,
        "PredominantFuelModel": null,
        "PrimaryFuelModel": "Timber (Litter and Understory)",
        "ContainmentDateTime": null,
        "ControlDateTime": null,
        "FinalAcres": null,
        "IsValid": 1,
        "FireOutDateTime": null,
        "ModifiedOnDateTime": 1786973373000,
        "IncidentTypeKind": "FI",
        "IrwinID": "31b18bda-34d0-4db5-a865-ae2ac65776be",
        "GlobalID": "3ab57de4-10b8-42fb-b74c-a0ce4c82f0d9",
        "ModifiedOnAge": 0,
        "FireDiscoveryAge": 16
      }
    },
    {
      "type": "Feature",
      "id": 214,
      "geometry": {
        "type": "Point",
        "coordinates": [
          -120.766797,
          38.1079280000001
        ]
      },
      "properties": {
        "OBJECTID": 214,
        "IncidentName": "GANN",
        "IncidentTypeCategory": "WF",
        "UniqueFireIdentifier": "2026-CATCU-011483",
        "DailyAcres": 10339,
        "CalculatedAcres": null,
        "PercentContained": 100,
        "ICS209ReportDateTime": 1786581106000,
        "FireDiscoveryDateTime": 1785803276000,
        "DiscoveryAcres": 0.01,
        "POOCounty": "Calaveras",
        "POOState": "US-CA",
        "FireCause": "Undetermined",
        "FireCauseGeneral": null,
        "GACC": "OSCC",
        "TotalIncidentPersonnel": 689,
        "IncidentManagementOrganization": "Type 3 Team",
        "FireMgmtComplexity": null,
        "ResidencesDestroyed": 25,
        "OtherStructuresDestroyed": 23,
        "Injuries": 1,
        "Fatalities": 1,
        "PredominantFuelGroup": null,
        "PredominantFuelModel": null,
        "PrimaryFuelModel": "Tall Grass (2.5 feet)",
        "ContainmentDateTime": null,
        "ControlDateTime": null,
        "FinalAcres": null,
        "IsValid": 1,
        "FireOutDateTime": null,
        "ModifiedOnDateTime": 1786998773000,
        "IncidentTypeKind": "FI",
        "IrwinID": "a7c819ca-fce9-4e9e-9a7f-c89f2160f102",
        "GlobalID": "a8f62c67-5642-4668-9cf0-94df704f3ec0",
        "ModifiedOnAge": 0,
        "FireDiscoveryAge": 14
      }
    },
    {
      "type": "Feature",
      "id": 143,
      "geometry": {
        "type": "Point",
        "coordinates": [
          -114.337,
          46.162
        ]
      },
      "properties": {
        "OBJECTID": 143,
        "IncidentName": "North Fork Lost Horse",
        "IncidentTypeCategory": "WF",
        "UniqueFireIdentifier": "2026-MTBRF-000255",
        "DailyAcres": 118,
        "CalculatedAcres": 62.37,
        "PercentContained": 70,
        "ICS209ReportDateTime": 1787006092000,
        "FireDiscoveryDateTime": 1784940540000,
        "DiscoveryAcres": 0.25,
        "POOCounty": "Ravalli",
        "POOState": "US-MT",
        "FireCause": "Natural",
        "FireCauseGeneral": null,
        "GACC": "NRCC",
        "TotalIncidentPersonnel": 94,
        "IncidentManagementOrganization": "Type 3 IC",
        "FireMgmtComplexity": null,
        "ResidencesDestroyed": 0,
        "OtherStructuresDestroyed": 0,
        "Injuries": null,
        "Fatalities": null,
        "PredominantFuelGroup": null,
        "PredominantFuelModel": null,
        "PrimaryFuelModel": "Timber (Litter and Understory)",
        "ContainmentDateTime": null,
        "ControlDateTime": null,
        "FinalAcres": null,
        "IsValid": 1,
        "FireOutDateTime": null,
        "ModifiedOnDateTime": 1787006092000,
        "IncidentTypeKind": "FI",
        "IrwinID": "4e04440d-fea1-4fc8-b961-f35f1d3bdf42",
        "GlobalID": "12cb31d6-4984-4eb9-b566-7f459468d891",
        "ModifiedOnAge": 0,
        "FireDiscoveryAge": 24
      }
    },
    {
      "type": "Feature",
      "id": 120,
      "geometry": {
        "type": "Point",
        "coordinates": [
          -121.350222,
          44.6317780000001
        ]
      },
      "properties": {
        "OBJECTID": 120,
        "IncidentName": "Bench",
        "IncidentTypeCategory": "WF",
        "UniqueFireIdentifier": "2026-ORWSA-000100",
        "DailyAcres": 67071,
        "CalculatedAcres": 67237.77,
        "PercentContained": 90,
        "ICS209ReportDateTime": 1787021119000,
        "FireDiscoveryDateTime": 1784844409000,
        "DiscoveryAcres": 0.1,
        "POOCounty": "Jefferson",
        "POOState": "US-OR",
        "FireCause": "Undetermined",
        "FireCauseGeneral": null,
        "GACC": "NWCC",
        "TotalIncidentPersonnel": 178,
        "IncidentManagementOrganization": "Type 3 IC",
        "FireMgmtComplexity": null,
        "ResidencesDestroyed": 6,
        "OtherStructuresDestroyed": 7,
        "Injuries": 2,
        "Fatalities": null,
        "PredominantFuelGroup": null,
        "PredominantFuelModel": null,
        "PrimaryFuelModel": "Short Grass (1 foot)",
        "ContainmentDateTime": null,
        "ControlDateTime": null,
        "FinalAcres": null,
        "IsValid": 1,
        "FireOutDateTime": null,
        "ModifiedOnDateTime": 1787021119000,
        "IncidentTypeKind": "FI",
        "IrwinID": "fe1de2b9-6b86-4bce-8400-a59019bb7932",
        "GlobalID": "ba8e6713-d741-4a1b-abb3-da4d85e7de95",
        "ModifiedOnAge": 0,
        "FireDiscoveryAge": 25
      }
    },
    {
      "type": "Feature",
      "id": 452,
      "geometry": {
        "type": "Point",
        "coordinates": [
          -114.844167,
          48.759467
        ]
      },
      "properties": {
        "OBJECTID": 452,
        "IncidentName": "Laughing Waters",
        "IncidentTypeCategory": "WF",
        "UniqueFireIdentifier": "2026-MTKNF-000341",
        "DailyAcres": 0.1,
        "CalculatedAcres": null,
        "PercentContained": null,
        "ICS209ReportDateTime": null,
        "FireDiscoveryDateTime": 1786901932000,
        "DiscoveryAcres": 0.1,
        "POOCounty": "Lincoln",
        "POOState": "US-MT",
        "FireCause": "Natural",
        "FireCauseGeneral": null,
        "GACC": "NRCC",
        "TotalIncidentPersonnel": null,
        "IncidentManagementOrganization": null,
        "FireMgmtComplexity": null,
        "ResidencesDestroyed": null,
        "OtherStructuresDestroyed": null,
        "Injuries": null,
        "Fatalities": null,
        "PredominantFuelGroup": null,
        "PredominantFuelModel": null,
        "PrimaryFuelModel": null,
        "ContainmentDateTime": null,
        "ControlDateTime": null,
        "FinalAcres": null,
        "IsValid": 1,
        "FireOutDateTime": null,
        "ModifiedOnDateTime": 1786911240000,
        "IncidentTypeKind": "FI",
        "IrwinID": "036c611f-ac9d-42ab-bde5-6dc3941479a3",
        "GlobalID": "21b46da2-fd45-419f-b7c8-27d10fc0faff",
        "ModifiedOnAge": 1,
        "FireDiscoveryAge": 1
      }
    },
    {
      "type": "Feature",
      "id": 498,
      "geometry": {
        "type": "Point",
        "coordinates": [
          -118.0015,
          34.0654200000001
        ]
      },
      "properties": {
        "OBJECTID": 498,
        "IncidentName": "LAC-291612",
        "IncidentTypeCategory": "WF",
        "UniqueFireIdentifier": "2026-CALAC-291612",
        "DailyAcres": null,
        "CalculatedAcres": null,
        "PercentContained": null,
        "ICS209ReportDateTime": null,
        "FireDiscoveryDateTime": 1786979764000,
        "DiscoveryAcres": 0.01,
        "POOCounty": "Los Angeles",
        "POOState": "US-CA",
        "FireCause": "Undetermined",
        "FireCauseGeneral": null,
        "GACC": "OSCC",
        "TotalIncidentPersonnel": null,
        "IncidentManagementOrganization": null,
        "FireMgmtComplexity": null,
        "ResidencesDestroyed": null,
        "OtherStructuresDestroyed": null,
        "Injuries": null,
        "Fatalities": null,
        "PredominantFuelGroup": null,
        "PredominantFuelModel": null,
        "PrimaryFuelModel": null,
        "ContainmentDateTime": null,
        "ControlDateTime": null,
        "FinalAcres": null,
        "IsValid": 1,
        "FireOutDateTime": null,
        "ModifiedOnDateTime": 1786979788000,
        "IncidentTypeKind": "FI",
        "IrwinID": "9b8764eb-3931-43c5-9798-5d8ae3a98942",
        "GlobalID": "b56f1355-3b38-4c21-8bd7-a8f4042d4797",
        "ModifiedOnAge": 0,
        "FireDiscoveryAge": 0
      }
    },
    {
      "type": "Feature",
      "id": 166,
      "geometry": {
        "type": "Point",
        "coordinates": [
          -104.8503,
          36.3258000000001
        ]
      },
      "properties": {
        "OBJECTID": 166,
        "IncidentName": "Rayado Mesa",
        "IncidentTypeCategory": "WF",
        "UniqueFireIdentifier": "2026-NMN2S-000560",
        "DailyAcres": 934,
        "CalculatedAcres": null,
        "PercentContained": 100,
        "ICS209ReportDateTime": 1786499306000,
        "FireDiscoveryDateTime": 1785178894000,
        "DiscoveryAcres": 300,
        "POOCounty": "Colfax",
        "POOState": "US-NM",
        "FireCause": "Natural",
        "FireCauseGeneral": null,
        "GACC": "SWCC",
        "TotalIncidentPersonnel": 58,
        "IncidentManagementOrganization": "Type 4 IC",
        "FireMgmtComplexity": null,
        "ResidencesDestroyed": null,
        "OtherStructuresDestroyed": null,
        "Injuries": 2,
        "Fatalities": null,
        "PredominantFuelGroup": null,
        "PredominantFuelModel": null,
        "PrimaryFuelModel": "Timber (Litter and Understory)",
        "ContainmentDateTime": null,
        "ControlDateTime": null,
        "FinalAcres": null,
        "IsValid": 1,
        "FireOutDateTime": null,
        "ModifiedOnDateTime": 1786499306000,
        "IncidentTypeKind": "FI",
        "IrwinID": "2df78dfc-471e-4d8d-9e21-f4309881a09e",
        "GlobalID": "e6addf87-6376-4d45-b4a4-1cc37401a833",
        "ModifiedOnAge": 6,
        "FireDiscoveryAge": 21
      }
    },
    {
      "type": "Feature",
      "id": 312,
      "geometry": {
        "type": "Point",
        "coordinates": [
          -102.22883428,
          43.25191955
        ]
      },
      "properties": {
        "OBJECTID": 312,
        "IncidentName": "Deckert",
        "IncidentTypeCategory": "WF",
        "UniqueFireIdentifier": "2026-SDPRA-000132",
        "DailyAcres": 190.74,
        "CalculatedAcres": 190.74,
        "PercentContained": null,
        "ICS209ReportDateTime": null,
        "FireDiscoveryDateTime": 1786491026000,
        "DiscoveryAcres": 100,
        "POOCounty": "Oglala Lakota",
        "POOState": "US-SD",
        "FireCause": "Natural",
        "FireCauseGeneral": "Natural",
        "GACC": "RMCC",
        "TotalIncidentPersonnel": null,
        "IncidentManagementOrganization": null,
        "FireMgmtComplexity": null,
        "ResidencesDestroyed": null,
        "OtherStructuresDestroyed": null,
        "Injuries": null,
        "Fatalities": null,
        "PredominantFuelGroup": "Grass",
        "PredominantFuelModel": "GR2",
        "PrimaryFuelModel": null,
        "ContainmentDateTime": null,
        "ControlDateTime": null,
        "FinalAcres": null,
        "IsValid": 1,
        "FireOutDateTime": null,
        "ModifiedOnDateTime": 1786908610000,
        "IncidentTypeKind": "FI",
        "IrwinID": "69b94d24-c4a3-4545-b7c2-5de2982af64c",
        "GlobalID": "f4760416-7b1a-410b-a8ef-3786774fbede",
        "ModifiedOnAge": 1,
        "FireDiscoveryAge": 6
      }
    },
    {
      "type": "Feature",
      "id": 329,
      "geometry": {
        "type": "Point",
        "coordinates": [
          -120.386833,
          39.1750000000001
        ]
      },
      "properties": {
        "OBJECTID": 329,
        "IncidentName": "TALBOT",
        "IncidentTypeCategory": "WF",
        "UniqueFireIdentifier": "2026-CATNF-001482",
        "DailyAcres": 93,
        "CalculatedAcres": null,
        "PercentContained": 87,
        "ICS209ReportDateTime": 1786925942000,
        "FireDiscoveryDateTime": 1786573560000,
        "DiscoveryAcres": 0.1,
        "POOCounty": "Placer",
        "POOState": "US-CA",
        "FireCause": "Undetermined",
        "FireCauseGeneral": null,
        "GACC": "ONCC",
        "TotalIncidentPersonnel": 385,
        "IncidentManagementOrganization": "Type 3 Team",
        "FireMgmtComplexity": null,
        "ResidencesDestroyed": null,
        "OtherStructuresDestroyed": null,
        "Injuries": null,
        "Fatalities": null,
        "PredominantFuelGroup": null,
        "PredominantFuelModel": null,
        "PrimaryFuelModel": "Timber (Litter and Understory)",
        "ContainmentDateTime": null,
        "ControlDateTime": null,
        "FinalAcres": null,
        "IsValid": 1,
        "FireOutDateTime": null,
        "ModifiedOnDateTime": 1786925941000,
        "IncidentTypeKind": "FI",
        "IrwinID": "3b03df03-8ca9-44ed-a170-457213098a8e",
        "GlobalID": "d42c8e1e-9cc9-4c24-8878-aa400810dbaf",
        "ModifiedOnAge": 1,
        "FireDiscoveryAge": 5
      }
    },
    {
      "type": "Feature",
      "id": 429,
      "geometry": {
        "type": "Point",
        "coordinates": [
          -118.393437,
          34.3593220000001
        ]
      },
      "properties": {
        "OBJECTID": 429,
        "IncidentName": "VICTOR",
        "IncidentTypeCategory": "WF",
        "UniqueFireIdentifier": "2026-CAANF-263567",
        "DailyAcres": 0.1,
        "CalculatedAcres": null,
        "PercentContained": null,
        "ICS209ReportDateTime": null,
        "FireDiscoveryDateTime": 1786849326000,
        "DiscoveryAcres": 0.1,
        "POOCounty": "Los Angeles",
        "POOState": "US-CA",
        "FireCause": "Undetermined",
        "FireCauseGeneral": null,
        "GACC": "OSCC",
        "TotalIncidentPersonnel": null,
        "IncidentManagementOrganization": null,
        "FireMgmtComplexity": null,
        "ResidencesDestroyed": null,
        "OtherStructuresDestroyed": null,
        "Injuries": null,
        "Fatalities": null,
        "PredominantFuelGroup": null,
        "PredominantFuelModel": null,
        "PrimaryFuelModel": null,
        "ContainmentDateTime": null,
        "ControlDateTime": null,
        "FinalAcres": null,
        "IsValid": 1,
        "FireOutDateTime": null,
        "ModifiedOnDateTime": 1786913125000,
        "IncidentTypeKind": "FI",
        "IrwinID": "68ed65f8-00be-4d65-b1ab-414366093f64",
        "GlobalID": "3dac35ee-1ab1-4822-9cf4-d39b50c8b0c9",
        "ModifiedOnAge": 1,
        "FireDiscoveryAge": 1
      }
    },
    {
      "type": "Feature",
      "id": 260,
      "geometry": {
        "type": "Point",
        "coordinates": [
          -105.403335,
          44.610755
        ]
      },
      "properties": {
        "OBJECTID": 260,
        "IncidentName": "Spring",
        "IncidentTypeCategory": "WF",
        "UniqueFireIdentifier": "2026-WYCMX-000396",
        "DailyAcres": 100,
        "CalculatedAcres": null,
        "PercentContained": null,
        "ICS209ReportDateTime": null,
        "FireDiscoveryDateTime": 1786151460000,
        "DiscoveryAcres": 100,
        "POOCounty": "Campbell",
        "POOState": "US-WY",
        "FireCause": "Human",
        "FireCauseGeneral": null,
        "GACC": "RMCC",
        "TotalIncidentPersonnel": null,
        "IncidentManagementOrganization": null,
        "FireMgmtComplexity": null,
        "ResidencesDestroyed": null,
        "OtherStructuresDestroyed": null,
        "Injuries": null,
        "Fatalities": null,
        "PredominantFuelGroup": null,
        "PredominantFuelModel": null,
        "PrimaryFuelModel": null,
        "ContainmentDateTime": null,
        "ControlDateTime": null,
        "FinalAcres": null,
        "IsValid": 1,
        "FireOutDateTime": null,
        "ModifiedOnDateTime": 1786464985000,
        "IncidentTypeKind": "FI",
        "IrwinID": "a1772cec-73cd-49aa-8b3c-4bc0e5a39f26",
        "GlobalID": "c89cce15-7029-4241-88ca-fc38640aa0ff",
        "ModifiedOnAge": 6,
        "FireDiscoveryAge": 10
      }
    },
    {
      "type": "Feature",
      "id": 220,
      "geometry": {
        "type": "Point",
        "coordinates": [
          -104.93,
          34.532
        ]
      },
      "properties": {
        "OBJECTID": 220,
        "IncidentName": "Rocky Hills",
        "IncidentTypeCategory": "WF",
        "UniqueFireIdentifier": "2026-NMN4S-000442",
        "DailyAcres": 480,
        "CalculatedAcres": null,
        "PercentContained": null,
        "ICS209ReportDateTime": null,
        "FireDiscoveryDateTime": 1785800340000,
        "DiscoveryAcres": 480,
        "POOCounty": "Guadalupe",
        "POOState": "US-NM",
        "FireCause": "Natural",
        "FireCauseGeneral": null,
        "GACC": "SWCC",
        "TotalIncidentPersonnel": null,
        "IncidentManagementOrganization": null,
        "FireMgmtComplexity": null,
        "ResidencesDestroyed": null,
        "OtherStructuresDestroyed": null,
        "Injuries": null,
        "Fatalities": null,
        "PredominantFuelGroup": null,
        "PredominantFuelModel": null,
        "PrimaryFuelModel": null,
        "ContainmentDateTime": null,
        "ControlDateTime": null,
        "FinalAcres": null,
        "IsValid": 1,
        "FireOutDateTime": null,
        "ModifiedOnDateTime": 1785881534000,
        "IncidentTypeKind": "FI",
        "IrwinID": "f8845676-9ceb-4774-b6ca-df2a7f981196",
        "GlobalID": "86603960-1593-4d14-800a-babd1f447f16",
        "ModifiedOnAge": 13,
        "FireDiscoveryAge": 14
      }
    },
    {
      "type": "Feature",
      "id": 469,
      "geometry": {
        "type": "Point",
        "coordinates": [
          -104.243889,
          45.051944
        ]
      },
      "properties": {
        "OBJECTID": 469,
        "IncidentName": "Owl Creek",
        "IncidentTypeCategory": "WF",
        "UniqueFireIdentifier": "2026-MTLG42-000701",
        "DailyAcres": 25.8,
        "CalculatedAcres": null,
        "PercentContained": null,
        "ICS209ReportDateTime": null,
        "FireDiscoveryDateTime": 1786910556000,
        "DiscoveryAcres": 20,
        "POOCounty": "Carter",
        "POOState": "US-MT",
        "FireCause": "Natural",
        "FireCauseGeneral": null,
        "GACC": "NRCC",
        "TotalIncidentPersonnel": null,
        "IncidentManagementOrganization": null,
        "FireMgmtComplexity": null,
        "ResidencesDestroyed": null,
        "OtherStructuresDestroyed": null,
        "Injuries": null,
        "Fatalities": null,
        "PredominantFuelGroup": null,
        "PredominantFuelModel": null,
        "PrimaryFuelModel": null,
        "ContainmentDateTime": null,
        "ControlDateTime": null,
        "FinalAcres": null,
        "IsValid": 1,
        "FireOutDateTime": null,
        "ModifiedOnDateTime": 1786933002000,
        "IncidentTypeKind": "FI",
        "IrwinID": "ae1b6403-9940-45ed-b317-2b35a5c21eab",
        "GlobalID": "f21adf81-40ba-41a2-8325-6588a9faed5c",
        "ModifiedOnAge": 1,
        "FireDiscoveryAge": 1
      }
    },
    {
      "type": "Feature",
      "id": 114,
      "geometry": {
        "type": "Point",
        "coordinates": [
          -121.717417,
          46.5743670000001
        ]
      },
      "properties": {
        "OBJECTID": 114,
        "IncidentName": "SKYO",
        "IncidentTypeCategory": "WF",
        "UniqueFireIdentifier": "2026-WAGPF-000669",
        "DailyAcres": 254,
        "CalculatedAcres": 7.61,
        "PercentContained": 99,
        "ICS209ReportDateTime": 1786136238000,
        "FireDiscoveryDateTime": 1784782749000,
        "DiscoveryAcres": 0.1,
        "POOCounty": "Lewis",
        "POOState": "US-WA",
        "FireCause": "Natural",
        "FireCauseGeneral": null,
        "GACC": "NWCC",
        "TotalIncidentPersonnel": 117,
        "IncidentManagementOrganization": "Type 3 IC",
        "FireMgmtComplexity": null,
        "ResidencesDestroyed": null,
        "OtherStructuresDestroyed": null,
        "Injuries": null,
        "Fatalities": null,
        "PredominantFuelGroup": null,
        "PredominantFuelModel": null,
        "PrimaryFuelModel": "Timber (Litter and Understory)",
        "ContainmentDateTime": null,
        "ControlDateTime": null,
        "FinalAcres": null,
        "IsValid": 1,
        "FireOutDateTime": null,
        "ModifiedOnDateTime": 1786136238000,
        "IncidentTypeKind": "FI",
        "IrwinID": "a0e3e90f-89dc-483f-9d5b-a12691256cda",
        "GlobalID": "20c9572c-cd94-4e0a-9765-897cb4687533",
        "ModifiedOnAge": 10,
        "FireDiscoveryAge": 25
      }
    },
    {
      "type": "Feature",
      "id": 266,
      "geometry": {
        "type": "Point",
        "coordinates": [
          -121.669133,
          43.4625500000001
        ]
      },
      "properties": {
        "OBJECTID": 266,
        "IncidentName": "0694 CRESCENT BUTTE (WR INC)",
        "IncidentTypeCategory": "WF",
        "UniqueFireIdentifier": "2026-OR991S-000694",
        "DailyAcres": 113,
        "CalculatedAcres": null,
        "PercentContained": null,
        "ICS209ReportDateTime": null,
        "FireDiscoveryDateTime": 1786223820000,
        "DiscoveryAcres": 0.1,
        "POOCounty": "Klamath",
        "POOState": "US-OR",
        "FireCause": "Human",
        "FireCauseGeneral": null,
        "GACC": "NWCC",
        "TotalIncidentPersonnel": null,
        "IncidentManagementOrganization": null,
        "FireMgmtComplexity": null,
        "ResidencesDestroyed": null,
        "OtherStructuresDestroyed": null,
        "Injuries": null,
        "Fatalities": null,
        "PredominantFuelGroup": null,
        "PredominantFuelModel": null,
        "PrimaryFuelModel": null,
        "ContainmentDateTime": null,
        "ControlDateTime": null,
        "FinalAcres": null,
        "IsValid": 1,
        "FireOutDateTime": null,
        "ModifiedOnDateTime": 1786381317000,
        "IncidentTypeKind": "FI",
        "IrwinID": "fd7420f5-94c9-484c-acc3-7b16ecf30842",
        "GlobalID": "8efaafb4-99ef-403a-b759-d999ba7d81a4",
        "ModifiedOnAge": 7,
        "FireDiscoveryAge": 9
      }
    },
    {
      "type": "Feature",
      "id": 20,
      "geometry": {
        "type": "Point",
        "coordinates": [
          -123.799667,
          47.8223330000001
        ]
      },
      "properties": {
        "OBJECTID": 20,
        "IncidentName": "Mount Tom Creek",
        "IncidentTypeCategory": "WF",
        "UniqueFireIdentifier": "2026-WAOLP-000147",
        "DailyAcres": 69,
        "CalculatedAcres": 82.32,
        "PercentContained": null,
        "ICS209ReportDateTime": null,
        "FireDiscoveryDateTime": 1782329400000,
        "DiscoveryAcres": 0.1,
        "POOCounty": "Jefferson",
        "POOState": "US-WA",
        "FireCause": "Undetermined",
        "FireCauseGeneral": null,
        "GACC": "NWCC",
        "TotalIncidentPersonnel": null,
        "IncidentManagementOrganization": null,
        "FireMgmtComplexity": null,
        "ResidencesDestroyed": null,
        "OtherStructuresDestroyed": null,
        "Injuries": null,
        "Fatalities": null,
        "PredominantFuelGroup": null,
        "PredominantFuelModel": null,
        "PrimaryFuelModel": null,
        "ContainmentDateTime": null,
        "ControlDateTime": null,
        "FinalAcres": null,
        "IsValid": 1,
        "FireOutDateTime": null,
        "ModifiedOnDateTime": 1786765089000,
        "IncidentTypeKind": "FI",
        "IrwinID": "7a4391a9-652a-4a28-bede-9856383b4cb4",
        "GlobalID": "492547c6-c04b-4f90-9aad-4be2d9972af5",
        "ModifiedOnAge": 2,
        "FireDiscoveryAge": 54
      }
    },
    {
      "type": "Feature",
      "id": 412,
      "geometry": {
        "type": "Point",
        "coordinates": [
          -123.62666667,
          42.17765
        ]
      },
      "properties": {
        "OBJECTID": 412,
        "IncidentName": "Crickett Ln 375",
        "IncidentTypeCategory": "WF",
        "UniqueFireIdentifier": "2026-ORMED-712317",
        "DailyAcres": null,
        "CalculatedAcres": null,
        "PercentContained": null,
        "ICS209ReportDateTime": null,
        "FireDiscoveryDateTime": 1786835220000,
        "DiscoveryAcres": 0.01,
        "POOCounty": "Josephine",
        "POOState": "US-OR",
        "FireCause": "Undetermined",
        "FireCauseGeneral": "Undetermined (remarks required)",
        "GACC": "NWCC",
        "TotalIncidentPersonnel": null,
        "IncidentManagementOrganization": null,
        "FireMgmtComplexity": null,
        "ResidencesDestroyed": null,
        "OtherStructuresDestroyed": null,
        "Injuries": null,
        "Fatalities": null,
        "PredominantFuelGroup": null,
        "PredominantFuelModel": null,
        "PrimaryFuelModel": null,
        "ContainmentDateTime": null,
        "ControlDateTime": null,
        "FinalAcres": null,
        "IsValid": 1,
        "FireOutDateTime": null,
        "ModifiedOnDateTime": 1786837075000,
        "IncidentTypeKind": "FI",
        "IrwinID": "38338708-f99b-4b83-869b-cf8e890caaec",
        "GlobalID": "98e7804c-b584-445e-ad1e-773e8d1c1204",
        "ModifiedOnAge": 2,
        "FireDiscoveryAge": 2
      }
    },
    {
      "type": "Feature",
      "id": 80,
      "geometry": {
        "type": "Point",
        "coordinates": [
          -120.836,
          44.8645000000001
        ]
      },
      "properties": {
        "OBJECTID": 80,
        "IncidentName": "0485 DEEP CANYON",
        "IncidentTypeCategory": "WF",
        "UniqueFireIdentifier": "2026-ORPRD-000485",
        "DailyAcres": 9170,
        "CalculatedAcres": null,
        "PercentContained": 100,
        "ICS209ReportDateTime": 1787014633000,
        "FireDiscoveryDateTime": 1784229060000,
        "DiscoveryAcres": 8,
        "POOCounty": "Wasco",
        "POOState": "US-OR",
        "FireCause": "Natural",
        "FireCauseGeneral": null,
        "GACC": "NWCC",
        "TotalIncidentPersonnel": 1,
        "IncidentManagementOrganization": "Type 4 IC",
        "FireMgmtComplexity": null,
        "ResidencesDestroyed": null,
        "OtherStructuresDestroyed": null,
        "Injuries": null,
        "Fatalities": null,
        "PredominantFuelGroup": null,
        "PredominantFuelModel": null,
        "PrimaryFuelModel": "Short Grass (1 foot)",
        "ContainmentDateTime": null,
        "ControlDateTime": null,
        "FinalAcres": null,
        "IsValid": 1,
        "FireOutDateTime": null,
        "ModifiedOnDateTime": 1787014633000,
        "IncidentTypeKind": "FI",
        "IrwinID": "23230fe2-352a-4036-8a22-0e58c817554c",
        "GlobalID": "31b37043-7fcd-4408-a553-9be72ce8f977",
        "ModifiedOnAge": 0,
        "FireDiscoveryAge": 32
      }
    },
    {
      "type": "Feature",
      "id": 68,
      "geometry": {
        "type": "Point",
        "coordinates": [
          -120.346403,
          44.9428990000001
        ]
      },
      "properties": {
        "OBJECTID": 68,
        "IncidentName": "0450 COVE CREEK",
        "IncidentTypeCategory": "WF",
        "UniqueFireIdentifier": "2026-ORPRD-000450",
        "DailyAcres": 7208,
        "CalculatedAcres": null,
        "PercentContained": 100,
        "ICS209ReportDateTime": 1787014624000,
        "FireDiscoveryDateTime": 1784164080000,
        "DiscoveryAcres": 0.1,
        "POOCounty": "Wheeler",
        "POOState": "US-OR",
        "FireCause": "Natural",
        "FireCauseGeneral": null,
        "GACC": "NWCC",
        "TotalIncidentPersonnel": 41,
        "IncidentManagementOrganization": "Type 3 IC",
        "FireMgmtComplexity": null,
        "ResidencesDestroyed": null,
        "OtherStructuresDestroyed": 5,
        "Injuries": null,
        "Fatalities": null,
        "PredominantFuelGroup": null,
        "PredominantFuelModel": null,
        "PrimaryFuelModel": "Short Grass (1 foot)",
        "ContainmentDateTime": null,
        "ControlDateTime": null,
        "FinalAcres": null,
        "IsValid": 1,
        "FireOutDateTime": null,
        "ModifiedOnDateTime": 1787014624000,
        "IncidentTypeKind": "FI",
        "IrwinID": "4e89d5a2-91ac-4a93-b93f-b0e0279b5a98",
        "GlobalID": "f9ed4715-f91e-48ea-b54d-c8fb10a82985",
        "ModifiedOnAge": 0,
        "FireDiscoveryAge": 33
      }
    },
    {
      "type": "Feature",
      "id": 277,
      "geometry": {
        "type": "Point",
        "coordinates": [
          -121.970117,
          45.1386170000001
        ]
      },
      "properties": {
        "OBJECTID": 277,
        "IncidentName": "MITCHELL",
        "IncidentTypeCategory": "WF",
        "UniqueFireIdentifier": "2026-ORMHF-000866",
        "DailyAcres": 16,
        "CalculatedAcres": null,
        "PercentContained": null,
        "ICS209ReportDateTime": null,
        "FireDiscoveryDateTime": 1786308000000,
        "DiscoveryAcres": 0.1,
        "POOCounty": "Clackamas",
        "POOState": "US-OR",
        "FireCause": "Human",
        "FireCauseGeneral": null,
        "GACC": "NWCC",
        "TotalIncidentPersonnel": null,
        "IncidentManagementOrganization": null,
        "FireMgmtComplexity": null,
        "ResidencesDestroyed": null,
        "OtherStructuresDestroyed": null,
        "Injuries": null,
        "Fatalities": null,
        "PredominantFuelGroup": null,
        "PredominantFuelModel": null,
        "PrimaryFuelModel": null,
        "ContainmentDateTime": null,
        "ControlDateTime": null,
        "FinalAcres": null,
        "IsValid": 1,
        "FireOutDateTime": null,
        "ModifiedOnDateTime": 1787001837000,
        "IncidentTypeKind": "FI",
        "IrwinID": "81823858-311d-4580-a439-fa892743c7c6",
        "GlobalID": "a9a28f21-290f-47a0-b535-6aa52f86cedb",
        "ModifiedOnAge": 0,
        "FireDiscoveryAge": 8
      }
    },
    {
      "type": "Feature",
      "id": 323,
      "geometry": {
        "type": "Point",
        "coordinates": [
          -106.953356,
          46.351438
        ]
      },
      "properties": {
        "OBJECTID": 323,
        "IncidentName": "Mission - Rosebud",
        "IncidentTypeCategory": "WF",
        "UniqueFireIdentifier": "2026-MTLG29-000687",
        "DailyAcres": 0.5,
        "CalculatedAcres": null,
        "PercentContained": null,
        "ICS209ReportDateTime": null,
        "FireDiscoveryDateTime": 1786557928000,
        "DiscoveryAcres": 0.5,
        "POOCounty": "Rosebud",
        "POOState": "US-MT",
        "FireCause": "Natural",
        "FireCauseGeneral": null,
        "GACC": "NRCC",
        "TotalIncidentPersonnel": null,
        "IncidentManagementOrganization": null,
        "FireMgmtComplexity": null,
        "ResidencesDestroyed": null,
        "OtherStructuresDestroyed": null,
        "Injuries": null,
        "Fatalities": null,
        "PredominantFuelGroup": null,
        "PredominantFuelModel": null,
        "PrimaryFuelModel": null,
        "ContainmentDateTime": null,
        "ControlDateTime": null,
        "FinalAcres": null,
        "IsValid": 1,
        "FireOutDateTime": null,
        "ModifiedOnDateTime": 1786980444000,
        "IncidentTypeKind": "FI",
        "IrwinID": "52235261-1281-4f1a-952f-c713538373b4",
        "GlobalID": "c16f9b49-a6af-4172-a4b7-297520432729",
        "ModifiedOnAge": 0,
        "FireDiscoveryAge": 5
      }
    },
    {
      "type": "Feature",
      "id": 515,
      "geometry": {
        "type": "Point",
        "coordinates": [
          -105.762333,
          33.315167
        ]
      },
      "properties": {
        "OBJECTID": 515,
        "IncidentName": "HATCHET CANYON",
        "IncidentTypeCategory": "WF",
        "UniqueFireIdentifier": "2026-NMMEA-000645",
        "DailyAcres": 0.3,
        "CalculatedAcres": null,
        "PercentContained": null,
        "ICS209ReportDateTime": null,
        "FireDiscoveryDateTime": 1786931280000,
        "DiscoveryAcres": 0.3,
        "POOCounty": "Otero",
        "POOState": "US-NM",
        "FireCause": "Natural",
        "FireCauseGeneral": null,
        "GACC": "SWCC",
        "TotalIncidentPersonnel": null,
        "IncidentManagementOrganization": null,
        "FireMgmtComplexity": null,
        "ResidencesDestroyed": null,
        "OtherStructuresDestroyed": null,
        "Injuries": null,
        "Fatalities": null,
        "PredominantFuelGroup": null,
        "PredominantFuelModel": null,
        "PrimaryFuelModel": null,
        "ContainmentDateTime": null,
        "ControlDateTime": null,
        "FinalAcres": null,
        "IsValid": 1,
        "FireOutDateTime": null,
        "ModifiedOnDateTime": 1786999736000,
        "IncidentTypeKind": "FI",
        "IrwinID": "2dd4e008-409f-4167-8f04-2da7daa8602a",
        "GlobalID": "23763811-c0d2-4178-99b5-d83da20dccf6",
        "ModifiedOnAge": 0,
        "FireDiscoveryAge": 1
      }
    },
    {
      "type": "Feature",
      "id": 174,
      "geometry": {
        "type": "Point",
        "coordinates": [
          -121.50505,
          44.5055830000001
        ]
      },
      "properties": {
        "OBJECTID": 174,
        "IncidentName": "0648 TRIANGLE POND",
        "IncidentTypeCategory": "WF",
        "UniqueFireIdentifier": "2026-OR955S-000648",
        "DailyAcres": 2.86,
        "CalculatedAcres": null,
        "PercentContained": null,
        "ICS209ReportDateTime": null,
        "FireDiscoveryDateTime": 1785291900000,
        "DiscoveryAcres": 0.1,
        "POOCounty": "Jefferson",
        "POOState": "US-OR",
        "FireCause": "Human",
        "FireCauseGeneral": null,
        "GACC": "NWCC",
        "TotalIncidentPersonnel": null,
        "IncidentManagementOrganization": null,
        "FireMgmtComplexity": null,
        "ResidencesDestroyed": null,
        "OtherStructuresDestroyed": null,
        "Injuries": null,
        "Fatalities": null,
        "PredominantFuelGroup": null,
        "PredominantFuelModel": null,
        "PrimaryFuelModel": null,
        "ContainmentDateTime": null,
        "ControlDateTime": null,
        "FinalAcres": null,
        "IsValid": 1,
        "FireOutDateTime": null,
        "ModifiedOnDateTime": 1787014502000,
        "IncidentTypeKind": "FI",
        "IrwinID": "5db4a276-1e7f-43bb-a5d8-585590292839",
        "GlobalID": "f2942dd3-3fcb-43f9-b239-eeb0ab8f2786",
        "ModifiedOnAge": 0,
        "FireDiscoveryAge": 20
      }
    },
    {
      "type": "Feature",
      "id": 369,
      "geometry": {
        "type": "Point",
        "coordinates": [
          -118.54399,
          34.3936200000001
        ]
      },
      "properties": {
        "OBJECTID": 369,
        "IncidentName": "APOLLO",
        "IncidentTypeCategory": "WF",
        "UniqueFireIdentifier": "2026-CALAC-288575",
        "DailyAcres": null,
        "CalculatedAcres": null,
        "PercentContained": null,
        "ICS209ReportDateTime": null,
        "FireDiscoveryDateTime": 1786765725000,
        "DiscoveryAcres": 0.01,
        "POOCounty": "Los Angeles",
        "POOState": "US-CA",
        "FireCause": "Undetermined",
        "FireCauseGeneral": null,
        "GACC": "OSCC",
        "TotalIncidentPersonnel": null,
        "IncidentManagementOrganization": null,
        "FireMgmtComplexity": null,
        "ResidencesDestroyed": null,
        "OtherStructuresDestroyed": null,
        "Injuries": null,
        "Fatalities": null,
        "PredominantFuelGroup": null,
        "PredominantFuelModel": null,
        "PrimaryFuelModel": null,
        "ContainmentDateTime": null,
        "ControlDateTime": null,
        "FinalAcres": null,
        "IsValid": 1,
        "FireOutDateTime": null,
        "ModifiedOnDateTime": 1786766171000,
        "IncidentTypeKind": "FI",
        "IrwinID": "a2d36cca-df96-4cf3-b366-f7f08ba6e74a",
        "GlobalID": "8150b005-7f89-44b3-bdb6-9ed95bef9ec1",
        "ModifiedOnAge": 2,
        "FireDiscoveryAge": 2
      }
    },
    {
      "type": "Feature",
      "id": 320,
      "geometry": {
        "type": "Point",
        "coordinates": [
          -102.30508333,
          43.27538889
        ]
      },
      "properties": {
        "OBJECTID": 320,
        "IncidentName": "Phahin",
        "IncidentTypeCategory": "WF",
        "UniqueFireIdentifier": "2026-SDPRA-000136",
        "DailyAcres": 26.02,
        "CalculatedAcres": 26.02,
        "PercentContained": null,
        "ICS209ReportDateTime": null,
        "FireDiscoveryDateTime": 1786500320000,
        "DiscoveryAcres": 12,
        "POOCounty": "Oglala Lakota",
        "POOState": "US-SD",
        "FireCause": "Human",
        "FireCauseGeneral": "Undetermined (remarks required)",
        "GACC": "RMCC",
        "TotalIncidentPersonnel": null,
        "IncidentManagementOrganization": null,
        "FireMgmtComplexity": null,
        "ResidencesDestroyed": null,
        "OtherStructuresDestroyed": null,
        "Injuries": null,
        "Fatalities": null,
        "PredominantFuelGroup": "Grass",
        "PredominantFuelModel": "GR2",
        "PrimaryFuelModel": null,
        "ContainmentDateTime": null,
        "ControlDateTime": null,
        "FinalAcres": null,
        "IsValid": 1,
        "FireOutDateTime": null,
        "ModifiedOnDateTime": 1786894662000,
        "IncidentTypeKind": "FI",
        "IrwinID": "fea2a4f2-d8c6-40bb-b67c-ebc7dba3bbd7",
        "GlobalID": "2aad16a5-cb05-4ff7-b4b2-582c52b2b752",
        "ModifiedOnAge": 1,
        "FireDiscoveryAge": 6
      }
    },
    {
      "type": "Feature",
      "id": 74,
      "geometry": {
        "type": "Point",
        "coordinates": [
          -120.846617,
          48.016217
        ]
      },
      "properties": {
        "OBJECTID": 74,
        "IncidentName": "LITTLE GIANT",
        "IncidentTypeCategory": "WF",
        "UniqueFireIdentifier": "2026-WAOWF-260406",
        "DailyAcres": 134635,
        "CalculatedAcres": 68649.79076688,
        "PercentContained": 10,
        "ICS209ReportDateTime": 1787016473000,
        "FireDiscoveryDateTime": 1784164674000,
        "DiscoveryAcres": 0.25,
        "POOCounty": "Chelan",
        "POOState": "US-WA",
        "FireCause": "Natural",
        "FireCauseGeneral": null,
        "GACC": "NWCC",
        "TotalIncidentPersonnel": 1977,
        "IncidentManagementOrganization": "Complex Incident Management Team",
        "FireMgmtComplexity": null,
        "ResidencesDestroyed": 2,
        "OtherStructuresDestroyed": 24,
        "Injuries": 6,
        "Fatalities": null,
        "PredominantFuelGroup": null,
        "PredominantFuelModel": null,
        "PrimaryFuelModel": "Timber (Litter and Understory)",
        "ContainmentDateTime": null,
        "ControlDateTime": null,
        "FinalAcres": null,
        "IsValid": 1,
        "FireOutDateTime": null,
        "ModifiedOnDateTime": 1787016473000,
        "IncidentTypeKind": "FI",
        "IrwinID": "091081ed-bd23-4610-ae4a-270f95d1711e",
        "GlobalID": "ea75bdbb-aadd-471c-b0ca-4a468a13bd70",
        "ModifiedOnAge": 0,
        "FireDiscoveryAge": 33
      }
    },
    {
      "type": "Feature",
      "id": 131,
      "geometry": {
        "type": "Point",
        "coordinates": [
          -117.093,
          44.5413330000001
        ]
      },
      "properties": {
        "OBJECTID": 131,
        "IncidentName": "Tartar",
        "IncidentTypeCategory": "WF",
        "UniqueFireIdentifier": "2026-IDBOD-265460",
        "DailyAcres": 158027,
        "CalculatedAcres": 158026.71636856,
        "PercentContained": 98,
        "ICS209ReportDateTime": 1787003378000,
        "FireDiscoveryDateTime": 1784908800000,
        "DiscoveryAcres": 3,
        "POOCounty": "Washington",
        "POOState": "US-ID",
        "FireCause": "Natural",
        "FireCauseGeneral": null,
        "GACC": "GBCC",
        "TotalIncidentPersonnel": 86,
        "IncidentManagementOrganization": "Type 4 IC",
        "FireMgmtComplexity": null,
        "ResidencesDestroyed": 8,
        "OtherStructuresDestroyed": 2,
        "Injuries": 4,
        "Fatalities": null,
        "PredominantFuelGroup": null,
        "PredominantFuelModel": null,
        "PrimaryFuelModel": "Short Grass (1 foot)",
        "ContainmentDateTime": null,
        "ControlDateTime": null,
        "FinalAcres": null,
        "IsValid": 1,
        "FireOutDateTime": null,
        "ModifiedOnDateTime": 1787003378000,
        "IncidentTypeKind": "FI",
        "IrwinID": "db5448a6-fcac-4041-a817-6f8198161dba",
        "GlobalID": "3b0f55e2-86f8-4511-9ce4-3f4713701fe5",
        "ModifiedOnAge": 0,
        "FireDiscoveryAge": 24
      }
    },
    {
      "type": "Feature",
      "id": 535,
      "geometry": {
        "type": "Point",
        "coordinates": [
          -122.441583,
          38.321783
        ]
      },
      "properties": {
        "OBJECTID": 535,
        "IncidentName": "HIGH",
        "IncidentTypeCategory": "WF",
        "UniqueFireIdentifier": "2026-CALNU-014511",
        "DailyAcres": 0.38,
        "CalculatedAcres": null,
        "PercentContained": null,
        "ICS209ReportDateTime": null,
        "FireDiscoveryDateTime": 1787007640000,
        "DiscoveryAcres": 0.01,
        "POOCounty": "Sonoma",
        "POOState": "US-CA",
        "FireCause": "Undetermined",
        "FireCauseGeneral": null,
        "GACC": "ONCC",
        "TotalIncidentPersonnel": null,
        "IncidentManagementOrganization": null,
        "FireMgmtComplexity": null,
        "ResidencesDestroyed": null,
        "OtherStructuresDestroyed": null,
        "Injuries": null,
        "Fatalities": null,
        "PredominantFuelGroup": null,
        "PredominantFuelModel": null,
        "PrimaryFuelModel": null,
        "ContainmentDateTime": null,
        "ControlDateTime": null,
        "FinalAcres": null,
        "IsValid": 1,
        "FireOutDateTime": null,
        "ModifiedOnDateTime": 1787017878000,
        "IncidentTypeKind": "FI",
        "IrwinID": "3af09ef2-e2b7-4a79-8547-099fa3f2aefa",
        "GlobalID": "6a9a3424-71fd-4a53-b3ec-ec6a6925c90b",
        "ModifiedOnAge": 0,
        "FireDiscoveryAge": 0
      }
    },
    {
      "type": "Feature",
      "id": 57,
      "geometry": {
        "type": "Point",
        "coordinates": [
          -120.193167,
          39.710833
        ]
      },
      "properties": {
        "OBJECTID": 57,
        "IncidentName": "ELEPHANT",
        "IncidentTypeCategory": "WF",
        "UniqueFireIdentifier": "2026-CATNF-001154",
        "DailyAcres": 13930,
        "CalculatedAcres": 13930.35,
        "PercentContained": 100,
        "ICS209ReportDateTime": 1785106396000,
        "FireDiscoveryDateTime": 1783801620000,
        "DiscoveryAcres": 0.1,
        "POOCounty": "Plumas",
        "POOState": "US-CA",
        "FireCause": "Undetermined",
        "FireCauseGeneral": null,
        "GACC": "ONCC",
        "TotalIncidentPersonnel": 9,
        "IncidentManagementOrganization": "Type 5 IC",
        "FireMgmtComplexity": null,
        "ResidencesDestroyed": 0,
        "OtherStructuresDestroyed": 0,
        "Injuries": null,
        "Fatalities": null,
        "PredominantFuelGroup": null,
        "PredominantFuelModel": null,
        "PrimaryFuelModel": "Tall Grass (2.5 feet)",
        "ContainmentDateTime": null,
        "ControlDateTime": null,
        "FinalAcres": null,
        "IsValid": 1,
        "FireOutDateTime": null,
        "ModifiedOnDateTime": 1786557684000,
        "IncidentTypeKind": "FI",
        "IrwinID": "6ad80de9-cd41-40d3-8939-a86ccf775981",
        "GlobalID": "2feab699-dbf6-4302-8c25-8f39bd3ccc78",
        "ModifiedOnAge": 5,
        "FireDiscoveryAge": 37
      }
    },
    {
      "type": "Feature",
      "id": 555,
      "geometry": {
        "type": "Point",
        "coordinates": [
          -122.021094,
          37.701201
        ]
      },
      "properties": {
        "OBJECTID": 555,
        "IncidentName": "I 580  E/ EDEN CANYON RD",
        "IncidentTypeCategory": "WF",
        "UniqueFireIdentifier": "2026-CASCU-004499",
        "DailyAcres": 0.01,
        "CalculatedAcres": null,
        "PercentContained": null,
        "ICS209ReportDateTime": null,
        "FireDiscoveryDateTime": 1787017009000,
        "DiscoveryAcres": 0.01,
        "POOCounty": "Alameda",
        "POOState": "US-CA",
        "FireCause": "Undetermined",
        "FireCauseGeneral": null,
        "GACC": "ONCC",
        "TotalIncidentPersonnel": null,
        "IncidentManagementOrganization": null,
        "FireMgmtComplexity": null,
        "ResidencesDestroyed": null,
        "OtherStructuresDestroyed": null,
        "Injuries": null,
        "Fatalities": null,
        "PredominantFuelGroup": null,
        "PredominantFuelModel": null,
        "PrimaryFuelModel": null,
        "ContainmentDateTime": null,
        "ControlDateTime": null,
        "FinalAcres": null,
        "IsValid": 1,
        "FireOutDateTime": null,
        "ModifiedOnDateTime": 1787017080000,
        "IncidentTypeKind": "FI",
        "IrwinID": "1746b5fa-adac-4738-9b93-66fdb41fff2f",
        "GlobalID": "a62f5bd0-8a82-4421-a77e-f8b1525e865b",
        "ModifiedOnAge": 0,
        "FireDiscoveryAge": 0
      }
    },
    {
      "type": "Feature",
      "id": 506,
      "geometry": {
        "type": "Point",
        "coordinates": [
          -123.381593,
          41.8221830000001
        ]
      },
      "properties": {
        "OBJECTID": 506,
        "IncidentName": "CREEK",
        "IncidentTypeCategory": "WF",
        "UniqueFireIdentifier": "2026-CAKNF-006162",
        "DailyAcres": null,
        "CalculatedAcres": null,
        "PercentContained": null,
        "ICS209ReportDateTime": null,
        "FireDiscoveryDateTime": 1786809964000,
        "DiscoveryAcres": 0.01,
        "POOCounty": "Siskiyou",
        "POOState": "US-CA",
        "FireCause": "Undetermined",
        "FireCauseGeneral": null,
        "GACC": "ONCC",
        "TotalIncidentPersonnel": null,
        "IncidentManagementOrganization": null,
        "FireMgmtComplexity": null,
        "ResidencesDestroyed": null,
        "OtherStructuresDestroyed": null,
        "Injuries": null,
        "Fatalities": null,
        "PredominantFuelGroup": null,
        "PredominantFuelModel": null,
        "PrimaryFuelModel": null,
        "ContainmentDateTime": null,
        "ControlDateTime": null,
        "FinalAcres": null,
        "IsValid": 1,
        "FireOutDateTime": null,
        "ModifiedOnDateTime": 1786990206000,
        "IncidentTypeKind": "FI",
        "IrwinID": "127e9af6-4c40-4dfb-8a38-dcefde16852e",
        "GlobalID": "d1d0d5fd-b672-45ad-b3c5-21a658f634d5",
        "ModifiedOnAge": 0,
        "FireDiscoveryAge": 2
      }
    },
    {
      "type": "Feature",
      "id": 529,
      "geometry": {
        "type": "Point",
        "coordinates": [
          -117.97937,
          34.52329
        ]
      },
      "properties": {
        "OBJECTID": 529,
        "IncidentName": "LAC-292153",
        "IncidentTypeCategory": "WF",
        "UniqueFireIdentifier": "2026-CALAC-292153",
        "DailyAcres": null,
        "CalculatedAcres": null,
        "PercentContained": null,
        "ICS209ReportDateTime": null,
        "FireDiscoveryDateTime": 1787004289000,
        "DiscoveryAcres": 0.01,
        "POOCounty": "Los Angeles",
        "POOState": "US-CA",
        "FireCause": "Undetermined",
        "FireCauseGeneral": null,
        "GACC": "OSCC",
        "TotalIncidentPersonnel": null,
        "IncidentManagementOrganization": null,
        "FireMgmtComplexity": null,
        "ResidencesDestroyed": null,
        "OtherStructuresDestroyed": null,
        "Injuries": null,
        "Fatalities": null,
        "PredominantFuelGroup": null,
        "PredominantFuelModel": null,
        "PrimaryFuelModel": null,
        "ContainmentDateTime": null,
        "ControlDateTime": null,
        "FinalAcres": null,
        "IsValid": 1,
        "FireOutDateTime": null,
        "ModifiedOnDateTime": 1787004328000,
        "IncidentTypeKind": "FI",
        "IrwinID": "99cd92c6-5fb8-453a-bad7-78cc7d9ff334",
        "GlobalID": "a12aad7e-128a-4176-9152-6d7a28965404",
        "ModifiedOnAge": 0,
        "FireDiscoveryAge": 0
      }
    },
    {
      "type": "Feature",
      "id": 37,
      "geometry": {
        "type": "Point",
        "coordinates": [
          -118.752133,
          42.6377170000001
        ]
      },
      "properties": {
        "OBJECTID": 37,
        "IncidentName": "Hoop",
        "IncidentTypeCategory": "WF",
        "UniqueFireIdentifier": "2026-ORBUD-002650",
        "DailyAcres": 960,
        "CalculatedAcres": null,
        "PercentContained": 100,
        "ICS209ReportDateTime": 1783993642000,
        "FireDiscoveryDateTime": 1783453200000,
        "DiscoveryAcres": 0.1,
        "POOCounty": "Harney",
        "POOState": "US-OR",
        "FireCause": "Natural",
        "FireCauseGeneral": null,
        "GACC": "NWCC",
        "TotalIncidentPersonnel": 92,
        "IncidentManagementOrganization": "Type 4 IC",
        "FireMgmtComplexity": null,
        "ResidencesDestroyed": null,
        "OtherStructuresDestroyed": null,
        "Injuries": null,
        "Fatalities": null,
        "PredominantFuelGroup": null,
        "PredominantFuelModel": null,
        "PrimaryFuelModel": "Tall Grass (2.5 feet)",
        "ContainmentDateTime": null,
        "ControlDateTime": null,
        "FinalAcres": null,
        "IsValid": 1,
        "FireOutDateTime": null,
        "ModifiedOnDateTime": 1786118701000,
        "IncidentTypeKind": "FI",
        "IrwinID": "3bc7b09f-9779-4fae-8b61-07f436b49ff0",
        "GlobalID": "a9933f4a-5b82-4161-b71e-b930d1dac9d8",
        "ModifiedOnAge": 10,
        "FireDiscoveryAge": 41
      }
    },
    {
      "type": "Feature",
      "id": 137,
      "geometry": {
        "type": "Point",
        "coordinates": [
          -107.016033,
          45.874467
        ]
      },
      "properties": {
        "OBJECTID": 137,
        "IncidentName": "Cass",
        "IncidentTypeCategory": "WF",
        "UniqueFireIdentifier": "2026-MTLG33-260869",
        "DailyAcres": 55,
        "CalculatedAcres": null,
        "PercentContained": null,
        "ICS209ReportDateTime": null,
        "FireDiscoveryDateTime": 1784924214000,
        "DiscoveryAcres": 50,
        "POOCounty": "Treasure",
        "POOState": "US-MT",
        "FireCause": "Undetermined",
        "FireCauseGeneral": null,
        "GACC": "NRCC",
        "TotalIncidentPersonnel": null,
        "IncidentManagementOrganization": null,
        "FireMgmtComplexity": null,
        "ResidencesDestroyed": null,
        "OtherStructuresDestroyed": null,
        "Injuries": null,
        "Fatalities": null,
        "PredominantFuelGroup": null,
        "PredominantFuelModel": null,
        "PrimaryFuelModel": null,
        "ContainmentDateTime": null,
        "ControlDateTime": null,
        "FinalAcres": null,
        "IsValid": 1,
        "FireOutDateTime": null,
        "ModifiedOnDateTime": 1786998907000,
        "IncidentTypeKind": "FI",
        "IrwinID": "7e703c7d-4019-4d9e-9d3a-42511497fe29",
        "GlobalID": "05f0e592-fdef-44ba-95c2-8497b7e1c9da",
        "ModifiedOnAge": 0,
        "FireDiscoveryAge": 24
      }
    },
    {
      "type": "Feature",
      "id": 243,
      "geometry": {
        "type": "Point",
        "coordinates": [
          -105.6996,
          47.9217830000001
        ]
      },
      "properties": {
        "OBJECTID": 243,
        "IncidentName": "Fullers Coulee",
        "IncidentTypeCategory": "WF",
        "UniqueFireIdentifier": "2026-MTMCD-000662",
        "DailyAcres": 859.9,
        "CalculatedAcres": null,
        "PercentContained": 100,
        "ICS209ReportDateTime": 1786326447000,
        "FireDiscoveryDateTime": 1786052340000,
        "DiscoveryAcres": 400,
        "POOCounty": "McCone",
        "POOState": "US-MT",
        "FireCause": "Undetermined",
        "FireCauseGeneral": null,
        "GACC": "NRCC",
        "TotalIncidentPersonnel": 13,
        "IncidentManagementOrganization": "Type 4 IC",
        "FireMgmtComplexity": null,
        "ResidencesDestroyed": null,
        "OtherStructuresDestroyed": null,
        "Injuries": null,
        "Fatalities": null,
        "PredominantFuelGroup": null,
        "PredominantFuelModel": null,
        "PrimaryFuelModel": "Short Grass (1 foot)",
        "ContainmentDateTime": 1786122300000,
        "ControlDateTime": null,
        "FinalAcres": null,
        "IsValid": 1,
        "FireOutDateTime": null,
        "ModifiedOnDateTime": 1786326447000,
        "IncidentTypeKind": "FI",
        "IrwinID": "2f64cc51-4222-4f07-b462-0195e39b1dfc",
        "GlobalID": "7ab7fec2-efff-4db1-9679-060b6826ecd1",
        "ModifiedOnAge": 8,
        "FireDiscoveryAge": 11
      }
    },
    {
      "type": "Feature",
      "id": 435,
      "geometry": {
        "type": "Point",
        "coordinates": [
          -118.08671,
          34.70941
        ]
      },
      "properties": {
        "OBJECTID": 435,
        "IncidentName": "LAC-290108",
        "IncidentTypeCategory": "WF",
        "UniqueFireIdentifier": "2026-CALAC-290108",
        "DailyAcres": null,
        "CalculatedAcres": null,
        "PercentContained": null,
        "ICS209ReportDateTime": null,
        "FireDiscoveryDateTime": 1786867638000,
        "DiscoveryAcres": 0.01,
        "POOCounty": "Los Angeles",
        "POOState": "US-CA",
        "FireCause": "Undetermined",
        "FireCauseGeneral": null,
        "GACC": "OSCC",
        "TotalIncidentPersonnel": null,
        "IncidentManagementOrganization": null,
        "FireMgmtComplexity": null,
        "ResidencesDestroyed": null,
        "OtherStructuresDestroyed": null,
        "Injuries": null,
        "Fatalities": null,
        "PredominantFuelGroup": null,
        "PredominantFuelModel": null,
        "PrimaryFuelModel": null,
        "ContainmentDateTime": null,
        "ControlDateTime": null,
        "FinalAcres": null,
        "IsValid": 1,
        "FireOutDateTime": null,
        "ModifiedOnDateTime": 1786867664000,
        "IncidentTypeKind": "FI",
        "IrwinID": "c531cb75-8643-4c83-8c7d-d384e58b8b90",
        "GlobalID": "f5bc0c8e-0c17-437d-8736-bc17e7397b81",
        "ModifiedOnAge": 1,
        "FireDiscoveryAge": 1
      }
    },
    {
      "type": "Feature",
      "id": 194,
      "geometry": {
        "type": "Point",
        "coordinates": [
          -107.374927,
          35.459118
        ]
      },
      "properties": {
        "OBJECTID": 194,
        "IncidentName": "L BAR RANCH",
        "IncidentTypeCategory": "WF",
        "UniqueFireIdentifier": "2026-NMN6S-000499",
        "DailyAcres": 148,
        "CalculatedAcres": null,
        "PercentContained": 100,
        "ICS209ReportDateTime": 1786576340000,
        "FireDiscoveryDateTime": 1785510120000,
        "DiscoveryAcres": 50,
        "POOCounty": "McKinley",
        "POOState": "US-NM",
        "FireCause": "Natural",
        "FireCauseGeneral": null,
        "GACC": "SWCC",
        "TotalIncidentPersonnel": 4,
        "IncidentManagementOrganization": "Type 5 IC",
        "FireMgmtComplexity": null,
        "ResidencesDestroyed": null,
        "OtherStructuresDestroyed": null,
        "Injuries": null,
        "Fatalities": null,
        "PredominantFuelGroup": null,
        "PredominantFuelModel": null,
        "PrimaryFuelModel": "Timber (Litter and Understory)",
        "ContainmentDateTime": 1786576020000,
        "ControlDateTime": null,
        "FinalAcres": null,
        "IsValid": 1,
        "FireOutDateTime": null,
        "ModifiedOnDateTime": 1786576340000,
        "IncidentTypeKind": "FI",
        "IrwinID": "86610619-6664-42f8-8e99-bca992ef7137",
        "GlobalID": "12c49248-ac29-426e-bd66-77c314dc8b53",
        "ModifiedOnAge": 5,
        "FireDiscoveryAge": 17
      }
    },
    {
      "type": "Feature",
      "id": 151,
      "geometry": {
        "type": "Point",
        "coordinates": [
          -116.8869,
          44.9956000000001
        ]
      },
      "properties": {
        "OBJECTID": 151,
        "IncidentName": "Bob Creek",
        "IncidentTypeCategory": "WF",
        "UniqueFireIdentifier": "2026-ORVAD-000402",
        "DailyAcres": 851,
        "CalculatedAcres": 850.71875008,
        "PercentContained": 100,
        "ICS209ReportDateTime": 1786147214000,
        "FireDiscoveryDateTime": 1785019680000,
        "DiscoveryAcres": 10,
        "POOCounty": "Baker",
        "POOState": "US-OR",
        "FireCause": "Undetermined",
        "FireCauseGeneral": null,
        "GACC": "NWCC",
        "TotalIncidentPersonnel": 1,
        "IncidentManagementOrganization": "Complex Incident Management Team",
        "FireMgmtComplexity": null,
        "ResidencesDestroyed": null,
        "OtherStructuresDestroyed": null,
        "Injuries": null,
        "Fatalities": null,
        "PredominantFuelGroup": null,
        "PredominantFuelModel": null,
        "PrimaryFuelModel": "Short Grass (1 foot)",
        "ContainmentDateTime": null,
        "ControlDateTime": null,
        "FinalAcres": null,
        "IsValid": 1,
        "FireOutDateTime": null,
        "ModifiedOnDateTime": 1786387340000,
        "IncidentTypeKind": "FI",
        "IrwinID": "62dc997c-ce90-4ce0-a720-0138cc229e55",
        "GlobalID": "74cdcc39-1ff1-497c-9b80-cf538ef55d8d",
        "ModifiedOnAge": 7,
        "FireDiscoveryAge": 23
      }
    },
    {
      "type": "Feature",
      "id": 200,
      "geometry": {
        "type": "Point",
        "coordinates": [
          -118.158917,
          48.0884500000001
        ]
      },
      "properties": {
        "OBJECTID": 200,
        "IncidentName": "HUDSPETH",
        "IncidentTypeCategory": "WF",
        "UniqueFireIdentifier": "2026-WANES-001860",
        "DailyAcres": 6726,
        "CalculatedAcres": null,
        "PercentContained": 98,
        "ICS209ReportDateTime": 1787012662000,
        "FireDiscoveryDateTime": 1785626233000,
        "DiscoveryAcres": 1,
        "POOCounty": "Stevens",
        "POOState": "US-WA",
        "FireCause": "Undetermined",
        "FireCauseGeneral": null,
        "GACC": "NWCC",
        "TotalIncidentPersonnel": 31,
        "IncidentManagementOrganization": "Type 4 IC",
        "FireMgmtComplexity": null,
        "ResidencesDestroyed": null,
        "OtherStructuresDestroyed": 1,
        "Injuries": 5,
        "Fatalities": null,
        "PredominantFuelGroup": null,
        "PredominantFuelModel": null,
        "PrimaryFuelModel": "Timber (Grass and Understory)",
        "ContainmentDateTime": null,
        "ControlDateTime": null,
        "FinalAcres": null,
        "IsValid": 1,
        "FireOutDateTime": null,
        "ModifiedOnDateTime": 1787012662000,
        "IncidentTypeKind": "FI",
        "IrwinID": "51a10032-2a86-4517-8784-028db6bdac56",
        "GlobalID": "061d1714-7850-4028-997a-3c8152c1e36f",
        "ModifiedOnAge": 0,
        "FireDiscoveryAge": 16
      }
    },
    {
      "type": "Feature",
      "id": 100,
      "geometry": {
        "type": "Point",
        "coordinates": [
          -107.071167,
          45.172
        ]
      },
      "properties": {
        "OBJECTID": 100,
        "IncidentName": "WEST SPRING CREEK",
        "IncidentTypeCategory": "WF",
        "UniqueFireIdentifier": "2026-MTLG22-260809",
        "DailyAcres": 131.35,
        "CalculatedAcres": null,
        "PercentContained": null,
        "ICS209ReportDateTime": null,
        "FireDiscoveryDateTime": 1784324354000,
        "DiscoveryAcres": 20,
        "POOCounty": "Big Horn",
        "POOState": "US-MT",
        "FireCause": "Undetermined",
        "FireCauseGeneral": null,
        "GACC": "NRCC",
        "TotalIncidentPersonnel": null,
        "IncidentManagementOrganization": null,
        "FireMgmtComplexity": null,
        "ResidencesDestroyed": null,
        "OtherStructuresDestroyed": null,
        "Injuries": null,
        "Fatalities": null,
        "PredominantFuelGroup": null,
        "PredominantFuelModel": null,
        "PrimaryFuelModel": null,
        "ContainmentDateTime": null,
        "ControlDateTime": null,
        "FinalAcres": null,
        "IsValid": 1,
        "FireOutDateTime": null,
        "ModifiedOnDateTime": 1786999901000,
        "IncidentTypeKind": "FI",
        "IrwinID": "2e246597-1f93-4c75-9438-4fc7291dcb71",
        "GlobalID": "7bad844a-19ef-4f88-bc65-1ae1af32b7b1",
        "ModifiedOnAge": 0,
        "FireDiscoveryAge": 31
      }
    }
  ]
}
